,race_type,course_len,ground_state,class,avg_time
0,芝,1200,全,all,67700
1,芝,1200,良,all,67700
2,芝,1200,稍重,all,
3,芝,1200,重,all,
4,芝,1200,不,all,
5,芝,1200,全,未勝利,67950
6,芝,1200,良,未勝利,67950
7,芝,1200,稍重,未勝利,
8,芝,1200,重,未勝利,
9,芝,1200,不,未勝利,
10,芝,1200,全,新馬,
11,芝,1200,良,新馬,
12,芝,1200,稍重,新馬,
13,芝,1200,重,新馬,
14,芝,1200,不,新馬,
15,芝,1200,全,1勝クラス,67650
16,芝,1200,良,1勝クラス,67650
17,芝,1200,稍重,1勝クラス,
18,芝,1200,重,1勝クラス,
19,芝,1200,不,1勝クラス,
20,芝,1200,全,2勝クラス,67833
21,芝,1200,良,2勝クラス,67833
22,芝,1200,稍重,2勝クラス,
23,芝,1200,重,2勝クラス,
24,芝,1200,不,2勝クラス,
25,芝,1200,全,3勝クラス,66800
26,芝,1200,良,3勝クラス,66800
27,芝,1200,稍重,3勝クラス,
28,芝,1200,重,3勝クラス,
29,芝,1200,不,3勝クラス,
30,芝,1200,全,オープン,67725
31,芝,1200,良,オープン,67725
32,芝,1200,稍重,オープン,
33,芝,1200,重,オープン,
34,芝,1200,不,オープン,
35,芝,1400,全,all,80815
36,芝,1400,良,all,80838
37,芝,1400,稍重,all,80400
38,芝,1400,重,all,
39,芝,1400,不,all,
40,芝,1400,全,未勝利,81016
41,芝,1400,良,未勝利,81140
42,芝,1400,稍重,未勝利,80400
43,芝,1400,重,未勝利,
44,芝,1400,不,未勝利,
45,芝,1400,全,新馬,
46,芝,1400,良,新馬,
47,芝,1400,稍重,新馬,
48,芝,1400,重,新馬,
49,芝,1400,不,新馬,
50,芝,1400,全,1勝クラス,80425
51,芝,1400,良,1勝クラス,80425
52,芝,1400,稍重,1勝クラス,
53,芝,1400,重,1勝クラス,
54,芝,1400,不,1勝クラス,
55,芝,1400,全,2勝クラス,81350
56,芝,1400,良,2勝クラス,81350
57,芝,1400,稍重,2勝クラス,
58,芝,1400,重,2勝クラス,
59,芝,1400,不,2勝クラス,
60,芝,1400,全,3勝クラス,81000
61,芝,1400,良,3勝クラス,81000
62,芝,1400,稍重,3勝クラス,
63,芝,1400,重,3勝クラス,
64,芝,1400,不,3勝クラス,
65,芝,1400,全,オープン,80100
66,芝,1400,良,オープン,80100
67,芝,1400,稍重,オープン,
68,芝,1400,重,オープン,
69,芝,1400,不,オープン,
70,芝,1600,全,all,93831
71,芝,1600,良,all,93827
72,芝,1600,稍重,all,94000
73,芝,1600,重,all,
74,芝,1600,不,all,
75,芝,1600,全,未勝利,94008
76,芝,1600,良,未勝利,94009
77,芝,1600,稍重,未勝利,94000
78,芝,1600,重,未勝利,
79,芝,1600,不,未勝利,
80,芝,1600,全,新馬,96233
81,芝,1600,良,新馬,96233
82,芝,1600,稍重,新馬,
83,芝,1600,重,新馬,
84,芝,1600,不,新馬,
85,芝,1600,全,1勝クラス,93880
86,芝,1600,良,1勝クラス,93880
87,芝,1600,稍重,1勝クラス,
88,芝,1600,重,1勝クラス,
89,芝,1600,不,1勝クラス,
90,芝,1600,全,2勝クラス,92975
91,芝,1600,良,2勝クラス,92975
92,芝,1600,稍重,2勝クラス,
93,芝,1600,重,2勝クラス,
94,芝,1600,不,2勝クラス,
95,芝,1600,全,3勝クラス,92733
96,芝,1600,良,3勝クラス,92733
97,芝,1600,稍重,3勝クラス,
98,芝,1600,重,3勝クラス,
99,芝,1600,不,3勝クラス,
100,芝,1600,全,オープン,93316
101,芝,1600,良,オープン,93316
102,芝,1600,稍重,オープン,
103,芝,1600,重,オープン,
104,芝,1600,不,オープン,
105,芝,1800,全,all,106342
106,芝,1800,良,all,106342
107,芝,1800,稍重,all,
108,芝,1800,重,all,
109,芝,1800,不,all,
110,芝,1800,全,未勝利,106385
111,芝,1800,良,未勝利,106385
112,芝,1800,稍重,未勝利,
113,芝,1800,重,未勝利,
114,芝,1800,不,未勝利,
115,芝,1800,全,新馬,110500
116,芝,1800,良,新馬,110500
117,芝,1800,稍重,新馬,
118,芝,1800,重,新馬,
119,芝,1800,不,新馬,
120,芝,1800,全,1勝クラス,105950
121,芝,1800,良,1勝クラス,105950
122,芝,1800,稍重,1勝クラス,
123,芝,1800,重,1勝クラス,
124,芝,1800,不,1勝クラス,
125,芝,1800,全,2勝クラス,106433
126,芝,1800,良,2勝クラス,106433
127,芝,1800,稍重,2勝クラス,
128,芝,1800,重,2勝クラス,
129,芝,1800,不,2勝クラス,
130,芝,1800,全,3勝クラス,103700
131,芝,1800,良,3勝クラス,103700
132,芝,1800,稍重,3勝クラス,
133,芝,1800,重,3勝クラス,
134,芝,1800,不,3勝クラス,
135,芝,1800,全,オープン,106166
136,芝,1800,良,オープン,106166
137,芝,1800,稍重,オープン,
138,芝,1800,重,オープン,
139,芝,1800,不,オープン,
140,芝,2000,全,all,120640
141,芝,2000,良,all,120640
142,芝,2000,稍重,all,
143,芝,2000,重,all,
144,芝,2000,不,all,
145,芝,2000,全,未勝利,120880
146,芝,2000,良,未勝利,120880
147,芝,2000,稍重,未勝利,
148,芝,2000,重,未勝利,
149,芝,2000,不,未勝利,
150,芝,2000,全,新馬,123450
151,芝,2000,良,新馬,123450
152,芝,2000,稍重,新馬,
153,芝,2000,重,新馬,
154,芝,2000,不,新馬,
155,芝,2000,全,1勝クラス,120050
156,芝,2000,良,1勝クラス,120050
157,芝,2000,稍重,1勝クラス,
158,芝,2000,重,1勝クラス,
159,芝,2000,不,1勝クラス,
160,芝,2000,全,2勝クラス,120020
161,芝,2000,良,2勝クラス,120020
162,芝,2000,稍重,2勝クラス,
163,芝,2000,重,2勝クラス,
164,芝,2000,不,2勝クラス,
165,芝,2000,全,3勝クラス,120000
166,芝,2000,良,3勝クラス,120000
167,芝,2000,稍重,3勝クラス,
168,芝,2000,重,3勝クラス,
169,芝,2000,不,3勝クラス,
170,芝,2000,全,オープン,121200
171,芝,2000,良,オープン,121200
172,芝,2000,稍重,オープン,
173,芝,2000,重,オープン,
174,芝,2000,不,オープン,
175,芝,2200,全,all,132555
176,芝,2200,良,all,132555
177,芝,2200,稍重,all,
178,芝,2200,重,all,
179,芝,2200,不,all,
180,芝,2200,全,未勝利,134100
181,芝,2200,良,未勝利,134100
182,芝,2200,稍重,未勝利,
183,芝,2200,重,未勝利,
184,芝,2200,不,未勝利,
185,芝,2200,全,新馬,
186,芝,2200,良,新馬,
187,芝,2200,稍重,新馬,
188,芝,2200,重,新馬,
189,芝,2200,不,新馬,
190,芝,2200,全,1勝クラス,131600
191,芝,2200,良,1勝クラス,131600
192,芝,2200,稍重,1勝クラス,
193,芝,2200,重,1勝クラス,
194,芝,2200,不,1勝クラス,
195,芝,2200,全,2勝クラス,131400
196,芝,2200,良,2勝クラス,131400
197,芝,2200,稍重,2勝クラス,
198,芝,2200,重,2勝クラス,
199,芝,2200,不,2勝クラス,
200,芝,2200,全,3勝クラス,133500
201,芝,2200,良,3勝クラス,133500
202,芝,2200,稍重,3勝クラス,
203,芝,2200,重,3勝クラス,
204,芝,2200,不,3勝クラス,
205,芝,2200,全,オープン,131300
206,芝,2200,良,オープン,131300
207,芝,2200,稍重,オープン,
208,芝,2200,重,オープン,
209,芝,2200,不,オープン,
210,芝,2400,全,all,145476
211,芝,2400,良,all,145476
212,芝,2400,稍重,all,
213,芝,2400,重,all,
214,芝,2400,不,all,
215,芝,2400,全,未勝利,146240
216,芝,2400,良,未勝利,146240
217,芝,2400,稍重,未勝利,
218,芝,2400,重,未勝利,
219,芝,2400,不,未勝利,
220,芝,2400,全,新馬,
221,芝,2400,良,新馬,
222,芝,2400,稍重,新馬,
223,芝,2400,重,新馬,
224,芝,2400,不,新馬,
225,芝,2400,全,1勝クラス,146000
226,芝,2400,良,1勝クラス,146000
227,芝,2400,稍重,1勝クラス,
228,芝,2400,重,1勝クラス,
229,芝,2400,不,1勝クラス,
230,芝,2400,全,2勝クラス,144333
231,芝,2400,良,2勝クラス,144333
232,芝,2400,稍重,2勝クラス,
233,芝,2400,重,2勝クラス,
234,芝,2400,不,2勝クラス,
235,芝,2400,全,3勝クラス,143300
236,芝,2400,良,3勝クラス,143300
237,芝,2400,稍重,3勝クラス,
238,芝,2400,重,3勝クラス,
239,芝,2400,不,3勝クラス,
240,芝,2400,全,オープン,145700
241,芝,2400,良,オープン,145700
242,芝,2400,稍重,オープン,
243,芝,2400,重,オープン,
244,芝,2400,不,オープン,
245,芝,3000,全,all,187500
246,芝,3000,良,all,187500
247,芝,3000,稍重,all,
248,芝,3000,重,all,
249,芝,3000,不,all,
250,芝,3000,全,未勝利,
251,芝,3000,良,未勝利,
252,芝,3000,稍重,未勝利,
253,芝,3000,重,未勝利,
254,芝,3000,不,未勝利,
255,芝,3000,全,新馬,
256,芝,3000,良,新馬,
257,芝,3000,稍重,新馬,
258,芝,3000,重,新馬,
259,芝,3000,不,新馬,
260,芝,3000,全,1勝クラス,
261,芝,3000,良,1勝クラス,
262,芝,3000,稍重,1勝クラス,
263,芝,3000,重,1勝クラス,
264,芝,3000,不,1勝クラス,
265,芝,3000,全,2勝クラス,
266,芝,3000,良,2勝クラス,
267,芝,3000,稍重,2勝クラス,
268,芝,3000,重,2勝クラス,
269,芝,3000,不,2勝クラス,
270,芝,3000,全,3勝クラス,
271,芝,3000,良,3勝クラス,
272,芝,3000,稍重,3勝クラス,
273,芝,3000,重,3勝クラス,
274,芝,3000,不,3勝クラス,
275,芝,3000,全,オープン,187500
276,芝,3000,良,オープン,187500
277,芝,3000,稍重,オープン,
278,芝,3000,重,オープン,
279,芝,3000,不,オープン,
280,芝,3200,全,all,193700
281,芝,3200,良,all,193700
282,芝,3200,稍重,all,
283,芝,3200,重,all,
284,芝,3200,不,all,
285,芝,3200,全,未勝利,
286,芝,3200,良,未勝利,
287,芝,3200,稍重,未勝利,
288,芝,3200,重,未勝利,
289,芝,3200,不,未勝利,
290,芝,3200,全,新馬,
291,芝,3200,良,新馬,
292,芝,3200,稍重,新馬,
293,芝,3200,重,新馬,
294,芝,3200,不,新馬,
295,芝,3200,全,1勝クラス,
296,芝,3200,良,1勝クラス,
297,芝,3200,稍重,1勝クラス,
298,芝,3200,重,1勝クラス,
299,芝,3200,不,1勝クラス,
300,芝,3200,全,2勝クラス,
301,芝,3200,良,2勝クラス,
302,芝,3200,稍重,2勝クラス,
303,芝,3200,重,2勝クラス,
304,芝,3200,不,2勝クラス,
305,芝,3200,全,3勝クラス,
306,芝,3200,良,3勝クラス,
307,芝,3200,稍重,3勝クラス,
308,芝,3200,重,3勝クラス,
309,芝,3200,不,3勝クラス,
310,芝,3200,全,オープン,193700
311,芝,3200,良,オープン,193700
312,芝,3200,稍重,オープン,
313,芝,3200,重,オープン,
314,芝,3200,不,オープン,
315,ダート,1200,全,all,72430
316,ダート,1200,良,all,72566
317,ダート,1200,稍重,all,71800
318,ダート,1200,重,all,71500
319,ダート,1200,不,all,
320,ダート,1200,全,未勝利,72878
321,ダート,1200,良,未勝利,73127
322,ダート,1200,稍重,未勝利,72200
323,ダート,1200,重,未勝利,71500
324,ダート,1200,不,未勝利,
325,ダート,1200,全,新馬,74500
326,ダート,1200,良,新馬,74500
327,ダート,1200,稍重,新馬,
328,ダート,1200,重,新馬,
329,ダート,1200,不,新馬,
330,ダート,1200,全,1勝クラス,72462
331,ダート,1200,良,1勝クラス,72428
332,ダート,1200,稍重,1勝クラス,72700
333,ダート,1200,重,1勝クラス,
334,ダート,1200,不,1勝クラス,
335,ダート,1200,全,2勝クラス,72000
336,ダート,1200,良,2勝クラス,72083
337,ダート,1200,稍重,2勝クラス,71500
338,ダート,1200,重,2勝クラス,
339,ダート,1200,不,2勝クラス,
340,ダート,1200,全,3勝クラス,71066
341,ダート,1200,良,3勝クラス,71066
342,ダート,1200,稍重,3勝クラス,
343,ダート,1200,重,3勝クラス,
344,ダート,1200,不,3勝クラス,
345,ダート,1200,全,オープン,70650
346,ダート,1200,良,オープン,70900
347,ダート,1200,稍重,オープン,70400
348,ダート,1200,重,オープン,
349,ダート,1200,不,オープン,
350,ダート,1400,全,all,85136
351,ダート,1400,良,all,85348
352,ダート,1400,稍重,all,84311
353,ダート,1400,重,all,
354,ダート,1400,不,all,
355,ダート,1400,全,未勝利,85700
356,ダート,1400,良,未勝利,85928
357,ダート,1400,稍重,未勝利,84633
358,ダート,1400,重,未勝利,
359,ダート,1400,不,未勝利,
360,ダート,1400,全,新馬,86466
361,ダート,1400,良,新馬,86466
362,ダート,1400,稍重,新馬,
363,ダート,1400,重,新馬,
364,ダート,1400,不,新馬,
365,ダート,1400,全,1勝クラス,84953
366,ダート,1400,良,1勝クラス,85090
367,ダート,1400,稍重,1勝クラス,84575
368,ダート,1400,重,1勝クラス,
369,ダート,1400,不,1勝クラス,
370,ダート,1400,全,2勝クラス,84600
371,ダート,1400,良,2勝クラス,84775
372,ダート,1400,稍重,2勝クラス,83900
373,ダート,1400,重,2勝クラス,
374,ダート,1400,不,2勝クラス,
375,ダート,1400,全,3勝クラス,83300
376,ダート,1400,良,3勝クラス,83900
377,ダート,1400,稍重,3勝クラス,82700
378,ダート,1400,重,3勝クラス,
379,ダート,1400,不,3勝クラス,
380,ダート,1400,全,オープン,82900
381,ダート,1400,良,オープン,82900
382,ダート,1400,稍重,オープン,
383,ダート,1400,重,オープン,
384,ダート,1400,不,オープン,
385,ダート,1800,全,all,113515
386,ダート,1800,良,all,113580
387,ダート,1800,稍重,all,113200
388,ダート,1800,重,all,112600
389,ダート,1800,不,all,
390,ダート,1800,全,未勝利,114542
391,ダート,1800,良,未勝利,114643
392,ダート,1800,稍重,未勝利,114450
393,ダート,1800,重,未勝利,112600
394,ダート,1800,不,未勝利,
395,ダート,1800,全,新馬,115216
396,ダート,1800,良,新馬,115200
397,ダート,1800,稍重,新馬,115300
398,ダート,1800,重,新馬,
399,ダート,1800,不,新馬,
400,ダート,1800,全,1勝クラス,113152
401,ダート,1800,良,1勝クラス,113272
402,ダート,1800,稍重,1勝クラス,112433
403,ダート,1800,重,1勝クラス,
404,ダート,1800,不,1勝クラス,
405,ダート,1800,全,2勝クラス,112250
406,ダート,1800,良,2勝クラス,112411
407,ダート,1800,稍重,2勝クラス,110800
408,ダート,1800,重,2勝クラス,
409,ダート,1800,不,2勝クラス,
410,ダート,1800,全,3勝クラス,111840
411,ダート,1800,良,3勝クラス,112100
412,ダート,1800,稍重,3勝クラス,110800
413,ダート,1800,重,3勝クラス,
414,ダート,1800,不,3勝クラス,
415,ダート,1800,全,オープン,110066
416,ダート,1800,良,オープン,110066
417,ダート,1800,稍重,オープン,
418,ダート,1800,重,オープン,
419,ダート,1800,不,オープン,
420,ダート,1900,全,all,120284
421,ダート,1900,良,all,120485
422,ダート,1900,稍重,all,119440
423,ダート,1900,重,all,
424,ダート,1900,不,all,
425,ダート,1900,全,未勝利,121675
426,ダート,1900,良,未勝利,121700
427,ダート,1900,稍重,未勝利,121550
428,ダート,1900,重,未勝利,
429,ダート,1900,不,未勝利,
430,ダート,1900,全,新馬,
431,ダート,1900,良,新馬,
432,ダート,1900,稍重,新馬,
433,ダート,1900,重,新馬,
434,ダート,1900,不,新馬,
435,ダート,1900,全,1勝クラス,120000
436,ダート,1900,良,1勝クラス,120000
437,ダート,1900,稍重,1勝クラス,
438,ダート,1900,重,1勝クラス,
439,ダート,1900,不,1勝クラス,
440,ダート,1900,全,2勝クラス,118933
441,ダート,1900,良,2勝クラス,118550
442,ダート,1900,稍重,2勝クラス,119700
443,ダート,1900,重,2勝クラス,
444,ダート,1900,不,2勝クラス,
445,ダート,1900,全,3勝クラス,118900
446,ダート,1900,良,3勝クラス,118900
447,ダート,1900,稍重,3勝クラス,
448,ダート,1900,重,3勝クラス,
449,ダート,1900,不,3勝クラス,
450,ダート,1900,全,オープン,117566
451,ダート,1900,良,オープン,118300
452,ダート,1900,稍重,オープン,117200
453,ダート,1900,重,オープン,
454,ダート,1900,不,オープン,
