,着順,枠番,馬番,馬名,性齢,斤量,騎手,タイム,着差,通過,上り,単勝,人気,馬体重,調教師,course_len,weather,race_type,ground_state,date,class,horse_id,jockey_id
202605020109,1,6,6,ダノンミッション,牡4,58,レーン,0:1:45.1,,3-3-3,33.5,1.7,1,490,[東]堀宣行,1800,晴,芝,良,2026年04月25日,2勝クラス,2022105478,05585
202605020109,2,8,9,ノビリシマビジョン,牝4,56,ルメール,0:1:45.1,クビ,5-5-5,33.2,4.8,3,500,[東]青木孝文,1800,晴,芝,良,2026年04月25日,2勝クラス,2022105057,05339
202605020109,3,7,7,ビーオンザカバー,牡4,58,戸崎圭太,0:1:45.3,1.1/4,9-9-9,32.9,4.5,2,482,[東]伊藤圭三,1800,晴,芝,良,2026年04月25日,2勝クラス,2022105388,05386
202605020109,4,5,5,オメガインペリアル,牡5,58,坂井瑠星,0:1:45.5,1.1/4,1-1-1,34.2,20.8,5,474,[西]安田翔伍,1800,晴,芝,良,2026年04月25日,2勝クラス,2021110078,01163
202605020109,5,2,2,アルゲンテウス,セ7,58,横山和生,0:1:45.6,3/4,7-7-7,33.4,22.3,6,466,[東]小島茂之,1800,晴,芝,良,2026年04月25日,2勝クラス,2019105497,01140
202605020109,6,3,3,マイネルフォルツァ,牡6,58,矢野貴之,0:1:45.7,1/2,5-5-5,33.8,110.3,8,520,[東]金成貴史,1800,晴,芝,良,2026年04月25日,2勝クラス,2020105809,05380
202605020109,7,4,4,レベルスルール,牡4,58,横山武史,0:1:45.8,クビ,7-7-7,33.7,7.5,4,498,[西]池江泰寿,1800,晴,芝,良,2026年04月25日,2勝クラス,2022105868,01170
202605020109,8,1,1,ヤコブセン,牡4,58,岩田康誠,0:1:46.2,2.1/2,3-3-3,34.6,92.0,7,508,[東]斎藤誠,1800,晴,芝,良,2026年04月25日,2勝クラス,2022103288,05203
202605020109,9,8,8,コスモスプモーニ,牡6,58,木幡巧也,0:1:47.6,8,2-2-2,36.2,224.1,9,488,[東]松山将樹,1800,晴,芝,良,2026年04月25日,2勝クラス,2020101261,01162
