,race_id,f_course1,f_course2,f_course3,f_courseout,mf_course1,mf_course2,mf_course3,mf_courseout,f_mf_course1,f_mf_course2,f_mf_course3,f_mf_courseout,f_len1,f_len2,f_len3,f_lenout,mf_len1,mf_len2,mf_len3,mf_classout,f_mf_len1,f_mf_len2,f_mf_len3,f_mf_classout,f_class1,f_class2,f_class3,f_classout,mf_class1,mf_class2,mf_class3,mf_classout,f_mf_class1,f_mf_class2,f_mf_class3,f_mf_classout,time_df_course1,time_df_class1,ninki_1,result_1,time_df_course2,time_df_class2,ninki_2,result_2,time_df_course3,time_df_class3,ninki_3,result_3,waku,umaban
0,202609010105,4.0,1.0,5.0,18.0,0.0,2.0,1.0,9.0,0.0,0.0,1.0,3.0,1.0,0.0,2.0,5.0,0.0,1.0,0.0,3.0,0.0,0.0,0.0,1.0,0.0,0.0,0.0,2.0,0.0,0.0,0.0,2.0,0.0,0.0,0.0,0.0,0.0,0.0,9.0,3.0,0.0,0.0,12.0,5.0,0.0,0.0,4.0,5.0,2,3
1,202609010105,7.0,10.0,19.0,102.0,2.0,2.0,0.0,3.0,2.0,2.0,0.0,3.0,4.0,7.0,7.0,41.0,2.0,2.0,0.0,2.0,2.0,2.0,0.0,2.0,2.0,2.0,4.0,20.0,1.0,1.0,0.0,0.0,1.0,1.0,0.0,0.0,0.0,0.0,1.0,10.0,0.0,0.0,2.0,2.0,0.0,0.0,4.0,3.0,7,15
2,202609010105,0.0,0.0,0.0,1.0,21.0,14.0,11.0,212.0,0.0,0.0,0.0,0.0,0.0,0.0,0.0,0.0,4.0,6.0,3.0,67.0,0.0,0.0,0.0,0.0,0.0,0.0,0.0,0.0,1.0,3.0,1.0,15.0,0.0,0.0,0.0,0.0,0.0,0.0,4.0,6.0,0.0,0.0,7.0,13.0,0.0,0.0,5.0,10.0,8,16
3,202609010105,3.0,2.0,4.0,21.0,60.0,67.0,73.0,526.0,0.0,0.0,0.0,0.0,2.0,0.0,1.0,7.0,12.0,14.0,14.0,127.0,0.0,0.0,0.0,0.0,1.0,0.0,0.0,2.0,4.0,2.0,5.0,40.0,0.0,0.0,0.0,0.0,0.0,0.0,11.0,2.0,0.0,0.0,6.0,10.0,0.0,0.0,50.0,2.0,5,9
4,202609010105,5.0,8.0,2.0,43.0,7.0,13.0,13.0,141.0,0.0,0.0,0.0,0.0,0.0,0.0,1.0,15.0,4.0,3.0,4.0,35.0,0.0,0.0,0.0,0.0,0.0,0.0,0.0,12.0,2.0,0.0,0.0,8.0,0.0,0.0,0.0,0.0,0.0,0.0,6.0,4.0,,,,,,,,,4,7
5,202609010105,5.0,3.0,3.0,50.0,3.0,5.0,4.0,12.0,0.0,0.0,0.0,0.0,1.0,1.0,1.0,13.0,0.0,0.0,1.0,0.0,0.0,0.0,0.0,0.0,0.0,0.0,0.0,9.0,0.0,0.0,0.0,0.0,0.0,0.0,0.0,0.0,0.0,0.0,1.0,3.0,,,,,,,,,2,4
6,202609010105,5.0,3.0,3.0,50.0,1.0,0.0,0.0,8.0,1.0,0.0,0.0,0.0,1.0,1.0,1.0,13.0,0.0,0.0,0.0,2.0,0.0,0.0,0.0,0.0,0.0,0.0,0.0,9.0,0.0,0.0,0.0,2.0,0.0,0.0,0.0,0.0,0.0,0.0,3.0,6.0,,,,,,,,,3,5
7,202609010105,0.0,1.0,3.0,6.0,20.0,29.0,27.0,299.0,0.0,0.0,0.0,1.0,0.0,0.0,2.0,4.0,5.0,8.0,4.0,73.0,0.0,0.0,0.0,0.0,0.0,0.0,0.0,2.0,3.0,2.0,1.0,24.0,0.0,0.0,0.0,0.0,0.0,0.0,70.0,9.0,,,,,,,,,1,1
8,202609010105,6.0,9.0,6.0,70.0,2.0,1.0,0.0,24.0,0.0,0.0,0.0,0.0,1.0,2.0,2.0,22.0,1.0,1.0,0.0,3.0,0.0,0.0,0.0,0.0,0.0,0.0,0.0,10.0,1.0,1.0,0.0,1.0,0.0,0.0,0.0,0.0,0.0,0.0,12.0,5.0,,,,,,,,,5,10
9,202609010105,20.0,25.0,21.0,187.0,4.0,8.0,5.0,48.0,0.0,0.0,0.0,2.0,7.0,8.0,6.0,69.0,1.0,3.0,2.0,15.0,0.0,0.0,0.0,0.0,2.0,3.0,2.0,28.0,0.0,0.0,1.0,6.0,0.0,0.0,0.0,0.0,0.0,0.0,6.0,7.0,0.0,0.0,6.0,4.0,,,,,7,14
10,202609010105,6.0,4.0,2.0,59.0,0.0,0.0,0.0,5.0,0.0,0.0,0.0,1.0,2.0,0.0,2.0,15.0,0.0,0.0,0.0,3.0,0.0,0.0,0.0,1.0,1.0,0.0,1.0,7.0,0.0,0.0,0.0,1.0,0.0,0.0,0.0,1.0,0.0,0.0,11.0,10.0,0.0,0.0,10.0,8.0,0.0,0.0,16.0,4.0,6,12
11,202609010105,56.0,70.0,62.0,424.0,11.0,5.0,2.0,45.0,0.0,0.0,0.0,0.0,18.0,20.0,17.0,117.0,4.0,1.0,0.0,6.0,0.0,0.0,0.0,0.0,8.0,6.0,7.0,34.0,0.0,1.0,0.0,2.0,0.0,0.0,0.0,0.0,0.0,0.0,10.0,2.0,,,,,,,,,7,13
12,202609010105,3.0,3.0,5.0,18.0,2.0,1.0,0.0,24.0,0.0,0.0,0.0,0.0,1.0,1.0,2.0,9.0,1.0,1.0,0.0,3.0,0.0,0.0,0.0,0.0,0.0,0.0,1.0,3.0,1.0,1.0,0.0,1.0,0.0,0.0,0.0,0.0,0.0,0.0,15.0,3.0,,,,,,,,,8,18
13,202609010105,3.0,3.0,5.0,18.0,14.0,21.0,25.0,233.0,0.0,0.0,0.0,3.0,1.0,1.0,2.0,9.0,4.0,7.0,7.0,71.0,0.0,0.0,0.0,2.0,0.0,0.0,1.0,3.0,2.0,0.0,2.0,18.0,0.0,0.0,0.0,1.0,0.0,0.0,7.0,5.0,0.0,0.0,3.0,5.0,,,,,4,8
14,202609010105,5.0,3.0,3.0,50.0,0.0,0.0,0.0,0.0,0.0,0.0,0.0,0.0,1.0,1.0,1.0,13.0,0.0,0.0,0.0,0.0,0.0,0.0,0.0,0.0,0.0,0.0,0.0,9.0,0.0,0.0,0.0,0.0,0.0,0.0,0.0,0.0,0.0,0.0,4.0,13.0,0.0,0.0,11.0,3.0,,,,,6,11
15,202609010105,1.0,1.0,1.0,11.0,2.0,2.0,2.0,35.0,0.0,0.0,0.0,0.0,0.0,0.0,1.0,4.0,0.0,1.0,0.0,9.0,0.0,0.0,0.0,0.0,0.0,0.0,0.0,2.0,0.0,1.0,0.0,3.0,0.0,0.0,0.0,0.0,0.0,0.0,14.0,11.0,0.0,0.0,10.0,14.0,,,,,1,2
16,202609010105,32.0,23.0,27.0,315.0,60.0,67.0,73.0,526.0,2.0,0.0,2.0,30.0,6.0,0.0,5.0,65.0,12.0,14.0,14.0,127.0,0.0,0.0,0.0,7.0,3.0,0.0,1.0,21.0,4.0,2.0,5.0,40.0,0.0,0.0,0.0,2.0,0.0,0.0,18.0,17.0,0.0,0.0,12.0,11.0,,,,,3,6
17,202609010105,84.0,77.0,65.0,590.0,0.0,0.0,2.0,4.0,0.0,0.0,0.0,0.0,23.0,27.0,23.0,181.0,0.0,0.0,0.0,2.0,0.0,0.0,0.0,0.0,7.0,10.0,8.0,59.0,0.0,0.0,0.0,1.0,0.0,0.0,0.0,0.0,0.0,0.0,4.0,5.0,,,,,,,,,8,17
18,202609010109,56.0,70.0,62.0,424.0,4.0,6.0,6.0,51.0,1.0,0.0,1.0,3.0,18.0,20.0,17.0,117.0,0.0,1.0,0.0,19.0,0.0,0.0,0.0,0.0,1.0,6.0,3.0,26.0,0.0,0.0,0.0,1.0,0.0,0.0,0.0,0.0,0.0,0.0,1.0,1.0,0.0,0.0,1.0,2.0,0.0,0.0,1.0,2.0,7,13
19,202609010109,7.0,10.0,19.0,102.0,6.0,3.0,3.0,34.0,0.0,0.0,0.0,2.0,4.0,7.0,7.0,41.0,3.0,1.0,2.0,8.0,0.0,0.0,0.0,0.0,1.0,0.0,0.0,7.0,0.0,0.0,0.0,2.0,0.0,0.0,0.0,0.0,0.0,0.0,4.0,2.0,0.0,0.0,2.0,13.0,0.0,0.0,10.0,8.0,7,15
20,202609010109,10.0,8.0,4.0,92.0,7.0,16.0,8.0,65.0,0.0,1.0,0.0,1.0,3.0,3.0,1.0,31.0,2.0,5.0,4.0,20.0,0.0,1.0,0.0,1.0,0.0,0.0,1.0,2.0,0.0,0.0,1.0,3.0,0.0,0.0,0.0,0.0,0.0,0.0,14.0,12.0,0.0,0.0,9.0,8.0,0.0,0.0,20.0,11.0,2,4
21,202609010109,5.0,3.0,3.0,50.0,93.0,104.0,82.0,669.0,0.0,1.0,1.0,16.0,1.0,1.0,1.0,13.0,28.0,21.0,20.0,177.0,0.0,0.0,1.0,5.0,0.0,0.0,1.0,2.0,4.0,3.0,5.0,21.0,0.0,0.0,1.0,1.0,0.0,0.0,1.0,9.0,0.0,0.0,20.0,2.0,0.0,0.0,10.0,1.0,8,17
22,202609010109,67.0,46.0,63.0,494.0,2.0,5.0,4.0,12.0,1.0,0.0,1.0,1.0,16.0,8.0,16.0,109.0,1.0,1.0,0.0,4.0,1.0,0.0,0.0,1.0,3.0,2.0,4.0,18.0,1.0,0.0,0.0,2.0,1.0,0.0,0.0,1.0,0.0,0.0,4.0,12.0,0.0,0.0,7.0,11.0,0.0,0.0,4.0,2.0,4,8
23,202609010109,56.0,70.0,62.0,424.0,3.0,3.0,7.0,26.0,1.0,2.0,0.0,3.0,18.0,20.0,17.0,117.0,2.0,1.0,2.0,12.0,1.0,1.0,0.0,2.0,1.0,6.0,3.0,26.0,0.0,0.0,0.0,0.0,0.0,0.0,0.0,0.0,0.0,0.0,1.0,4.0,0.0,0.0,4.0,6.0,0.0,0.0,10.0,1.0,3,6
24,202609010109,2.0,4.0,4.0,36.0,22.0,19.0,20.0,195.0,0.0,0.0,0.0,3.0,0.0,0.0,0.0,13.0,4.0,7.0,3.0,61.0,0.0,0.0,0.0,2.0,0.0,0.0,0.0,1.0,0.0,1.0,0.0,15.0,0.0,0.0,0.0,1.0,0.0,0.0,140.0,16.0,0.0,0.0,100.0,5.0,0.0,0.0,60.0,14.0,8,16
25,202609010109,4.0,4.0,7.0,57.0,5.0,9.0,15.0,60.0,0.0,2.0,1.0,1.0,2.0,3.0,3.0,25.0,3.0,4.0,4.0,19.0,0.0,2.0,1.0,1.0,1.0,3.0,1.0,5.0,1.0,2.0,0.0,7.0,0.0,2.0,0.0,1.0,0.0,0.0,8.0,7.0,0.0,0.0,80.0,13.0,0.0,0.0,30.0,3.0,4,7
26,202609010109,10.0,6.0,7.0,80.0,20.0,12.0,15.0,184.0,0.0,0.0,0.0,4.0,4.0,1.0,1.0,23.0,5.0,2.0,3.0,63.0,0.0,0.0,0.0,2.0,2.0,0.0,0.0,1.0,2.0,0.0,1.0,16.0,0.0,0.0,0.0,0.0,0.0,0.0,16.0,7.0,0.0,0.0,15.0,13.0,0.0,0.0,70.0,10.0,5,10
27,202609010109,2.0,0.0,1.0,24.0,93.0,104.0,82.0,669.0,1.0,0.0,0.0,1.0,1.0,0.0,0.0,9.0,28.0,21.0,20.0,177.0,1.0,0.0,0.0,1.0,0.0,0.0,0.0,3.0,4.0,3.0,5.0,21.0,0.0,0.0,0.0,1.0,0.0,0.0,13.0,4.0,0.0,0.0,11.0,10.0,0.0,0.0,40.0,12.0,1,1
28,202609010109,2.0,2.0,3.0,18.0,9.0,9.0,6.0,87.0,0.0,0.0,0.0,1.0,0.0,0.0,1.0,3.0,1.0,3.0,2.0,24.0,0.0,0.0,0.0,0.0,0.0,0.0,0.0,0.0,0.0,0.0,0.0,2.0,0.0,0.0,0.0,0.0,0.0,0.0,13.0,2.0,0.0,0.0,5.0,4.0,0.0,0.0,17.0,10.0,2,3
29,202609010109,0.0,2.0,0.0,14.0,14.0,15.0,4.0,91.0,0.0,0.0,0.0,0.0,0.0,1.0,0.0,5.0,1.0,2.0,1.0,18.0,0.0,0.0,0.0,0.0,0.0,0.0,0.0,0.0,0.0,0.0,1.0,4.0,0.0,0.0,0.0,0.0,0.0,0.0,10.0,7.0,0.0,0.0,60.0,5.0,0.0,0.0,90.0,5.0,3,5
30,202609010109,56.0,70.0,62.0,424.0,93.0,104.0,82.0,669.0,12.0,19.0,9.0,85.0,18.0,20.0,17.0,117.0,28.0,21.0,20.0,177.0,5.0,2.0,2.0,23.0,1.0,6.0,3.0,26.0,4.0,3.0,5.0,21.0,1.0,1.0,1.0,3.0,0.0,0.0,4.0,13.0,0.0,0.0,1.0,15.0,0.0,0.0,3.0,2.0,6,11
31,202609010109,1.0,1.0,3.0,9.0,1.0,2.0,0.0,0.0,0.0,0.0,0.0,0.0,0.0,0.0,1.0,2.0,0.0,0.0,0.0,0.0,0.0,0.0,0.0,0.0,0.0,0.0,0.0,0.0,0.0,0.0,0.0,0.0,0.0,0.0,0.0,0.0,0.0,0.0,9.0,13.0,0.0,0.0,80.0,5.0,0.0,0.0,30.0,5.0,1,2
32,202609010109,56.0,70.0,62.0,424.0,60.0,67.0,73.0,526.0,10.0,10.0,6.0,47.0,18.0,20.0,17.0,117.0,12.0,14.0,14.0,127.0,2.0,2.0,0.0,13.0,1.0,6.0,3.0,26.0,1.0,0.0,0.0,18.0,0.0,0.0,0.0,3.0,0.0,0.0,10.0,9.0,0.0,0.0,3.0,3.0,0.0,0.0,30.0,8.0,6,12
33,202609010109,2.0,0.0,1.0,24.0,93.0,104.0,82.0,669.0,1.0,0.0,0.0,1.0,1.0,0.0,0.0,9.0,28.0,21.0,20.0,177.0,1.0,0.0,0.0,1.0,0.0,0.0,0.0,3.0,4.0,3.0,5.0,21.0,0.0,0.0,0.0,1.0,0.0,0.0,18.0,16.0,0.0,0.0,70.0,9.0,0.0,0.0,30.0,5.0,5,9
34,202609010109,4.0,8.0,8.0,58.0,93.0,104.0,82.0,669.0,1.0,2.0,2.0,6.0,0.0,3.0,1.0,17.0,28.0,21.0,20.0,177.0,0.0,1.0,0.0,2.0,0.0,1.0,0.0,2.0,4.0,3.0,5.0,21.0,0.0,0.0,0.0,0.0,0.0,0.0,9.0,17.0,0.0,0.0,5.0,5.0,0.0,0.0,1.0,9.0,7,14
35,202609010109,56.0,70.0,62.0,424.0,60.0,67.0,73.0,526.0,10.0,10.0,6.0,47.0,18.0,20.0,17.0,117.0,12.0,14.0,14.0,127.0,2.0,2.0,0.0,13.0,1.0,6.0,3.0,26.0,1.0,0.0,0.0,18.0,0.0,0.0,0.0,3.0,0.0,0.0,100.0,13.0,0.0,0.0,40.0,7.0,0.0,0.0,50.0,6.0,8,18
36,202609010209,1.0,0.0,0.0,1.0,20.0,29.0,27.0,299.0,1.0,0.0,0.0,0.0,0.0,0.0,0.0,1.0,5.0,8.0,4.0,73.0,0.0,0.0,0.0,0.0,0.0,0.0,0.0,0.0,0.0,0.0,2.0,1.0,0.0,0.0,0.0,0.0,0.0,0.0,1.0,12.0,0.0,0.0,4.0,4.0,0.0,0.0,5.0,3.0,4,4
37,202609010209,10.0,6.0,7.0,80.0,4.0,8.0,5.0,48.0,1.0,1.0,1.0,2.0,4.0,1.0,1.0,23.0,1.0,3.0,2.0,15.0,1.0,1.0,1.0,2.0,0.0,1.0,1.0,2.0,0.0,1.0,1.0,1.0,0.0,1.0,1.0,1.0,0.0,0.0,2.0,5.0,0.0,0.0,1.0,3.0,0.0,0.0,20.0,3.0,8,9
38,202609010209,0.0,1.0,0.0,2.0,17.0,9.0,8.0,78.0,0.0,1.0,0.0,2.0,0.0,1.0,0.0,0.0,4.0,4.0,2.0,21.0,0.0,1.0,0.0,0.0,0.0,1.0,0.0,0.0,1.0,1.0,0.0,0.0,0.0,1.0,0.0,0.0,0.0,0.0,2.0,2.0,0.0,0.0,2.0,5.0,0.0,0.0,3.0,2.0,2,2
39,202609010209,7.0,10.0,19.0,102.0,0.0,1.0,1.0,0.0,0.0,1.0,1.0,0.0,4.0,7.0,7.0,41.0,0.0,1.0,0.0,0.0,0.0,1.0,0.0,0.0,0.0,2.0,0.0,0.0,0.0,1.0,0.0,0.0,0.0,1.0,0.0,0.0,0.0,0.0,4.0,2.0,0.0,0.0,80.0,3.0,0.0,0.0,30.0,6.0,8,10
40,202609010209,67.0,46.0,63.0,494.0,2.0,2.0,4.0,8.0,2.0,2.0,2.0,6.0,16.0,8.0,16.0,109.0,1.0,0.0,1.0,2.0,1.0,0.0,1.0,1.0,1.0,1.0,6.0,13.0,0.0,0.0,0.0,0.0,0.0,0.0,0.0,0.0,0.0,0.0,15.0,11.0,0.0,0.0,10.0,12.0,0.0,0.0,60.0,6.0,1,1
41,202609010209,4.0,5.0,1.0,24.0,60.0,67.0,73.0,526.0,1.0,0.0,0.0,2.0,0.0,0.0,0.0,5.0,12.0,14.0,14.0,127.0,0.0,0.0,0.0,0.0,0.0,0.0,0.0,0.0,2.0,0.0,0.0,7.0,0.0,0.0,0.0,0.0,0.0,0.0,7.0,17.0,0.0,0.0,6.0,11.0,0.0,0.0,10.0,1.0,7,7
42,202609010209,13.0,9.0,15.0,75.0,0.0,0.0,0.0,0.0,0.0,0.0,0.0,0.0,0.0,2.0,4.0,18.0,0.0,0.0,0.0,0.0,0.0,0.0,0.0,0.0,0.0,0.0,0.0,0.0,0.0,0.0,0.0,0.0,0.0,0.0,0.0,0.0,0.0,0.0,8.0,9.0,0.0,0.0,7.0,11.0,0.0,0.0,50.0,1.0,5,5
43,202609010209,16.0,10.0,13.0,122.0,6.0,3.0,3.0,34.0,0.0,0.0,0.0,1.0,3.0,2.0,3.0,45.0,3.0,1.0,2.0,8.0,0.0,0.0,0.0,0.0,1.0,0.0,0.0,0.0,0.0,0.0,0.0,0.0,0.0,0.0,0.0,0.0,0.0,0.0,7.0,3.0,0.0,0.0,50.0,4.0,0.0,0.0,90.0,7.0,3,3
44,202609010209,56.0,70.0,62.0,424.0,2.0,2.0,0.0,12.0,0.0,0.0,0.0,0.0,18.0,20.0,17.0,117.0,1.0,0.0,0.0,4.0,0.0,0.0,0.0,0.0,3.0,2.0,1.0,7.0,0.0,0.0,0.0,0.0,0.0,0.0,0.0,0.0,0.0,0.0,50.0,12.0,0.0,0.0,40.0,5.0,0.0,0.0,70.0,6.0,6,6
45,202609010209,0.0,0.0,0.0,7.0,9.0,11.0,15.0,149.0,0.0,0.0,0.0,1.0,0.0,0.0,0.0,2.0,5.0,3.0,6.0,35.0,0.0,0.0,0.0,1.0,0.0,0.0,0.0,0.0,1.0,0.0,1.0,1.0,0.0,0.0,0.0,0.0,0.0,0.0,10.0,10.0,0.0,0.0,6.0,8.0,0.0,0.0,14.0,14.0,7,8
46,202609010411,1.0,2.0,2.0,5.0,2.0,0.0,4.0,15.0,1.0,0.0,1.0,0.0,0.0,0.0,1.0,3.0,1.0,0.0,1.0,2.0,0.0,0.0,1.0,0.0,0.0,0.0,1.0,0.0,0.0,0.0,1.0,0.0,0.0,0.0,1.0,0.0,0.0,0.0,2.0,1.0,0.0,0.0,6.0,3.0,0.0,0.0,30.0,3.0,7,13
47,202609010411,1.0,1.0,1.0,11.0,0.0,1.0,0.0,2.0,0.0,1.0,0.0,1.0,0.0,0.0,1.0,4.0,0.0,0.0,0.0,0.0,0.0,0.0,0.0,0.0,0.0,0.0,0.0,0.0,0.0,0.0,0.0,0.0,0.0,0.0,0.0,0.0,0.0,0.0,7.0,1.0,0.0,0.0,6.0,1.0,0.0,0.0,5.0,2.0,8,14
48,202609010411,56.0,70.0,62.0,424.0,93.0,104.0,82.0,669.0,12.0,19.0,9.0,85.0,18.0,20.0,17.0,117.0,28.0,21.0,20.0,177.0,5.0,2.0,2.0,23.0,3.0,2.0,3.0,25.0,3.0,5.0,5.0,41.0,1.0,0.0,0.0,5.0,0.0,0.0,1.0,5.0,0.0,0.0,10.0,1.0,0.0,0.0,10.0,1.0,7,12
49,202609010411,77.0,78.0,60.0,470.0,2.0,1.0,0.0,24.0,1.0,0.0,0.0,0.0,17.0,17.0,12.0,119.0,1.0,1.0,0.0,3.0,1.0,0.0,0.0,0.0,2.0,1.0,4.0,29.0,0.0,0.0,0.0,1.0,0.0,0.0,0.0,0.0,0.0,0.0,4.0,4.0,0.0,0.0,3.0,1.0,0.0,0.0,3.0,4.0,4,6
50,202609010411,17.0,12.0,18.0,149.0,1.0,1.0,2.0,4.0,0.0,0.0,0.0,0.0,4.0,3.0,3.0,41.0,0.0,0.0,2.0,1.0,0.0,0.0,0.0,0.0,2.0,1.0,2.0,4.0,0.0,0.0,1.0,0.0,0.0,0.0,0.0,0.0,0.0,0.0,10.0,5.0,0.0,0.0,7.0,1.0,0.0,0.0,60.0,6.0,6,11
51,202609010411,56.0,70.0,62.0,424.0,93.0,104.0,82.0,669.0,12.0,19.0,9.0,85.0,18.0,20.0,17.0,117.0,28.0,21.0,20.0,177.0,5.0,2.0,2.0,23.0,3.0,2.0,3.0,25.0,3.0,5.0,5.0,41.0,1.0,0.0,0.0,5.0,0.0,0.0,1.0,3.0,0.0,0.0,40.0,4.0,0.0,0.0,40.0,3.0,3,4
52,202609010411,0.0,1.0,3.0,6.0,22.0,19.0,20.0,195.0,0.0,0.0,0.0,2.0,0.0,0.0,2.0,4.0,4.0,7.0,3.0,61.0,0.0,0.0,0.0,2.0,0.0,0.0,1.0,0.0,1.0,0.0,2.0,8.0,0.0,0.0,0.0,0.0,0.0,0.0,1.0,1.0,,,,,,,,,1,1
53,202609010411,2.0,3.0,0.0,22.0,2.0,1.0,0.0,24.0,0.0,1.0,0.0,1.0,1.0,2.0,0.0,10.0,1.0,1.0,0.0,3.0,0.0,1.0,0.0,1.0,0.0,0.0,0.0,2.0,0.0,0.0,0.0,1.0,0.0,0.0,0.0,0.0,0.0,0.0,7.0,8.0,0.0,0.0,1.0,1.0,0.0,0.0,1.0,3.0,2,3
54,202609010411,0.0,1.0,3.0,31.0,0.0,2.0,0.0,11.0,0.0,0.0,0.0,0.0,0.0,0.0,3.0,6.0,0.0,0.0,0.0,4.0,0.0,0.0,0.0,0.0,0.0,0.0,0.0,0.0,0.0,0.0,0.0,0.0,0.0,0.0,0.0,0.0,0.0,0.0,10.0,4.0,0.0,0.0,1.0,1.0,0.0,0.0,10.0,5.0,8,15
55,202609010411,20.0,25.0,21.0,187.0,22.0,19.0,20.0,195.0,0.0,0.0,2.0,10.0,7.0,8.0,6.0,69.0,4.0,7.0,3.0,61.0,0.0,0.0,1.0,6.0,0.0,0.0,0.0,8.0,1.0,0.0,2.0,8.0,0.0,0.0,0.0,0.0,0.0,0.0,12.0,6.0,0.0,0.0,8.0,1.0,0.0,0.0,10.0,3.0,5,8
56,202609010411,1.0,0.0,1.0,28.0,0.0,0.0,0.0,0.0,0.0,0.0,0.0,0.0,0.0,0.0,0.0,5.0,0.0,0.0,0.0,0.0,0.0,0.0,0.0,0.0,0.0,0.0,0.0,0.0,0.0,0.0,0.0,0.0,0.0,0.0,0.0,0.0,0.0,0.0,12.0,11.0,,,,,,,,,4,7
57,202609010411,77.0,78.0,60.0,470.0,4.0,2.0,4.0,16.0,0.0,0.0,0.0,0.0,17.0,17.0,12.0,119.0,0.0,0.0,1.0,3.0,0.0,0.0,0.0,0.0,2.0,1.0,4.0,29.0,0.0,0.0,0.0,2.0,0.0,0.0,0.0,0.0,0.0,0.0,2.0,1.0,0.0,0.0,4.0,1.0,0.0,0.0,20.0,3.0,3,5
58,202609010411,3.0,3.0,5.0,18.0,2.0,0.0,0.0,2.0,0.0,0.0,0.0,0.0,1.0,1.0,2.0,9.0,2.0,0.0,0.0,2.0,0.0,0.0,0.0,0.0,0.0,1.0,0.0,0.0,2.0,0.0,0.0,0.0,0.0,0.0,0.0,0.0,0.0,0.0,4.0,13.0,0.0,0.0,3.0,4.0,0.0,0.0,10.0,1.0,6,10
59,202609010411,49.0,25.0,43.0,308.0,6.0,12.0,6.0,84.0,1.0,0.0,1.0,7.0,16.0,12.0,16.0,95.0,3.0,5.0,2.0,20.0,0.0,0.0,1.0,1.0,1.0,1.0,3.0,24.0,1.0,0.0,1.0,4.0,0.0,0.0,0.0,1.0,0.0,0.0,6.0,7.0,0.0,0.0,1.0,1.0,,,,,2,2
60,202609010411,77.0,78.0,60.0,470.0,29.0,19.0,28.0,310.0,4.0,1.0,0.0,13.0,17.0,17.0,12.0,119.0,7.0,3.0,9.0,72.0,1.0,0.0,0.0,6.0,2.0,1.0,4.0,29.0,0.0,0.0,1.0,13.0,0.0,0.0,0.0,3.0,0.0,0.0,11.0,7.0,0.0,0.0,50.0,1.0,,,,,5,9
61,202609010505,1.0,1.0,1.0,11.0,20.0,12.0,15.0,184.0,0.0,0.0,0.0,0.0,0.0,0.0,1.0,4.0,5.0,2.0,3.0,63.0,0.0,0.0,0.0,0.0,0.0,0.0,0.0,2.0,1.0,1.0,0.0,18.0,0.0,0.0,0.0,0.0,0.0,0.0,4.0,2.0,0.0,0.0,3.0,6.0,0.0,0.0,7.0,4.0,7,13
62,202609010505,56.0,70.0,62.0,424.0,5.0,4.0,2.0,15.0,0.0,0.0,0.0,0.0,18.0,20.0,17.0,117.0,0.0,0.0,1.0,4.0,0.0,0.0,0.0,0.0,8.0,6.0,7.0,34.0,0.0,0.0,0.0,1.0,0.0,0.0,0.0,0.0,0.0,0.0,9.0,11.0,0.0,0.0,5.0,7.0,,,,,7,14
63,202609010505,0.0,1.0,3.0,6.0,9.0,11.0,15.0,149.0,0.0,0.0,1.0,0.0,0.0,0.0,2.0,4.0,5.0,3.0,6.0,35.0,0.0,0.0,1.0,0.0,0.0,0.0,0.0,2.0,4.0,2.0,2.0,16.0,0.0,0.0,0.0,0.0,0.0,0.0,2.0,5.0,0.0,0.0,3.0,3.0,0.0,0.0,3.0,7.0,2,3
64,202609010505,3.0,2.0,1.0,63.0,0.0,0.0,0.0,1.0,0.0,0.0,0.0,1.0,1.0,0.0,0.0,13.0,0.0,0.0,0.0,0.0,0.0,0.0,0.0,0.0,0.0,0.0,0.0,2.0,0.0,0.0,0.0,0.0,0.0,0.0,0.0,0.0,0.0,0.0,3.0,4.0,0.0,0.0,5.0,4.0,0.0,0.0,9.0,5.0,8,18
65,202609010505,0.0,0.0,0.0,1.0,6.0,10.0,9.0,105.0,0.0,0.0,0.0,0.0,0.0,0.0,0.0,0.0,2.0,2.0,1.0,27.0,0.0,0.0,0.0,0.0,0.0,0.0,0.0,0.0,1.0,0.0,0.0,13.0,0.0,0.0,0.0,0.0,0.0,0.0,6.0,4.0,0.0,0.0,6.0,3.0,,,,,3,5
66,202609010505,17.0,12.0,18.0,149.0,3.0,2.0,2.0,39.0,0.0,0.0,0.0,0.0,4.0,3.0,3.0,41.0,1.0,1.0,0.0,7.0,0.0,0.0,0.0,0.0,0.0,1.0,0.0,14.0,0.0,0.0,0.0,0.0,0.0,0.0,0.0,0.0,0.0,0.0,2.0,6.0,0.0,0.0,3.0,2.0,,,,,1,2
67,202609010505,0.0,1.0,0.0,6.0,1.0,1.0,3.0,41.0,0.0,0.0,0.0,2.0,0.0,1.0,0.0,1.0,0.0,0.0,0.0,7.0,0.0,0.0,0.0,1.0,0.0,1.0,0.0,0.0,0.0,0.0,0.0,3.0,0.0,0.0,0.0,0.0,0.0,0.0,90.0,6.0,,,,,,,,,8,17
68,202609010505,56.0,70.0,62.0,424.0,60.0,67.0,73.0,526.0,10.0,10.0,6.0,47.0,18.0,20.0,17.0,117.0,12.0,14.0,14.0,127.0,2.0,2.0,0.0,13.0,8.0,6.0,7.0,34.0,4.0,2.0,5.0,40.0,1.0,0.0,0.0,4.0,,,,,,,,,,,,,4,8
69,202609010505,15.0,19.0,14.0,152.0,0.0,0.0,0.0,1.0,0.0,0.0,0.0,0.0,1.0,3.0,3.0,14.0,0.0,0.0,0.0,0.0,0.0,0.0,0.0,0.0,1.0,2.0,0.0,5.0,0.0,0.0,0.0,0.0,0.0,0.0,0.0,0.0,,,,,,,,,,,,,1,1
70,202609010505,0.0,0.0,0.0,3.0,1.0,3.0,7.0,22.0,0.0,0.0,0.0,0.0,0.0,0.0,0.0,1.0,0.0,1.0,0.0,4.0,0.0,0.0,0.0,0.0,0.0,0.0,0.0,1.0,0.0,0.0,0.0,1.0,0.0,0.0,0.0,0.0,0.0,0.0,6.0,12.0,,,,,,,,,3,6
71,202609010505,0.0,0.0,0.0,2.0,9.0,11.0,15.0,149.0,0.0,0.0,0.0,2.0,0.0,0.0,0.0,1.0,5.0,3.0,6.0,35.0,0.0,0.0,0.0,1.0,0.0,0.0,0.0,0.0,4.0,2.0,2.0,16.0,0.0,0.0,0.0,0.0,,,,,,,,,,,,,7,15
72,202609010505,56.0,70.0,62.0,424.0,22.0,19.0,20.0,195.0,3.0,1.0,2.0,19.0,18.0,20.0,17.0,117.0,4.0,7.0,3.0,61.0,1.0,0.0,0.0,3.0,8.0,6.0,7.0,34.0,1.0,3.0,0.0,21.0,1.0,0.0,0.0,0.0,,,,,,,,,,,,,5,10
73,202609010505,6.0,11.0,4.0,67.0,7.0,7.0,12.0,119.0,0.0,0.0,1.0,5.0,1.0,5.0,1.0,19.0,3.0,5.0,3.0,32.0,0.0,0.0,0.0,4.0,1.0,3.0,1.0,8.0,3.0,2.0,2.0,17.0,0.0,0.0,0.0,1.0,0.0,0.0,7.0,8.0,,,,,,,,,8,16
74,202609010505,20.0,25.0,21.0,187.0,20.0,29.0,27.0,299.0,2.0,1.0,0.0,10.0,7.0,8.0,6.0,69.0,5.0,8.0,4.0,73.0,2.0,0.0,0.0,4.0,2.0,3.0,2.0,28.0,3.0,2.0,1.0,24.0,1.0,0.0,0.0,0.0,,,,,,,,,,,,,5,9
75,202609010505,6.0,9.0,6.0,70.0,16.0,18.0,22.0,173.0,0.0,0.0,0.0,5.0,1.0,2.0,2.0,22.0,4.0,1.0,1.0,45.0,0.0,0.0,0.0,1.0,0.0,0.0,0.0,10.0,1.0,0.0,0.0,13.0,0.0,0.0,0.0,0.0,0.0,0.0,13.0,9.0,0.0,0.0,8.0,11.0,0.0,0.0,90.0,10.0,4,7
76,202609010505,3.0,3.0,5.0,18.0,0.0,0.0,0.0,1.0,0.0,0.0,0.0,0.0,1.0,1.0,2.0,9.0,0.0,0.0,0.0,1.0,0.0,0.0,0.0,0.0,0.0,0.0,1.0,3.0,0.0,0.0,0.0,0.0,0.0,0.0,0.0,0.0,,,,,,,,,,,,,6,12
77,202609010505,0.0,2.0,0.0,4.0,0.0,1.0,0.0,4.0,0.0,0.0,0.0,0.0,0.0,0.0,0.0,0.0,0.0,1.0,0.0,2.0,0.0,0.0,0.0,0.0,0.0,0.0,0.0,0.0,0.0,0.0,0.0,0.0,0.0,0.0,0.0,0.0,0.0,0.0,12.0,13.0,,,,,,,,,6,11
78,202609010505,5.0,3.0,3.0,50.0,9.0,11.0,15.0,149.0,0.0,0.0,0.0,1.0,1.0,1.0,1.0,13.0,5.0,3.0,6.0,35.0,0.0,0.0,0.0,0.0,0.0,0.0,0.0,9.0,4.0,2.0,2.0,16.0,0.0,0.0,0.0,0.0,0.0,0.0,70.0,8.0,,,,,,,,,2,4
79,202609010508,0.0,0.0,0.0,9.0,6.0,1.0,3.0,23.0,0.0,0.0,0.0,1.0,0.0,0.0,0.0,5.0,1.0,0.0,1.0,4.0,0.0,0.0,0.0,1.0,0.0,0.0,0.0,0.0,0.0,0.0,0.0,0.0,0.0,0.0,0.0,0.0,0.0,0.0,1.0,3.0,0.0,0.0,1.0,5.0,0.0,0.0,3.0,2.0,6,6
80,202609010508,84.0,77.0,65.0,590.0,4.0,3.0,5.0,34.0,0.0,1.0,0.0,4.0,23.0,27.0,23.0,181.0,1.0,2.0,0.0,10.0,0.0,1.0,0.0,2.0,5.0,2.0,3.0,8.0,0.0,0.0,0.0,0.0,0.0,0.0,0.0,0.0,0.0,0.0,11.0,2.0,0.0,0.0,10.0,8.0,0.0,0.0,6.0,1.0,3,3
81,202609010508,3.0,2.0,4.0,21.0,29.0,19.0,28.0,310.0,1.0,0.0,0.0,2.0,2.0,0.0,1.0,7.0,7.0,3.0,9.0,72.0,1.0,0.0,0.0,1.0,0.0,0.0,0.0,1.0,1.0,0.0,0.0,8.0,0.0,0.0,0.0,1.0,0.0,0.0,6.0,6.0,0.0,0.0,3.0,5.0,0.0,0.0,5.0,2.0,8,10
82,202609010508,0.0,1.0,0.0,13.0,8.0,7.0,5.0,54.0,0.0,0.0,0.0,2.0,0.0,1.0,0.0,4.0,4.0,3.0,2.0,25.0,0.0,0.0,0.0,1.0,0.0,0.0,0.0,0.0,1.0,1.0,0.0,3.0,0.0,0.0,0.0,0.0,0.0,0.0,11.0,2.0,0.0,0.0,4.0,16.0,0.0,0.0,5.0,1.0,7,7
83,202609010508,10.0,6.0,7.0,80.0,93.0,104.0,82.0,669.0,3.0,1.0,0.0,7.0,4.0,1.0,1.0,23.0,28.0,21.0,20.0,177.0,0.0,0.0,0.0,2.0,0.0,1.0,1.0,2.0,4.0,2.0,1.0,6.0,0.0,0.0,0.0,0.0,0.0,0.0,3.0,9.0,0.0,0.0,6.0,3.0,0.0,0.0,90.0,9.0,4,4
84,202609010508,0.0,0.0,0.0,3.0,1.0,2.0,0.0,8.0,0.0,0.0,0.0,2.0,0.0,0.0,0.0,1.0,0.0,2.0,0.0,1.0,0.0,0.0,0.0,1.0,0.0,0.0,0.0,1.0,0.0,0.0,0.0,1.0,0.0,0.0,0.0,1.0,0.0,0.0,18.0,16.0,0.0,0.0,90.0,11.0,0.0,0.0,80.0,8.0,5,5
85,202609010508,2.0,3.0,0.0,22.0,0.0,1.0,0.0,5.0,0.0,0.0,0.0,0.0,1.0,2.0,0.0,10.0,0.0,1.0,0.0,1.0,0.0,0.0,0.0,0.0,0.0,0.0,0.0,0.0,0.0,0.0,0.0,0.0,0.0,0.0,0.0,0.0,0.0,0.0,6.0,7.0,0.0,0.0,3.0,5.0,0.0,0.0,7.0,6.0,7,8
86,202609010508,12.0,9.0,15.0,95.0,2.0,0.0,1.0,15.0,1.0,0.0,0.0,5.0,3.0,4.0,3.0,31.0,0.0,0.0,0.0,7.0,0.0,0.0,0.0,3.0,0.0,0.0,0.0,4.0,0.0,0.0,0.0,3.0,0.0,0.0,0.0,3.0,0.0,0.0,9.0,8.0,0.0,0.0,9.0,8.0,0.0,0.0,10.0,9.0,1,1
87,202609010508,6.0,4.0,2.0,59.0,3.0,4.0,1.0,20.0,0.0,1.0,0.0,1.0,2.0,0.0,2.0,15.0,1.0,1.0,1.0,7.0,0.0,0.0,0.0,0.0,0.0,0.0,0.0,3.0,0.0,0.0,0.0,1.0,0.0,0.0,0.0,0.0,0.0,0.0,7.0,17.0,0.0,0.0,9.0,18.0,0.0,0.0,15.0,2.0,8,9
88,202609010508,6.0,9.0,6.0,70.0,22.0,19.0,20.0,195.0,0.0,1.0,1.0,2.0,1.0,2.0,2.0,22.0,4.0,7.0,3.0,61.0,0.0,0.0,0.0,0.0,0.0,0.0,0.0,0.0,0.0,1.0,1.0,2.0,0.0,0.0,0.0,0.0,0.0,0.0,5.0,12.0,0.0,0.0,7.0,5.0,0.0,0.0,40.0,11.0,2,2
89,202609010610,2.0,4.0,4.0,36.0,93.0,104.0,82.0,669.0,1.0,0.0,0.0,0.0,0.0,0.0,0.0,13.0,28.0,21.0,20.0,177.0,0.0,0.0,0.0,0.0,0.0,0.0,0.0,0.0,2.0,2.0,0.0,10.0,0.0,0.0,0.0,0.0,0.0,0.0,10.0,11.0,0.0,0.0,12.0,10.0,0.0,0.0,10.0,3.0,1,1
90,202609010610,2.0,1.0,3.0,14.0,7.0,13.0,13.0,141.0,1.0,0.0,0.0,2.0,1.0,0.0,2.0,6.0,4.0,3.0,4.0,35.0,1.0,0.0,0.0,1.0,0.0,0.0,0.0,0.0,0.0,0.0,0.0,0.0,0.0,0.0,0.0,0.0,0.0,0.0,9.0,13.0,0.0,0.0,4.0,1.0,0.0,0.0,110.0,10.0,4,6
91,202609010610,139.0,117.0,117.0,656.0,2.0,1.0,4.0,21.0,1.0,1.0,1.0,6.0,32.0,30.0,27.0,177.0,1.0,0.0,1.0,6.0,1.0,0.0,0.0,1.0,2.0,2.0,3.0,15.0,1.0,0.0,1.0,0.0,1.0,0.0,0.0,0.0,0.0,0.0,11.0,2.0,0.0,0.0,15.0,8.0,0.0,0.0,100.0,17.0,7,11
92,202609010610,49.0,25.0,43.0,308.0,11.0,8.0,11.0,91.0,0.0,0.0,0.0,2.0,16.0,12.0,16.0,95.0,1.0,2.0,4.0,27.0,0.0,0.0,0.0,2.0,1.0,0.0,1.0,3.0,0.0,0.0,0.0,0.0,0.0,0.0,0.0,0.0,0.0,0.0,2.0,4.0,0.0,0.0,1.0,2.0,0.0,0.0,4.0,2.0,5,7
93,202609010610,11.0,7.0,7.0,63.0,0.0,1.0,0.0,6.0,0.0,1.0,0.0,1.0,4.0,1.0,0.0,13.0,0.0,0.0,0.0,1.0,0.0,0.0,0.0,0.0,0.0,0.0,0.0,0.0,0.0,0.0,0.0,0.0,0.0,0.0,0.0,0.0,0.0,0.0,50.0,2.0,0.0,0.0,60.0,3.0,0.0,0.0,130.0,5.0,5,8
94,202609010610,11.0,7.0,7.0,63.0,4.0,8.0,5.0,48.0,0.0,1.0,0.0,0.0,4.0,1.0,0.0,13.0,1.0,3.0,2.0,15.0,0.0,1.0,0.0,0.0,0.0,0.0,0.0,0.0,0.0,0.0,0.0,0.0,0.0,0.0,0.0,0.0,0.0,0.0,3.0,6.0,0.0,0.0,8.0,7.0,0.0,0.0,2.0,3.0,8,13
95,202609010610,77.0,78.0,60.0,470.0,7.0,12.0,8.0,66.0,1.0,3.0,0.0,6.0,17.0,17.0,12.0,119.0,2.0,2.0,3.0,17.0,0.0,1.0,0.0,2.0,1.0,1.0,0.0,4.0,0.0,0.0,0.0,2.0,0.0,0.0,0.0,2.0,0.0,0.0,3.0,8.0,0.0,0.0,4.0,4.0,0.0,0.0,60.0,5.0,3,3
96,202609010610,10.0,6.0,7.0,80.0,93.0,104.0,82.0,669.0,3.0,1.0,0.0,7.0,4.0,1.0,1.0,23.0,28.0,21.0,20.0,177.0,0.0,0.0,0.0,2.0,0.0,0.0,0.0,0.0,2.0,2.0,0.0,10.0,0.0,0.0,0.0,0.0,0.0,0.0,6.0,8.0,0.0,0.0,3.0,10.0,0.0,0.0,3.0,4.0,4,5
97,202609010610,6.0,4.0,2.0,59.0,20.0,12.0,15.0,184.0,0.0,0.0,0.0,8.0,2.0,0.0,2.0,15.0,5.0,2.0,3.0,63.0,0.0,0.0,0.0,3.0,0.0,0.0,0.0,0.0,0.0,0.0,1.0,3.0,0.0,0.0,0.0,0.0,0.0,0.0,12.0,12.0,0.0,0.0,4.0,1.0,0.0,0.0,7.0,6.0,7,12
98,202609010610,84.0,77.0,65.0,590.0,93.0,104.0,82.0,669.0,10.0,13.0,16.0,84.0,23.0,27.0,23.0,181.0,28.0,21.0,20.0,177.0,3.0,2.0,9.0,22.0,2.0,0.0,2.0,15.0,2.0,2.0,0.0,10.0,0.0,0.0,0.0,1.0,0.0,0.0,1.0,4.0,0.0,0.0,3.0,2.0,0.0,0.0,2.0,2.0,6,9
99,202609010610,7.0,11.0,6.0,46.0,6.0,10.0,9.0,105.0,0.0,1.0,0.0,4.0,1.0,2.0,2.0,18.0,2.0,2.0,1.0,27.0,0.0,0.0,0.0,3.0,0.0,0.0,0.0,1.0,0.0,0.0,0.0,1.0,0.0,0.0,0.0,1.0,0.0,0.0,3.0,3.0,0.0,0.0,3.0,10.0,0.0,0.0,2.0,3.0,3,4
100,202609010610,7.0,7.0,6.0,65.0,1.0,1.0,1.0,21.0,0.0,1.0,0.0,1.0,0.0,0.0,0.0,14.0,0.0,0.0,1.0,8.0,0.0,0.0,0.0,1.0,0.0,0.0,0.0,0.0,0.0,0.0,0.0,0.0,0.0,0.0,0.0,0.0,0.0,0.0,12.0,12.0,0.0,0.0,10.0,5.0,0.0,0.0,14.0,3.0,2,2
101,202609010610,77.0,78.0,60.0,470.0,4.0,2.0,2.0,40.0,0.0,0.0,0.0,8.0,17.0,17.0,12.0,119.0,3.0,1.0,1.0,14.0,0.0,0.0,0.0,2.0,1.0,1.0,0.0,4.0,0.0,0.0,0.0,0.0,0.0,0.0,0.0,0.0,0.0,0.0,8.0,11.0,0.0,0.0,6.0,5.0,0.0,0.0,3.0,5.0,6,10
102,202609010610,56.0,70.0,62.0,424.0,93.0,104.0,82.0,669.0,12.0,19.0,9.0,85.0,18.0,20.0,17.0,117.0,28.0,21.0,20.0,177.0,5.0,2.0,2.0,23.0,0.0,1.0,0.0,7.0,2.0,2.0,0.0,10.0,0.0,0.0,0.0,0.0,0.0,0.0,1.0,2.0,0.0,0.0,1.0,2.0,0.0,0.0,60.0,16.0,8,14
103,202609010806,32.0,23.0,27.0,315.0,9.0,9.0,6.0,87.0,0.0,0.0,0.0,1.0,6.0,0.0,5.0,65.0,1.0,3.0,2.0,24.0,0.0,0.0,0.0,1.0,2.0,0.0,0.0,13.0,0.0,0.0,0.0,2.0,0.0,0.0,0.0,0.0,0.0,0.0,10.0,5.0,0.0,0.0,9.0,13.0,0.0,0.0,2.0,1.0,6,7
104,202609010806,77.0,78.0,60.0,470.0,2.0,0.0,2.0,12.0,0.0,0.0,0.0,0.0,17.0,17.0,12.0,119.0,1.0,0.0,1.0,5.0,0.0,0.0,0.0,0.0,3.0,6.0,2.0,20.0,0.0,0.0,0.0,0.0,0.0,0.0,0.0,0.0,0.0,0.0,2.0,4.0,0.0,0.0,1.0,7.0,0.0,0.0,3.0,1.0,6,6
105,202609010806,1.0,0.0,0.0,20.0,4.0,6.0,6.0,51.0,0.0,0.0,0.0,3.0,0.0,0.0,0.0,8.0,0.0,1.0,0.0,19.0,0.0,0.0,0.0,2.0,0.0,0.0,0.0,1.0,0.0,0.0,0.0,1.0,0.0,0.0,0.0,0.0,0.0,0.0,9.0,4.0,0.0,0.0,14.0,17.0,0.0,0.0,2.0,1.0,5,5
106,202609010806,2.0,0.0,1.0,24.0,16.0,7.0,1.0,43.0,0.0,0.0,0.0,1.0,1.0,0.0,0.0,9.0,5.0,2.0,0.0,13.0,0.0,0.0,0.0,1.0,0.0,0.0,0.0,3.0,1.0,0.0,0.0,3.0,0.0,0.0,0.0,0.0,0.0,0.0,2.0,1.0,0.0,0.0,90.0,2.0,0.0,0.0,30.0,9.0,3,3
107,202609010806,1.0,0.0,2.0,16.0,0.0,0.0,0.0,5.0,0.0,0.0,0.0,0.0,0.0,0.0,0.0,7.0,0.0,0.0,0.0,3.0,0.0,0.0,0.0,0.0,0.0,0.0,0.0,0.0,0.0,0.0,0.0,0.0,0.0,0.0,0.0,0.0,0.0,0.0,13.0,10.0,0.0,0.0,5.0,1.0,,,,,8,10
108,202609010806,20.0,21.0,14.0,147.0,4.0,2.0,5.0,16.0,0.0,0.0,0.0,1.0,2.0,6.0,1.0,36.0,1.0,1.0,2.0,2.0,0.0,0.0,0.0,0.0,0.0,1.0,0.0,8.0,0.0,0.0,1.0,0.0,0.0,0.0,0.0,0.0,0.0,0.0,1.0,1.0,,,,,,,,,4,4
109,202609010806,17.0,12.0,18.0,149.0,29.0,24.0,35.0,243.0,0.0,0.0,0.0,4.0,4.0,3.0,3.0,41.0,5.0,5.0,5.0,54.0,0.0,0.0,0.0,2.0,0.0,1.0,0.0,7.0,3.0,1.0,0.0,8.0,0.0,0.0,0.0,0.0,0.0,0.0,7.0,8.0,0.0,0.0,7.0,5.0,0.0,0.0,8.0,1.0,7,8
110,202609010806,50.0,49.0,48.0,415.0,3.0,1.0,1.0,31.0,0.0,0.0,0.0,0.0,14.0,7.0,11.0,93.0,1.0,0.0,1.0,10.0,0.0,0.0,0.0,0.0,4.0,3.0,1.0,20.0,0.0,0.0,0.0,3.0,0.0,0.0,0.0,0.0,0.0,0.0,11.0,9.0,0.0,0.0,9.0,13.0,0.0,0.0,70.0,4.0,2,2
111,202609010806,2.0,0.0,1.0,24.0,0.0,4.0,0.0,12.0,0.0,0.0,0.0,0.0,1.0,0.0,0.0,9.0,0.0,0.0,0.0,3.0,0.0,0.0,0.0,0.0,0.0,0.0,0.0,3.0,0.0,0.0,0.0,1.0,0.0,0.0,0.0,0.0,0.0,0.0,18.0,14.0,,,,,,,,,1,1
112,202609010806,20.0,25.0,21.0,187.0,20.0,29.0,27.0,299.0,2.0,1.0,0.0,10.0,7.0,8.0,6.0,69.0,5.0,8.0,4.0,73.0,2.0,0.0,0.0,4.0,2.0,1.0,0.0,12.0,0.0,0.0,0.0,16.0,0.0,0.0,0.0,2.0,0.0,0.0,3.0,12.0,0.0,0.0,13.0,6.0,0.0,0.0,8.0,6.0,8,11
113,202609010806,4.0,5.0,1.0,24.0,9.0,7.0,10.0,134.0,0.0,0.0,0.0,0.0,0.0,0.0,0.0,5.0,1.0,2.0,5.0,33.0,0.0,0.0,0.0,0.0,0.0,0.0,0.0,1.0,0.0,0.0,2.0,7.0,0.0,0.0,0.0,0.0,0.0,0.0,9.0,11.0,0.0,0.0,12.0,14.0,0.0,0.0,13.0,12.0,7,9
114,202609010807,6.0,6.0,9.0,88.0,8.0,3.0,2.0,40.0,0.0,0.0,0.0,0.0,2.0,0.0,2.0,29.0,2.0,2.0,0.0,14.0,0.0,0.0,0.0,0.0,0.0,0.0,0.0,4.0,0.0,0.0,0.0,3.0,0.0,0.0,0.0,0.0,0.0,0.0,10.0,12.0,0.0,0.0,90.0,10.0,0.0,0.0,110.0,11.0,5,7
115,202609010807,5.0,3.0,3.0,50.0,93.0,104.0,82.0,669.0,0.0,1.0,1.0,16.0,1.0,1.0,1.0,13.0,28.0,21.0,20.0,177.0,0.0,0.0,1.0,5.0,0.0,0.0,1.0,2.0,4.0,3.0,5.0,21.0,0.0,0.0,1.0,1.0,0.0,0.0,2.0,4.0,0.0,0.0,1.0,9.0,0.0,0.0,20.0,2.0,3,3
116,202609010807,49.0,25.0,43.0,308.0,93.0,104.0,82.0,669.0,12.0,8.0,3.0,56.0,16.0,12.0,16.0,95.0,28.0,21.0,20.0,177.0,5.0,5.0,1.0,23.0,3.0,2.0,1.0,18.0,4.0,3.0,5.0,21.0,1.0,2.0,1.0,3.0,0.0,0.0,7.0,5.0,0.0,0.0,50.0,2.0,0.0,0.0,30.0,8.0,8,13
117,202609010807,47.0,34.0,32.0,264.0,0.0,0.0,2.0,19.0,0.0,0.0,0.0,2.0,10.0,3.0,1.0,78.0,0.0,0.0,0.0,4.0,0.0,0.0,0.0,2.0,2.0,1.0,1.0,12.0,0.0,0.0,0.0,2.0,0.0,0.0,0.0,2.0,0.0,0.0,3.0,4.0,0.0,0.0,90.0,6.0,0.0,0.0,9.0,13.0,1,1
118,202609010807,6.0,4.0,2.0,59.0,15.0,18.0,18.0,167.0,1.0,1.0,0.0,1.0,2.0,0.0,2.0,15.0,3.0,2.0,5.0,40.0,1.0,0.0,0.0,0.0,0.0,0.0,0.0,2.0,1.0,0.0,0.0,7.0,0.0,0.0,0.0,0.0,0.0,0.0,3.0,3.0,0.0,0.0,3.0,10.0,0.0,0.0,6.0,6.0,7,11
119,202609010807,10.0,8.0,4.0,92.0,7.0,16.0,8.0,65.0,0.0,1.0,0.0,1.0,3.0,3.0,1.0,31.0,2.0,5.0,4.0,20.0,0.0,1.0,0.0,1.0,0.0,0.0,1.0,2.0,0.0,0.0,1.0,3.0,0.0,0.0,0.0,0.0,0.0,0.0,10.0,3.0,0.0,0.0,14.0,12.0,0.0,0.0,9.0,8.0,7,10
120,202609010807,10.0,6.0,7.0,80.0,20.0,12.0,15.0,184.0,0.0,0.0,0.0,4.0,4.0,1.0,1.0,23.0,5.0,2.0,3.0,63.0,0.0,0.0,0.0,2.0,2.0,0.0,0.0,1.0,2.0,0.0,1.0,16.0,0.0,0.0,0.0,0.0,0.0,0.0,14.0,9.0,0.0,0.0,16.0,7.0,0.0,0.0,15.0,13.0,5,6
121,202609010807,56.0,70.0,62.0,424.0,9.0,11.0,15.0,149.0,1.0,0.0,2.0,10.0,18.0,20.0,17.0,117.0,5.0,3.0,6.0,35.0,0.0,0.0,1.0,2.0,1.0,6.0,3.0,26.0,0.0,0.0,1.0,9.0,0.0,0.0,0.0,1.0,0.0,0.0,6.0,11.0,0.0,0.0,13.0,3.0,0.0,0.0,10.0,14.0,2,2
122,202609010807,13.0,9.0,15.0,75.0,9.0,7.0,10.0,134.0,0.0,0.0,0.0,3.0,0.0,2.0,4.0,18.0,1.0,2.0,5.0,33.0,0.0,0.0,0.0,1.0,0.0,0.0,1.0,2.0,0.0,0.0,2.0,7.0,0.0,0.0,0.0,1.0,0.0,0.0,6.0,11.0,0.0,0.0,9.0,7.0,0.0,0.0,10.0,10.0,6,9
123,202609010807,20.0,25.0,21.0,187.0,17.0,9.0,8.0,78.0,0.0,0.0,0.0,0.0,7.0,8.0,6.0,69.0,4.0,4.0,2.0,21.0,0.0,0.0,0.0,0.0,2.0,1.0,0.0,12.0,0.0,0.0,1.0,3.0,0.0,0.0,0.0,0.0,0.0,0.0,16.0,7.0,0.0,0.0,5.0,7.0,0.0,0.0,90.0,5.0,6,8
124,202609010807,5.0,3.0,3.0,50.0,20.0,12.0,15.0,184.0,0.0,0.0,0.0,5.0,1.0,1.0,1.0,13.0,5.0,2.0,3.0,63.0,0.0,0.0,0.0,1.0,0.0,0.0,1.0,2.0,2.0,0.0,1.0,16.0,0.0,0.0,0.0,1.0,0.0,0.0,8.0,8.0,0.0,0.0,15.0,12.0,0.0,0.0,160.0,11.0,8,12
125,202609010807,2.0,2.0,3.0,18.0,9.0,9.0,6.0,87.0,0.0,0.0,0.0,1.0,0.0,0.0,1.0,3.0,1.0,3.0,2.0,24.0,0.0,0.0,0.0,0.0,0.0,0.0,0.0,0.0,0.0,0.0,0.0,2.0,0.0,0.0,0.0,0.0,0.0,0.0,9.0,12.0,0.0,0.0,12.0,11.0,0.0,0.0,13.0,2.0,4,5
126,202609010807,2.0,4.0,4.0,36.0,22.0,19.0,20.0,195.0,0.0,0.0,0.0,3.0,0.0,0.0,0.0,13.0,4.0,7.0,3.0,61.0,0.0,0.0,0.0,2.0,0.0,0.0,0.0,1.0,0.0,1.0,0.0,15.0,0.0,0.0,0.0,1.0,0.0,0.0,10.0,13.0,0.0,0.0,15.0,7.0,0.0,0.0,140.0,16.0,4,4
127,202609010905,16.0,10.0,13.0,122.0,2.0,1.0,0.0,24.0,0.0,0.0,0.0,0.0,3.0,2.0,3.0,45.0,1.0,1.0,0.0,3.0,0.0,0.0,0.0,0.0,2.0,1.0,1.0,21.0,1.0,1.0,0.0,1.0,0.0,0.0,0.0,0.0,0.0,0.0,2.0,6.0,0.0,0.0,2.0,2.0,0.0,0.0,7.0,3.0,7,15
128,202609010905,10.0,6.0,7.0,80.0,0.0,2.0,2.0,20.0,0.0,0.0,0.0,1.0,4.0,1.0,1.0,23.0,0.0,0.0,1.0,9.0,0.0,0.0,0.0,1.0,2.0,0.0,0.0,11.0,0.0,0.0,1.0,4.0,0.0,0.0,0.0,0.0,0.0,0.0,9.0,10.0,0.0,0.0,9.0,9.0,0.0,0.0,70.0,6.0,4,7
129,202609010905,12.0,9.0,15.0,95.0,14.0,15.0,4.0,91.0,2.0,1.0,0.0,6.0,3.0,4.0,3.0,31.0,1.0,2.0,1.0,18.0,0.0,1.0,0.0,0.0,1.0,1.0,1.0,12.0,1.0,2.0,0.0,5.0,0.0,1.0,0.0,0.0,0.0,0.0,4.0,2.0,0.0,0.0,5.0,2.0,0.0,0.0,2.0,3.0,6,12
130,202609010905,56.0,70.0,62.0,424.0,5.0,4.0,2.0,15.0,0.0,0.0,0.0,0.0,18.0,20.0,17.0,117.0,0.0,0.0,1.0,4.0,0.0,0.0,0.0,0.0,8.0,6.0,7.0,34.0,0.0,0.0,0.0,1.0,0.0,0.0,0.0,0.0,0.0,0.0,3.0,4.0,0.0,0.0,6.0,2.0,0.0,0.0,9.0,11.0,2,3
131,202609010905,2.0,3.0,0.0,22.0,8.0,3.0,2.0,40.0,0.0,0.0,0.0,1.0,1.0,2.0,0.0,10.0,2.0,2.0,0.0,14.0,0.0,0.0,0.0,0.0,1.0,1.0,0.0,4.0,0.0,1.0,0.0,4.0,0.0,0.0,0.0,0.0,0.0,0.0,3.0,2.0,,,,,,,,,7,14
132,202609010905,17.0,12.0,18.0,149.0,0.0,1.0,0.0,5.0,0.0,0.0,0.0,1.0,4.0,3.0,3.0,41.0,0.0,0.0,0.0,2.0,0.0,0.0,0.0,0.0,0.0,1.0,0.0,14.0,0.0,0.0,0.0,1.0,0.0,0.0,0.0,0.0,0.0,0.0,3.0,4.0,,,,,,,,,4,8
133,202609010905,4.0,1.0,1.0,39.0,29.0,24.0,35.0,243.0,0.0,0.0,0.0,0.0,2.0,1.0,1.0,12.0,5.0,5.0,5.0,54.0,0.0,0.0,0.0,0.0,1.0,1.0,0.0,5.0,1.0,1.0,2.0,15.0,0.0,0.0,0.0,0.0,0.0,0.0,10.0,7.0,0.0,0.0,9.0,9.0,0.0,0.0,9.0,7.0,7,13
134,202609010905,16.0,10.0,13.0,122.0,14.0,22.0,22.0,168.0,0.0,0.0,0.0,0.0,3.0,2.0,3.0,45.0,6.0,9.0,11.0,38.0,0.0,0.0,0.0,0.0,2.0,1.0,1.0,21.0,1.0,2.0,3.0,9.0,0.0,0.0,0.0,0.0,0.0,0.0,16.0,12.0,0.0,0.0,13.0,9.0,0.0,0.0,15.0,14.0,1,2
135,202609010905,0.0,1.0,3.0,6.0,15.0,16.0,22.0,141.0,0.0,0.0,0.0,0.0,0.0,0.0,2.0,4.0,1.0,3.0,1.0,38.0,0.0,0.0,0.0,0.0,0.0,0.0,0.0,2.0,1.0,1.0,0.0,13.0,0.0,0.0,0.0,0.0,0.0,0.0,2.0,3.0,0.0,0.0,2.0,5.0,0.0,0.0,1.0,3.0,3,6
136,202609010905,1.0,0.0,0.0,20.0,0.0,4.0,2.0,17.0,0.0,0.0,0.0,1.0,0.0,0.0,0.0,8.0,0.0,0.0,0.0,5.0,0.0,0.0,0.0,0.0,0.0,0.0,0.0,5.0,0.0,0.0,0.0,3.0,0.0,0.0,0.0,0.0,0.0,0.0,4.0,13.0,0.0,0.0,20.0,3.0,0.0,0.0,40.0,4.0,8,18
137,202609010905,17.0,12.0,18.0,149.0,0.0,2.0,0.0,4.0,0.0,0.0,0.0,0.0,4.0,3.0,3.0,41.0,0.0,0.0,0.0,2.0,0.0,0.0,0.0,0.0,0.0,1.0,0.0,14.0,0.0,0.0,0.0,2.0,0.0,0.0,0.0,0.0,0.0,0.0,14.0,11.0,0.0,0.0,9.0,16.0,0.0,0.0,5.0,6.0,5,9
138,202609010905,0.0,2.0,1.0,9.0,0.0,0.0,0.0,5.0,0.0,0.0,0.0,0.0,0.0,0.0,1.0,3.0,0.0,0.0,0.0,3.0,0.0,0.0,0.0,0.0,0.0,0.0,1.0,2.0,0.0,0.0,0.0,1.0,0.0,0.0,0.0,0.0,0.0,0.0,4.0,8.0,,,,,,,,,5,10
139,202609010905,3.0,3.0,5.0,18.0,9.0,11.0,15.0,149.0,0.0,0.0,0.0,0.0,1.0,1.0,2.0,9.0,5.0,3.0,6.0,35.0,0.0,0.0,0.0,0.0,0.0,0.0,1.0,3.0,4.0,2.0,2.0,16.0,0.0,0.0,0.0,0.0,0.0,0.0,10.0,8.0,0.0,0.0,3.0,10.0,0.0,0.0,30.0,11.0,8,17
140,202609010905,1.0,2.0,1.0,14.0,22.0,19.0,20.0,195.0,0.0,0.0,0.0,1.0,0.0,0.0,0.0,7.0,4.0,7.0,3.0,61.0,0.0,0.0,0.0,1.0,0.0,0.0,0.0,0.0,1.0,3.0,0.0,21.0,0.0,0.0,0.0,0.0,0.0,0.0,15.0,14.0,0.0,0.0,11.0,11.0,0.0,0.0,14.0,14.0,1,1
141,202609010905,1.0,0.0,1.0,28.0,14.0,21.0,25.0,233.0,0.0,0.0,0.0,3.0,0.0,0.0,0.0,5.0,4.0,7.0,7.0,71.0,0.0,0.0,0.0,0.0,0.0,0.0,0.0,1.0,2.0,0.0,2.0,18.0,0.0,0.0,0.0,0.0,0.0,0.0,12.0,15.0,0.0,0.0,11.0,9.0,0.0,0.0,16.0,6.0,2,4
142,202609010905,1.0,2.0,2.0,5.0,3.0,2.0,2.0,39.0,0.0,0.0,0.0,0.0,0.0,0.0,1.0,3.0,1.0,1.0,0.0,7.0,0.0,0.0,0.0,0.0,0.0,0.0,0.0,0.0,0.0,0.0,0.0,0.0,0.0,0.0,0.0,0.0,0.0,0.0,11.0,16.0,0.0,0.0,11.0,15.0,0.0,0.0,90.0,7.0,3,5
143,202609010905,17.0,12.0,18.0,149.0,1.0,1.0,1.0,12.0,0.0,0.0,0.0,0.0,4.0,3.0,3.0,41.0,0.0,0.0,0.0,2.0,0.0,0.0,0.0,0.0,0.0,1.0,0.0,14.0,0.0,0.0,0.0,1.0,0.0,0.0,0.0,0.0,0.0,0.0,5.0,7.0,,,,,,,,,8,16
144,202609010905,4.0,3.0,9.0,49.0,0.0,3.0,3.0,19.0,0.0,1.0,1.0,3.0,0.0,1.0,2.0,19.0,0.0,1.0,2.0,8.0,0.0,0.0,1.0,2.0,0.0,1.0,1.0,9.0,0.0,0.0,1.0,2.0,0.0,0.0,0.0,1.0,0.0,0.0,18.0,18.0,0.0,0.0,18.0,17.0,,,,,6,11
145,202609011009,10.0,6.0,7.0,80.0,4.0,8.0,5.0,48.0,1.0,1.0,1.0,2.0,4.0,1.0,1.0,23.0,1.0,3.0,2.0,15.0,1.0,1.0,1.0,2.0,0.0,1.0,1.0,2.0,0.0,1.0,1.0,1.0,0.0,1.0,1.0,1.0,0.0,0.0,1.0,1.0,0.0,0.0,3.0,2.0,0.0,0.0,2.0,5.0,4,4
146,202609011009,10.0,6.0,7.0,80.0,14.0,22.0,22.0,168.0,2.0,0.0,0.0,7.0,4.0,1.0,1.0,23.0,6.0,9.0,11.0,38.0,0.0,0.0,0.0,2.0,0.0,1.0,1.0,2.0,2.0,1.0,2.0,9.0,0.0,0.0,0.0,1.0,0.0,0.0,6.0,2.0,0.0,0.0,12.0,6.0,0.0,0.0,8.0,11.0,8,8
147,202609011009,1.0,1.0,1.0,11.0,0.0,0.0,0.0,10.0,0.0,0.0,0.0,2.0,0.0,0.0,0.0,1.0,0.0,0.0,0.0,3.0,0.0,0.0,0.0,1.0,0.0,0.0,0.0,0.0,0.0,0.0,0.0,0.0,0.0,0.0,0.0,0.0,0.0,0.0,3.0,6.0,0.0,0.0,2.0,2.0,0.0,0.0,2.0,2.0,5,5
148,202609011009,3.0,2.0,4.0,21.0,29.0,19.0,28.0,310.0,1.0,0.0,0.0,2.0,2.0,0.0,1.0,7.0,7.0,3.0,9.0,72.0,1.0,0.0,0.0,1.0,0.0,0.0,0.0,1.0,1.0,0.0,0.0,8.0,0.0,0.0,0.0,1.0,0.0,0.0,2.0,3.0,0.0,0.0,6.0,6.0,0.0,0.0,3.0,5.0,1,1
149,202609011009,84.0,77.0,65.0,590.0,4.0,3.0,5.0,34.0,0.0,1.0,0.0,4.0,23.0,27.0,23.0,181.0,1.0,2.0,0.0,10.0,0.0,1.0,0.0,2.0,5.0,2.0,3.0,8.0,0.0,0.0,0.0,0.0,0.0,0.0,0.0,0.0,0.0,0.0,3.0,2.0,0.0,0.0,11.0,2.0,0.0,0.0,10.0,8.0,2,2
150,202609011009,1.0,3.0,2.0,37.0,1.0,0.0,1.0,4.0,0.0,0.0,0.0,1.0,0.0,2.0,0.0,13.0,0.0,0.0,0.0,1.0,0.0,0.0,0.0,1.0,0.0,0.0,0.0,1.0,0.0,0.0,0.0,1.0,0.0,0.0,0.0,1.0,0.0,0.0,7.0,6.0,0.0,0.0,17.0,12.0,0.0,0.0,12.0,8.0,7,7
151,202609011009,33.0,23.0,52.0,371.0,29.0,19.0,28.0,310.0,0.0,0.0,4.0,5.0,5.0,5.0,11.0,78.0,7.0,3.0,9.0,72.0,0.0,0.0,1.0,1.0,0.0,1.0,0.0,6.0,1.0,0.0,0.0,8.0,0.0,0.0,0.0,1.0,0.0,0.0,11.0,6.0,0.0,0.0,5.0,4.0,0.0,0.0,14.0,9.0,6,6
152,202609011009,2.0,4.0,5.0,73.0,0.0,0.0,0.0,15.0,0.0,0.0,0.0,2.0,1.0,2.0,2.0,29.0,0.0,0.0,0.0,5.0,0.0,0.0,0.0,1.0,0.0,0.0,0.0,1.0,0.0,0.0,0.0,1.0,0.0,0.0,0.0,1.0,0.0,0.0,10.0,8.0,0.0,0.0,18.0,15.0,0.0,0.0,15.0,13.0,3,3
153,202609020105,6.0,9.0,6.0,70.0,93.0,104.0,82.0,669.0,4.0,5.0,3.0,10.0,1.0,2.0,2.0,22.0,28.0,21.0,20.0,177.0,1.0,0.0,0.0,3.0,0.0,0.0,0.0,10.0,9.0,5.0,9.0,66.0,0.0,0.0,0.0,1.0,0.0,0.0,14.0,9.0,,,,,,,,,5,10
154,202609020105,7.0,10.0,19.0,102.0,0.0,0.0,1.0,1.0,0.0,0.0,1.0,1.0,4.0,7.0,7.0,41.0,0.0,0.0,0.0,0.0,0.0,0.0,0.0,0.0,2.0,2.0,4.0,20.0,0.0,0.0,0.0,0.0,0.0,0.0,0.0,0.0,0.0,0.0,4.0,7.0,0.0,0.0,4.0,6.0,0.0,0.0,6.0,7.0,3,6
155,202609020105,1.0,0.0,2.0,7.0,29.0,19.0,28.0,310.0,0.0,0.0,0.0,1.0,1.0,0.0,1.0,2.0,7.0,3.0,9.0,72.0,0.0,0.0,0.0,0.0,1.0,0.0,1.0,2.0,1.0,2.0,2.0,21.0,0.0,0.0,0.0,0.0,0.0,0.0,1.0,3.0,0.0,0.0,12.0,3.0,0.0,0.0,90.0,4.0,1,2
156,202609020105,12.0,9.0,15.0,95.0,8.0,3.0,2.0,40.0,1.0,0.0,0.0,2.0,3.0,4.0,3.0,31.0,2.0,2.0,0.0,14.0,1.0,0.0,0.0,1.0,1.0,1.0,1.0,12.0,0.0,1.0,0.0,4.0,0.0,0.0,0.0,0.0,0.0,0.0,4.0,9.0,0.0,0.0,3.0,4.0,0.0,0.0,5.0,4.0,2,3
157,202609020105,84.0,77.0,65.0,590.0,9.0,11.0,15.0,149.0,0.0,0.0,0.0,4.0,23.0,27.0,23.0,181.0,5.0,3.0,6.0,35.0,0.0,0.0,0.0,1.0,7.0,10.0,8.0,59.0,4.0,2.0,2.0,16.0,0.0,0.0,0.0,0.0,0.0,0.0,6.0,13.0,,,,,,,,,2,4
158,202609020105,0.0,3.0,1.0,10.0,6.0,10.0,9.0,105.0,0.0,0.0,0.0,0.0,0.0,1.0,0.0,4.0,2.0,2.0,1.0,27.0,0.0,0.0,0.0,0.0,0.0,0.0,0.0,1.0,1.0,0.0,0.0,13.0,0.0,0.0,0.0,0.0,0.0,0.0,3.0,5.0,0.0,0.0,5.0,2.0,0.0,0.0,12.0,3.0,8,17
159,202609020105,3.0,4.0,4.0,64.0,93.0,104.0,82.0,669.0,1.0,2.0,1.0,15.0,1.0,1.0,2.0,13.0,28.0,21.0,20.0,177.0,1.0,1.0,0.0,3.0,0.0,0.0,1.0,4.0,9.0,5.0,9.0,66.0,0.0,0.0,0.0,1.0,,,,,,,,,,,,,8,18
160,202609020105,3.0,3.0,5.0,18.0,1.0,3.0,7.0,22.0,0.0,0.0,0.0,0.0,1.0,1.0,2.0,9.0,0.0,1.0,0.0,4.0,0.0,0.0,0.0,0.0,0.0,0.0,1.0,3.0,0.0,0.0,0.0,1.0,0.0,0.0,0.0,0.0,0.0,0.0,6.0,8.0,0.0,0.0,3.0,9.0,,,,,8,16
161,202609020105,3.0,3.0,5.0,18.0,0.0,0.0,0.0,2.0,0.0,0.0,0.0,0.0,1.0,1.0,2.0,9.0,0.0,0.0,0.0,0.0,0.0,0.0,0.0,0.0,0.0,0.0,1.0,3.0,0.0,0.0,0.0,0.0,0.0,0.0,0.0,0.0,,,,,,,,,,,,,6,12
162,202609020105,0.0,3.0,1.0,10.0,1.0,0.0,1.0,5.0,0.0,0.0,0.0,0.0,0.0,1.0,0.0,4.0,0.0,0.0,0.0,3.0,0.0,0.0,0.0,0.0,0.0,0.0,0.0,1.0,0.0,0.0,0.0,0.0,0.0,0.0,0.0,0.0,0.0,0.0,7.0,10.0,0.0,0.0,9.0,6.0,0.0,0.0,10.0,6.0,4,7
163,202609020105,6.0,9.0,6.0,70.0,2.0,1.0,0.0,24.0,0.0,0.0,0.0,0.0,1.0,2.0,2.0,22.0,1.0,1.0,0.0,3.0,0.0,0.0,0.0,0.0,0.0,0.0,0.0,10.0,1.0,1.0,0.0,1.0,0.0,0.0,0.0,0.0,0.0,0.0,4.0,11.0,0.0,0.0,13.0,9.0,0.0,0.0,12.0,5.0,4,8
164,202609020105,12.0,9.0,15.0,95.0,4.0,6.0,6.0,51.0,0.0,0.0,0.0,3.0,3.0,4.0,3.0,31.0,0.0,1.0,0.0,19.0,0.0,0.0,0.0,2.0,1.0,1.0,1.0,12.0,0.0,1.0,0.0,14.0,0.0,0.0,0.0,1.0,0.0,0.0,6.0,6.0,0.0,0.0,8.0,9.0,,,,,7,14
165,202609020105,11.0,7.0,7.0,63.0,0.0,0.0,2.0,19.0,0.0,0.0,0.0,0.0,4.0,1.0,0.0,13.0,0.0,0.0,0.0,4.0,0.0,0.0,0.0,0.0,1.0,0.0,0.0,6.0,0.0,0.0,0.0,1.0,0.0,0.0,0.0,0.0,0.0,0.0,17.0,13.0,0.0,0.0,9.0,12.0,,,,,7,13
166,202609020105,0.0,1.0,3.0,6.0,20.0,29.0,27.0,299.0,0.0,0.0,0.0,1.0,0.0,0.0,2.0,4.0,5.0,8.0,4.0,73.0,0.0,0.0,0.0,0.0,0.0,0.0,0.0,2.0,3.0,2.0,1.0,24.0,0.0,0.0,0.0,0.0,0.0,0.0,12.0,14.0,0.0,0.0,14.0,8.0,0.0,0.0,70.0,9.0,1,1
167,202609020105,5.0,3.0,3.0,50.0,93.0,104.0,82.0,669.0,0.0,1.0,1.0,16.0,1.0,1.0,1.0,13.0,28.0,21.0,20.0,177.0,0.0,0.0,1.0,5.0,0.0,0.0,0.0,9.0,9.0,5.0,9.0,66.0,0.0,0.0,0.0,3.0,0.0,0.0,16.0,15.0,0.0,0.0,14.0,16.0,0.0,0.0,15.0,18.0,5,9
168,202609020105,7.0,10.0,19.0,102.0,1.0,2.0,0.0,8.0,0.0,0.0,0.0,0.0,4.0,7.0,7.0,41.0,0.0,2.0,0.0,1.0,0.0,0.0,0.0,0.0,2.0,2.0,4.0,20.0,0.0,1.0,0.0,0.0,0.0,0.0,0.0,0.0,,,,,,,,,,,,,6,11
169,202609020105,4.0,3.0,9.0,49.0,1.0,1.0,4.0,13.0,1.0,0.0,1.0,2.0,0.0,1.0,2.0,19.0,0.0,0.0,3.0,6.0,0.0,0.0,0.0,1.0,0.0,1.0,1.0,9.0,0.0,0.0,3.0,3.0,0.0,0.0,0.0,0.0,0.0,0.0,15.0,17.0,0.0,0.0,16.0,7.0,,,,,3,5
170,202609020105,0.0,0.0,0.0,4.0,0.0,3.0,3.0,19.0,0.0,0.0,0.0,0.0,0.0,0.0,0.0,2.0,0.0,1.0,2.0,8.0,0.0,0.0,0.0,0.0,0.0,0.0,0.0,1.0,0.0,0.0,1.0,2.0,0.0,0.0,0.0,0.0,0.0,0.0,14.0,18.0,0.0,0.0,14.0,14.0,0.0,0.0,100.0,13.0,7,15
171,202609020211,84.0,77.0,65.0,590.0,2.0,1.0,3.0,15.0,1.0,0.0,0.0,1.0,23.0,27.0,23.0,181.0,0.0,0.0,0.0,5.0,0.0,0.0,0.0,0.0,4.0,7.0,7.0,45.0,0.0,0.0,0.0,1.0,0.0,0.0,0.0,0.0,0.0,0.0,3.0,1.0,0.0,0.0,2.0,9.0,0.0,0.0,20.0,3.0,5,6
172,202609020211,10.0,6.0,7.0,80.0,60.0,67.0,73.0,526.0,2.0,1.0,1.0,9.0,4.0,1.0,1.0,23.0,12.0,14.0,14.0,127.0,1.0,0.0,0.0,3.0,0.0,0.0,0.0,4.0,3.0,9.0,3.0,35.0,0.0,0.0,0.0,2.0,0.0,0.0,7.0,12.0,0.0,0.0,9.0,7.0,0.0,0.0,20.0,8.0,5,7
173,202609020211,84.0,77.0,65.0,590.0,5.0,8.0,5.0,73.0,2.0,1.0,0.0,7.0,23.0,27.0,23.0,181.0,1.0,0.0,0.0,10.0,0.0,0.0,0.0,1.0,4.0,7.0,7.0,45.0,1.0,0.0,0.0,4.0,0.0,0.0,0.0,1.0,0.0,0.0,17.0,13.0,0.0,0.0,15.0,14.0,0.0,0.0,10.0,16.0,1,1
174,202609020211,10.0,8.0,4.0,92.0,6.0,4.0,3.0,31.0,4.0,1.0,0.0,5.0,3.0,3.0,1.0,31.0,1.0,1.0,2.0,8.0,1.0,1.0,0.0,4.0,1.0,0.0,0.0,5.0,1.0,0.0,1.0,1.0,1.0,0.0,0.0,1.0,0.0,0.0,16.0,10.0,0.0,0.0,10.0,10.0,0.0,0.0,16.0,9.0,3,3
175,202609020211,3.0,2.0,4.0,21.0,8.0,3.0,2.0,40.0,0.0,0.0,0.0,2.0,2.0,0.0,1.0,7.0,2.0,2.0,0.0,14.0,0.0,0.0,0.0,2.0,0.0,0.0,1.0,2.0,2.0,1.0,0.0,5.0,0.0,0.0,0.0,2.0,0.0,0.0,4.0,4.0,0.0,0.0,8.0,12.0,0.0,0.0,11.0,5.0,4,5
176,202609020211,139.0,117.0,117.0,656.0,3.0,5.0,4.0,12.0,2.0,0.0,3.0,4.0,32.0,30.0,27.0,177.0,0.0,0.0,1.0,0.0,0.0,0.0,1.0,0.0,10.0,8.0,9.0,61.0,0.0,0.0,1.0,0.0,0.0,0.0,1.0,0.0,0.0,0.0,11.0,11.0,0.0,0.0,13.0,4.0,0.0,0.0,14.0,7.0,8,12
177,202609020211,77.0,78.0,60.0,470.0,2.0,1.0,0.0,18.0,1.0,0.0,0.0,2.0,17.0,17.0,12.0,119.0,0.0,0.0,0.0,3.0,0.0,0.0,0.0,0.0,2.0,1.0,4.0,29.0,0.0,0.0,0.0,0.0,0.0,0.0,0.0,0.0,0.0,0.0,11.0,15.0,0.0,0.0,14.0,15.0,0.0,0.0,10.0,10.0,2,2
178,202609020211,3.0,3.0,3.0,37.0,3.0,4.0,10.0,56.0,0.0,0.0,1.0,7.0,1.0,0.0,0.0,10.0,1.0,2.0,1.0,15.0,0.0,0.0,0.0,3.0,0.0,0.0,0.0,2.0,1.0,0.0,0.0,4.0,0.0,0.0,0.0,1.0,0.0,0.0,13.0,13.0,0.0,0.0,8.0,11.0,0.0,0.0,7.0,4.0,8,13
179,202609020211,2.0,4.0,5.0,73.0,0.0,1.0,1.0,20.0,0.0,0.0,0.0,2.0,1.0,2.0,2.0,29.0,0.0,0.0,0.0,4.0,0.0,0.0,0.0,0.0,0.0,0.0,0.0,3.0,0.0,0.0,0.0,0.0,0.0,0.0,0.0,0.0,0.0,0.0,14.0,13.0,0.0,0.0,15.0,15.0,0.0,0.0,150.0,16.0,7,11
180,202609020211,0.0,0.0,0.0,3.0,7.0,16.0,8.0,65.0,0.0,0.0,0.0,3.0,0.0,0.0,0.0,1.0,2.0,5.0,4.0,20.0,0.0,0.0,0.0,1.0,0.0,0.0,0.0,1.0,1.0,2.0,2.0,7.0,0.0,0.0,0.0,1.0,0.0,0.0,10.0,14.0,0.0,0.0,11.0,1.0,0.0,0.0,160.0,16.0,7,10
181,202609020211,9.0,8.0,9.0,184.0,4.0,8.0,5.0,48.0,0.0,0.0,0.0,4.0,1.0,2.0,1.0,53.0,1.0,3.0,2.0,15.0,0.0,0.0,0.0,1.0,0.0,1.0,0.0,7.0,0.0,2.0,0.0,3.0,0.0,0.0,0.0,1.0,0.0,0.0,10.0,11.0,0.0,0.0,8.0,8.0,0.0,0.0,9.0,10.0,6,8
182,202609020211,50.0,49.0,48.0,415.0,93.0,104.0,82.0,669.0,15.0,9.0,8.0,63.0,14.0,7.0,11.0,93.0,28.0,21.0,20.0,177.0,4.0,2.0,1.0,16.0,3.0,2.0,3.0,15.0,3.0,5.0,5.0,41.0,2.0,1.0,1.0,3.0,0.0,0.0,7.0,14.0,0.0,0.0,90.0,14.0,0.0,0.0,30.0,1.0,4,4
183,202609020211,1.0,4.0,1.0,26.0,20.0,12.0,15.0,184.0,1.0,1.0,0.0,8.0,1.0,1.0,1.0,12.0,5.0,2.0,3.0,63.0,1.0,0.0,0.0,5.0,0.0,1.0,0.0,5.0,1.0,1.0,0.0,7.0,0.0,0.0,0.0,2.0,0.0,0.0,2.0,13.0,0.0,0.0,9.0,6.0,0.0,0.0,4.0,8.0,6,9
184,202609020311,15.0,13.0,12.0,134.0,0.0,0.0,0.0,0.0,0.0,0.0,0.0,0.0,3.0,3.0,7.0,50.0,0.0,0.0,0.0,0.0,0.0,0.0,0.0,0.0,0.0,1.0,1.0,8.0,0.0,0.0,0.0,0.0,0.0,0.0,0.0,0.0,0.0,0.0,3.0,1.0,,,,,,,,,8,14
185,202609020311,0.0,0.0,0.0,2.0,1.0,0.0,1.0,8.0,0.0,0.0,0.0,0.0,0.0,0.0,0.0,0.0,0.0,0.0,0.0,5.0,0.0,0.0,0.0,0.0,0.0,0.0,0.0,0.0,0.0,0.0,0.0,0.0,0.0,0.0,0.0,0.0,0.0,0.0,8.0,8.0,0.0,0.0,9.0,12.0,0.0,0.0,10.0,6.0,7,11
186,202609020311,11.0,11.0,8.0,98.0,0.0,1.0,0.0,2.0,0.0,0.0,0.0,0.0,4.0,2.0,2.0,34.0,0.0,1.0,0.0,0.0,0.0,0.0,0.0,0.0,1.0,0.0,0.0,10.0,0.0,1.0,0.0,0.0,0.0,0.0,0.0,0.0,0.0,0.0,1.0,2.0,0.0,0.0,2.0,4.0,0.0,0.0,1.0,7.0,6,10
187,202609020311,7.0,6.0,10.0,64.0,2.0,0.0,4.0,12.0,0.0,0.0,0.0,0.0,1.0,1.0,4.0,17.0,1.0,0.0,0.0,3.0,0.0,0.0,0.0,0.0,0.0,1.0,0.0,2.0,0.0,0.0,0.0,1.0,0.0,0.0,0.0,0.0,0.0,0.0,6.0,1.0,0.0,0.0,10.0,5.0,0.0,0.0,9.0,13.0,4,5
188,202609020311,1.0,1.0,1.0,12.0,0.0,0.0,0.0,0.0,0.0,0.0,0.0,0.0,0.0,0.0,0.0,5.0,0.0,0.0,0.0,0.0,0.0,0.0,0.0,0.0,0.0,0.0,0.0,2.0,0.0,0.0,0.0,0.0,0.0,0.0,0.0,0.0,0.0,0.0,12.0,5.0,0.0,0.0,9.0,2.0,0.0,0.0,7.0,7.0,7,12
189,202609020311,0.0,0.0,0.0,0.0,3.0,2.0,5.0,8.0,0.0,0.0,0.0,0.0,0.0,0.0,0.0,0.0,0.0,1.0,4.0,4.0,0.0,0.0,0.0,0.0,0.0,0.0,0.0,0.0,0.0,0.0,0.0,0.0,0.0,0.0,0.0,0.0,0.0,0.0,9.0,6.0,0.0,0.0,8.0,13.0,0.0,0.0,4.0,1.0,6,9
190,202609020311,0.0,0.0,0.0,0.0,12.0,14.0,11.0,110.0,0.0,0.0,0.0,0.0,0.0,0.0,0.0,0.0,7.0,1.0,1.0,36.0,0.0,0.0,0.0,0.0,0.0,0.0,0.0,0.0,1.0,0.0,0.0,8.0,0.0,0.0,0.0,0.0,0.0,0.0,14.0,9.0,0.0,0.0,11.0,12.0,0.0,0.0,6.0,3.0,1,1
191,202609020311,1.0,1.0,0.0,3.0,0.0,0.0,0.0,4.0,0.0,0.0,0.0,0.0,1.0,0.0,0.0,0.0,0.0,0.0,0.0,1.0,0.0,0.0,0.0,0.0,0.0,0.0,0.0,0.0,0.0,0.0,0.0,0.0,0.0,0.0,0.0,0.0,0.0,0.0,1.0,7.0,0.0,0.0,10.0,1.0,0.0,0.0,10.0,1.0,5,8
192,202609020311,1.0,1.0,2.0,19.0,0.0,0.0,1.0,0.0,0.0,0.0,0.0,0.0,1.0,1.0,1.0,8.0,0.0,0.0,0.0,0.0,0.0,0.0,0.0,0.0,0.0,0.0,1.0,1.0,0.0,0.0,0.0,0.0,0.0,0.0,0.0,0.0,0.0,0.0,1.0,1.0,0.0,0.0,3.0,2.0,0.0,0.0,10.0,1.0,3,3
193,202609020311,0.0,0.0,0.0,1.0,7.0,6.0,3.0,41.0,0.0,0.0,0.0,0.0,0.0,0.0,0.0,0.0,1.0,2.0,1.0,15.0,0.0,0.0,0.0,0.0,0.0,0.0,0.0,0.0,0.0,1.0,0.0,4.0,0.0,0.0,0.0,0.0,0.0,0.0,13.0,10.0,0.0,0.0,8.0,10.0,0.0,0.0,7.0,11.0,2,2
194,202609020311,0.0,0.0,0.0,1.0,0.0,1.0,2.0,13.0,0.0,0.0,0.0,0.0,0.0,0.0,0.0,0.0,0.0,1.0,0.0,4.0,0.0,0.0,0.0,0.0,0.0,0.0,0.0,0.0,0.0,0.0,0.0,1.0,0.0,0.0,0.0,0.0,0.0,0.0,2.0,4.0,0.0,0.0,2.0,1.0,0.0,0.0,90.0,2.0,3,4
195,202609020311,15.0,13.0,12.0,134.0,0.0,0.0,0.0,0.0,0.0,0.0,0.0,0.0,3.0,3.0,7.0,50.0,0.0,0.0,0.0,0.0,0.0,0.0,0.0,0.0,0.0,1.0,1.0,8.0,0.0,0.0,0.0,0.0,0.0,0.0,0.0,0.0,0.0,0.0,9.0,1.0,0.0,0.0,3.0,5.0,0.0,0.0,20.0,1.0,4,6
196,202609020311,1.0,1.0,0.0,5.0,15.0,18.0,16.0,141.0,0.0,0.0,0.0,0.0,1.0,0.0,0.0,0.0,6.0,6.0,4.0,42.0,0.0,0.0,0.0,0.0,1.0,0.0,0.0,0.0,0.0,0.0,0.0,3.0,0.0,0.0,0.0,0.0,0.0,0.0,7.0,13.0,0.0,0.0,1.0,7.0,0.0,0.0,2.0,1.0,5,7
197,202609020311,2.0,0.0,0.0,4.0,4.0,4.0,0.0,25.0,0.0,0.0,0.0,0.0,0.0,0.0,0.0,2.0,2.0,1.0,0.0,6.0,0.0,0.0,0.0,0.0,0.0,0.0,0.0,0.0,0.0,1.0,0.0,1.0,0.0,0.0,0.0,0.0,0.0,0.0,5.0,4.0,0.0,0.0,5.0,2.0,0.0,0.0,7.0,1.0,8,13
198,202609020511,2.0,3.0,0.0,22.0,29.0,19.0,28.0,310.0,0.0,0.0,0.0,0.0,1.0,2.0,0.0,10.0,7.0,3.0,9.0,72.0,0.0,0.0,0.0,0.0,0.0,0.0,0.0,2.0,0.0,0.0,1.0,13.0,0.0,0.0,0.0,0.0,0.0,0.0,2.0,1.0,0.0,0.0,10.0,9.0,0.0,0.0,30.0,1.0,1,1
199,202609020511,13.0,22.0,25.0,187.0,15.0,18.0,18.0,167.0,2.0,0.0,2.0,18.0,1.0,3.0,5.0,32.0,3.0,2.0,5.0,40.0,0.0,0.0,2.0,2.0,0.0,1.0,0.0,6.0,1.0,0.0,1.0,6.0,0.0,0.0,0.0,0.0,0.0,0.0,1.0,16.0,0.0,0.0,10.0,1.0,0.0,0.0,40.0,1.0,5,5
200,202609020511,84.0,77.0,65.0,590.0,93.0,104.0,82.0,669.0,10.0,13.0,16.0,84.0,23.0,27.0,23.0,181.0,28.0,21.0,20.0,177.0,3.0,2.0,9.0,22.0,4.0,7.0,7.0,45.0,3.0,5.0,5.0,41.0,0.0,1.0,1.0,7.0,0.0,0.0,5.0,3.0,0.0,0.0,1.0,1.0,0.0,0.0,3.0,2.0,3,3
201,202609020511,10.0,6.0,7.0,80.0,60.0,67.0,73.0,526.0,2.0,1.0,1.0,9.0,4.0,1.0,1.0,23.0,12.0,14.0,14.0,127.0,1.0,0.0,0.0,3.0,0.0,0.0,0.0,4.0,3.0,9.0,3.0,35.0,0.0,0.0,0.0,2.0,0.0,0.0,4.0,2.0,0.0,0.0,7.0,12.0,0.0,0.0,9.0,7.0,7,7
202,202609020511,13.0,9.0,15.0,75.0,60.0,67.0,73.0,526.0,0.0,2.0,3.0,8.0,0.0,2.0,4.0,18.0,12.0,14.0,14.0,127.0,0.0,1.0,1.0,3.0,0.0,1.0,1.0,2.0,3.0,9.0,3.0,35.0,0.0,1.0,1.0,1.0,0.0,0.0,9.0,5.0,0.0,0.0,6.0,10.0,0.0,0.0,4.0,10.0,8,10
203,202609020511,84.0,77.0,65.0,590.0,1.0,0.0,0.0,1.0,0.0,0.0,0.0,0.0,23.0,27.0,23.0,181.0,0.0,0.0,0.0,0.0,0.0,0.0,0.0,0.0,4.0,7.0,7.0,45.0,0.0,0.0,0.0,0.0,0.0,0.0,0.0,0.0,0.0,0.0,7.0,15.0,0.0,0.0,50.0,3.0,0.0,0.0,10.0,1.0,7,8
204,202609020511,12.0,20.0,17.0,196.0,15.0,16.0,22.0,141.0,2.0,1.0,0.0,8.0,2.0,2.0,2.0,53.0,1.0,3.0,1.0,38.0,0.0,0.0,0.0,2.0,0.0,1.0,1.0,12.0,0.0,0.0,0.0,4.0,0.0,0.0,0.0,0.0,0.0,0.0,9.0,7.0,0.0,0.0,9.0,9.0,0.0,0.0,9.0,3.0,8,9
205,202609020511,17.0,12.0,18.0,149.0,1.0,1.0,1.0,2.0,1.0,1.0,1.0,0.0,4.0,3.0,3.0,41.0,1.0,0.0,1.0,1.0,1.0,0.0,1.0,0.0,2.0,1.0,2.0,4.0,0.0,0.0,1.0,0.0,0.0,0.0,1.0,0.0,0.0,0.0,4.0,2.0,0.0,0.0,6.0,16.0,0.0,0.0,40.0,1.0,4,4
206,202609020511,0.0,3.0,0.0,42.0,21.0,14.0,11.0,212.0,0.0,0.0,0.0,4.0,0.0,0.0,0.0,13.0,4.0,6.0,3.0,67.0,0.0,0.0,0.0,1.0,0.0,0.0,0.0,2.0,0.0,0.0,0.0,19.0,0.0,0.0,0.0,0.0,0.0,0.0,4.0,1.0,0.0,0.0,8.0,6.0,0.0,0.0,90.0,16.0,2,2
207,202609020511,35.0,40.0,29.0,314.0,5.0,4.0,3.0,42.0,1.0,1.0,0.0,0.0,13.0,16.0,9.0,95.0,1.0,1.0,1.0,9.0,1.0,1.0,0.0,0.0,4.0,6.0,3.0,26.0,1.0,1.0,0.0,4.0,1.0,1.0,0.0,0.0,0.0,0.0,2.0,10.0,0.0,0.0,3.0,7.0,0.0,0.0,10.0,1.0,6,6
208,202609020604,1.0,3.0,2.0,8.0,28.0,16.0,36.0,207.0,0.0,1.0,1.0,0.0,0.0,1.0,1.0,4.0,9.0,5.0,9.0,75.0,0.0,1.0,1.0,0.0,0.0,0.0,0.0,1.0,1.0,1.0,3.0,18.0,0.0,0.0,0.0,0.0,0.0,0.0,5.0,2.0,0.0,0.0,2.0,2.0,,,,,6,11
209,202609020604,84.0,77.0,65.0,590.0,22.0,19.0,20.0,195.0,3.0,6.0,1.0,34.0,23.0,27.0,23.0,181.0,4.0,7.0,3.0,61.0,1.0,3.0,0.0,12.0,7.0,10.0,8.0,59.0,1.0,3.0,0.0,21.0,0.0,1.0,0.0,2.0,0.0,0.0,3.0,6.0,,,,,,,,,2,3
210,202609020604,20.0,21.0,14.0,147.0,0.0,0.0,0.0,2.0,0.0,0.0,0.0,0.0,2.0,6.0,1.0,36.0,0.0,0.0,0.0,0.0,0.0,0.0,0.0,0.0,1.0,2.0,1.0,14.0,0.0,0.0,0.0,0.0,0.0,0.0,0.0,0.0,0.0,0.0,5.0,3.0,,,,,,,,,3,6
211,202609020604,2.0,3.0,0.0,22.0,8.0,3.0,2.0,40.0,0.0,0.0,0.0,1.0,1.0,2.0,0.0,10.0,2.0,2.0,0.0,14.0,0.0,0.0,0.0,0.0,1.0,1.0,0.0,4.0,0.0,1.0,0.0,4.0,0.0,0.0,0.0,0.0,0.0,0.0,2.0,4.0,0.0,0.0,4.0,5.0,0.0,0.0,3.0,2.0,4,8
212,202609020604,7.0,10.0,19.0,102.0,0.0,0.0,1.0,1.0,0.0,0.0,1.0,1.0,4.0,7.0,7.0,41.0,0.0,0.0,0.0,0.0,0.0,0.0,0.0,0.0,2.0,2.0,4.0,20.0,0.0,0.0,0.0,0.0,0.0,0.0,0.0,0.0,0.0,0.0,5.0,2.0,0.0,0.0,4.0,7.0,0.0,0.0,4.0,6.0,3,5
213,202609020604,20.0,25.0,21.0,187.0,0.0,1.0,0.0,15.0,0.0,0.0,0.0,2.0,7.0,8.0,6.0,69.0,0.0,1.0,0.0,9.0,0.0,0.0,0.0,2.0,2.0,3.0,2.0,28.0,0.0,0.0,0.0,5.0,0.0,0.0,0.0,2.0,0.0,0.0,8.0,5.0,0.0,0.0,11.0,6.0,,,,,8,17
214,202609020604,5.0,3.0,3.0,50.0,3.0,0.0,0.0,13.0,0.0,0.0,0.0,0.0,1.0,1.0,1.0,13.0,0.0,0.0,0.0,4.0,0.0,0.0,0.0,0.0,0.0,0.0,0.0,9.0,0.0,0.0,0.0,2.0,0.0,0.0,0.0,0.0,0.0,0.0,8.0,7.0,,,,,,,,,1,1
215,202609020604,20.0,25.0,21.0,187.0,22.0,19.0,20.0,195.0,0.0,0.0,2.0,10.0,7.0,8.0,6.0,69.0,4.0,7.0,3.0,61.0,0.0,0.0,1.0,6.0,2.0,3.0,2.0,28.0,1.0,3.0,0.0,21.0,0.0,0.0,0.0,3.0,,,,,,,,,,,,,2,4
216,202609020604,11.0,7.0,7.0,63.0,93.0,104.0,82.0,669.0,4.0,2.0,3.0,20.0,4.0,1.0,0.0,13.0,28.0,21.0,20.0,177.0,2.0,0.0,0.0,2.0,1.0,0.0,0.0,6.0,9.0,5.0,9.0,66.0,1.0,0.0,0.0,1.0,0.0,0.0,15.0,9.0,,,,,,,,,6,12
217,202609020604,1.0,1.0,2.0,21.0,9.0,7.0,10.0,134.0,0.0,0.0,0.0,0.0,0.0,0.0,1.0,1.0,1.0,2.0,5.0,33.0,0.0,0.0,0.0,0.0,0.0,0.0,1.0,1.0,0.0,1.0,1.0,10.0,0.0,0.0,0.0,0.0,0.0,0.0,14.0,10.0,,,,,,,,,5,10
218,202609020604,0.0,1.0,0.0,6.0,22.0,19.0,20.0,195.0,0.0,0.0,0.0,0.0,0.0,1.0,0.0,1.0,4.0,7.0,3.0,61.0,0.0,0.0,0.0,0.0,0.0,1.0,0.0,0.0,1.0,3.0,0.0,21.0,0.0,0.0,0.0,0.0,,,,,,,,,,,,,8,16
219,202609020604,56.0,70.0,62.0,424.0,4.0,6.0,6.0,51.0,1.0,0.0,1.0,3.0,18.0,20.0,17.0,117.0,0.0,1.0,0.0,19.0,0.0,0.0,0.0,0.0,8.0,6.0,7.0,34.0,0.0,1.0,0.0,14.0,0.0,0.0,0.0,0.0,0.0,0.0,7.0,12.0,0.0,0.0,3.0,8.0,0.0,0.0,6.0,2.0,7,14
220,202609020604,56.0,70.0,62.0,424.0,2.0,1.0,1.0,6.0,0.0,0.0,0.0,0.0,18.0,20.0,17.0,117.0,1.0,1.0,1.0,2.0,0.0,0.0,0.0,0.0,8.0,6.0,7.0,34.0,0.0,0.0,1.0,1.0,0.0,0.0,0.0,0.0,0.0,0.0,2.0,12.0,,,,,,,,,7,13
221,202609020604,0.0,0.0,0.0,0.0,1.0,0.0,0.0,1.0,0.0,0.0,0.0,0.0,0.0,0.0,0.0,0.0,0.0,0.0,0.0,0.0,0.0,0.0,0.0,0.0,0.0,0.0,0.0,0.0,0.0,0.0,0.0,0.0,0.0,0.0,0.0,0.0,0.0,0.0,12.0,14.0,0.0,0.0,13.0,13.0,,,,,1,2
222,202609020604,1.0,3.0,2.0,8.0,7.0,13.0,13.0,141.0,0.0,0.0,0.0,0.0,0.0,1.0,1.0,4.0,4.0,3.0,4.0,35.0,0.0,0.0,0.0,0.0,0.0,0.0,0.0,1.0,2.0,0.0,0.0,8.0,0.0,0.0,0.0,0.0,0.0,0.0,17.0,15.0,,,,,,,,,5,9
223,202609020604,15.0,19.0,14.0,152.0,0.0,0.0,0.0,2.0,0.0,0.0,0.0,0.0,1.0,3.0,3.0,14.0,0.0,0.0,0.0,0.0,0.0,0.0,0.0,0.0,1.0,2.0,0.0,5.0,0.0,0.0,0.0,0.0,0.0,0.0,0.0,0.0,0.0,0.0,4.0,16.0,,,,,,,,,4,7
224,202609020604,4.0,3.0,9.0,49.0,1.0,1.0,4.0,13.0,1.0,0.0,1.0,2.0,0.0,1.0,2.0,19.0,0.0,0.0,3.0,6.0,0.0,0.0,0.0,1.0,0.0,1.0,1.0,9.0,0.0,0.0,3.0,3.0,0.0,0.0,0.0,0.0,0.0,0.0,13.0,17.0,0.0,0.0,3.0,9.0,0.0,0.0,5.0,9.0,7,15
225,202609020604,0.0,1.0,0.0,3.0,4.0,6.0,6.0,51.0,0.0,0.0,0.0,0.0,0.0,1.0,0.0,0.0,0.0,1.0,0.0,19.0,0.0,0.0,0.0,0.0,0.0,1.0,0.0,0.0,0.0,1.0,0.0,14.0,0.0,0.0,0.0,0.0,0.0,0.0,16.0,18.0,,,,,,,,,8,18
226,202609020607,77.0,78.0,60.0,470.0,3.0,6.0,2.0,29.0,1.0,2.0,0.0,5.0,17.0,17.0,12.0,119.0,2.0,0.0,0.0,10.0,0.0,0.0,0.0,2.0,0.0,0.0,1.0,7.0,0.0,0.0,0.0,1.0,0.0,0.0,0.0,1.0,0.0,0.0,1.0,3.0,0.0,0.0,3.0,2.0,0.0,0.0,10.0,1.0,2,2
227,202609020607,6.0,9.0,6.0,70.0,22.0,19.0,20.0,195.0,0.0,1.0,1.0,2.0,1.0,2.0,2.0,22.0,4.0,7.0,3.0,61.0,0.0,0.0,0.0,0.0,0.0,0.0,0.0,0.0,0.0,1.0,1.0,2.0,0.0,0.0,0.0,0.0,0.0,0.0,7.0,2.0,0.0,0.0,6.0,10.0,0.0,0.0,5.0,12.0,8,11
228,202609020607,4.0,8.0,8.0,58.0,93.0,104.0,82.0,669.0,1.0,2.0,2.0,6.0,0.0,3.0,1.0,17.0,28.0,21.0,20.0,177.0,0.0,1.0,0.0,2.0,0.0,0.0,0.0,2.0,4.0,2.0,1.0,6.0,0.0,0.0,0.0,0.0,0.0,0.0,7.0,5.0,0.0,0.0,6.0,5.0,0.0,0.0,5.0,6.0,4,4
229,202609020607,33.0,23.0,52.0,371.0,29.0,19.0,28.0,310.0,0.0,0.0,4.0,5.0,5.0,5.0,11.0,78.0,7.0,3.0,9.0,72.0,0.0,0.0,1.0,1.0,0.0,1.0,0.0,6.0,1.0,0.0,0.0,8.0,0.0,0.0,0.0,1.0,0.0,0.0,5.0,7.0,0.0,0.0,11.0,6.0,0.0,0.0,5.0,4.0,3,3
230,202609020607,17.0,12.0,18.0,149.0,0.0,0.0,0.0,14.0,0.0,0.0,0.0,1.0,4.0,3.0,3.0,41.0,0.0,0.0,0.0,5.0,0.0,0.0,0.0,1.0,0.0,0.0,0.0,4.0,0.0,0.0,0.0,1.0,0.0,0.0,0.0,1.0,0.0,0.0,5.0,7.0,0.0,0.0,5.0,3.0,0.0,0.0,6.0,8.0,6,6
231,202609020607,49.0,25.0,43.0,308.0,93.0,104.0,82.0,669.0,12.0,8.0,3.0,56.0,16.0,12.0,16.0,95.0,28.0,21.0,20.0,177.0,5.0,5.0,1.0,23.0,1.0,1.0,1.0,7.0,4.0,2.0,1.0,6.0,1.0,1.0,0.0,1.0,0.0,0.0,3.0,6.0,0.0,0.0,3.0,7.0,0.0,0.0,2.0,2.0,8,10
232,202609020607,17.0,12.0,18.0,149.0,6.0,10.0,9.0,105.0,0.0,0.0,0.0,1.0,4.0,3.0,3.0,41.0,2.0,2.0,1.0,27.0,0.0,0.0,0.0,0.0,0.0,0.0,0.0,4.0,0.0,0.0,0.0,2.0,0.0,0.0,0.0,0.0,0.0,0.0,11.0,9.0,0.0,0.0,16.0,12.0,0.0,0.0,60.0,9.0,5,5
233,202609020607,84.0,77.0,65.0,590.0,20.0,29.0,27.0,299.0,3.0,1.0,2.0,16.0,23.0,27.0,23.0,181.0,5.0,8.0,4.0,73.0,2.0,0.0,0.0,5.0,5.0,2.0,3.0,8.0,0.0,0.0,2.0,1.0,0.0,0.0,0.0,0.0,0.0,0.0,16.0,12.0,0.0,0.0,14.0,14.0,0.0,0.0,14.0,12.0,7,9
234,202609020607,1.0,0.0,2.0,16.0,60.0,67.0,73.0,526.0,0.0,0.0,1.0,2.0,0.0,0.0,0.0,7.0,12.0,14.0,14.0,127.0,0.0,0.0,0.0,1.0,0.0,0.0,0.0,0.0,2.0,0.0,0.0,7.0,0.0,0.0,0.0,0.0,0.0,0.0,4.0,9.0,0.0,0.0,12.0,7.0,0.0,0.0,16.0,16.0,1,1
235,202609020607,77.0,78.0,60.0,470.0,2.0,5.0,8.0,32.0,0.0,4.0,2.0,7.0,17.0,17.0,12.0,119.0,1.0,1.0,2.0,9.0,0.0,1.0,1.0,3.0,0.0,0.0,1.0,7.0,0.0,0.0,0.0,0.0,0.0,0.0,0.0,0.0,0.0,0.0,7.0,6.0,0.0,0.0,12.0,8.0,0.0,0.0,140.0,10.0,7,8
236,202609020607,6.0,11.0,4.0,67.0,0.0,3.0,2.0,17.0,0.0,2.0,0.0,7.0,1.0,5.0,1.0,19.0,0.0,0.0,0.0,4.0,0.0,0.0,0.0,2.0,0.0,0.0,0.0,0.0,0.0,0.0,0.0,0.0,0.0,0.0,0.0,0.0,0.0,0.0,10.0,11.0,0.0,0.0,9.0,7.0,0.0,0.0,14.0,12.0,6,7
237,202609020611,6.0,6.0,9.0,88.0,16.0,18.0,22.0,173.0,1.0,0.0,1.0,8.0,2.0,0.0,2.0,29.0,4.0,1.0,1.0,45.0,1.0,0.0,0.0,3.0,1.0,0.0,1.0,9.0,2.0,0.0,1.0,8.0,1.0,0.0,0.0,0.0,0.0,0.0,2.0,1.0,0.0,0.0,10.0,2.0,0.0,0.0,40.0,1.0,7,15
238,202609020611,84.0,77.0,65.0,590.0,4.0,2.0,3.0,3.0,4.0,2.0,3.0,3.0,23.0,27.0,23.0,181.0,2.0,2.0,3.0,1.0,2.0,2.0,3.0,1.0,4.0,7.0,7.0,45.0,1.0,1.0,1.0,1.0,1.0,1.0,1.0,1.0,0.0,0.0,5.0,2.0,0.0,0.0,1.0,9.0,0.0,0.0,4.0,2.0,3,5
239,202609020611,84.0,77.0,65.0,590.0,2.0,3.0,4.0,22.0,1.0,2.0,1.0,9.0,23.0,27.0,23.0,181.0,1.0,2.0,2.0,7.0,1.0,2.0,1.0,4.0,4.0,7.0,7.0,45.0,0.0,0.0,0.0,2.0,0.0,0.0,0.0,0.0,0.0,0.0,12.0,3.0,0.0,0.0,11.0,2.0,0.0,0.0,2.0,1.0,6,11
240,202609020611,2.0,4.0,4.0,36.0,0.0,0.0,0.0,0.0,0.0,0.0,0.0,0.0,0.0,0.0,0.0,13.0,0.0,0.0,0.0,0.0,0.0,0.0,0.0,0.0,0.0,0.0,0.0,3.0,0.0,0.0,0.0,0.0,0.0,0.0,0.0,0.0,0.0,0.0,13.0,4.0,0.0,0.0,4.0,3.0,0.0,0.0,6.0,3.0,3,6
241,202609020611,56.0,70.0,62.0,424.0,93.0,104.0,82.0,669.0,12.0,19.0,9.0,85.0,18.0,20.0,17.0,117.0,28.0,21.0,20.0,177.0,5.0,2.0,2.0,23.0,3.0,2.0,3.0,25.0,3.0,5.0,5.0,41.0,1.0,0.0,0.0,5.0,0.0,0.0,1.0,3.0,0.0,0.0,1.0,5.0,0.0,0.0,10.0,1.0,4,7
242,202609020611,1.0,1.0,1.0,11.0,0.0,1.0,0.0,2.0,0.0,1.0,0.0,1.0,0.0,0.0,1.0,4.0,0.0,0.0,0.0,0.0,0.0,0.0,0.0,0.0,0.0,0.0,0.0,0.0,0.0,0.0,0.0,0.0,0.0,0.0,0.0,0.0,0.0,0.0,7.0,6.0,0.0,0.0,8.0,2.0,0.0,0.0,7.0,1.0,5,10
243,202609020611,6.0,6.0,9.0,88.0,14.0,15.0,4.0,91.0,0.0,0.0,0.0,0.0,2.0,0.0,2.0,29.0,1.0,2.0,1.0,18.0,0.0,0.0,0.0,0.0,1.0,0.0,1.0,9.0,0.0,0.0,0.0,4.0,0.0,0.0,0.0,0.0,0.0,0.0,11.0,7.0,0.0,0.0,2.0,2.0,0.0,0.0,3.0,5.0,1,2
244,202609020611,0.0,1.0,3.0,6.0,22.0,19.0,20.0,195.0,0.0,0.0,0.0,2.0,0.0,0.0,2.0,4.0,4.0,7.0,3.0,61.0,0.0,0.0,0.0,2.0,0.0,0.0,1.0,0.0,1.0,0.0,2.0,8.0,0.0,0.0,0.0,0.0,0.0,0.0,14.0,8.0,0.0,0.0,6.0,7.0,0.0,0.0,1.0,1.0,2,4
245,202609020611,77.0,78.0,60.0,470.0,14.0,15.0,4.0,91.0,2.0,2.0,0.0,4.0,17.0,17.0,12.0,119.0,1.0,2.0,1.0,18.0,1.0,1.0,0.0,2.0,2.0,1.0,4.0,29.0,0.0,0.0,0.0,4.0,0.0,0.0,0.0,0.0,0.0,0.0,2.0,1.0,0.0,0.0,1.0,1.0,0.0,0.0,10.0,3.0,7,14
246,202609020611,12.0,9.0,15.0,95.0,0.0,0.0,0.0,1.0,0.0,0.0,0.0,1.0,3.0,4.0,3.0,31.0,0.0,0.0,0.0,1.0,0.0,0.0,0.0,1.0,1.0,1.0,0.0,8.0,0.0,0.0,0.0,1.0,0.0,0.0,0.0,1.0,0.0,0.0,1.0,8.0,0.0,0.0,11.0,7.0,0.0,0.0,10.0,2.0,8,16
247,202609020611,17.0,12.0,18.0,149.0,60.0,67.0,73.0,526.0,0.0,3.0,2.0,4.0,4.0,3.0,3.0,41.0,12.0,14.0,14.0,127.0,0.0,0.0,0.0,0.0,2.0,1.0,2.0,4.0,3.0,9.0,3.0,35.0,0.0,0.0,0.0,0.0,0.0,0.0,3.0,11.0,0.0,0.0,1.0,1.0,0.0,0.0,2.0,1.0,7,13
248,202609020611,5.0,3.0,3.0,50.0,0.0,0.0,0.0,0.0,0.0,0.0,0.0,0.0,1.0,1.0,1.0,13.0,0.0,0.0,0.0,0.0,0.0,0.0,0.0,0.0,0.0,0.0,0.0,0.0,0.0,0.0,0.0,0.0,0.0,0.0,0.0,0.0,0.0,0.0,6.0,12.0,0.0,0.0,2.0,1.0,0.0,0.0,5.0,9.0,2,3
249,202609020611,4.0,4.0,7.0,57.0,3.0,3.0,7.0,26.0,0.0,0.0,0.0,1.0,2.0,3.0,3.0,25.0,2.0,1.0,2.0,12.0,0.0,0.0,0.0,1.0,1.0,0.0,0.0,7.0,0.0,0.0,0.0,3.0,0.0,0.0,0.0,1.0,0.0,0.0,1.0,1.0,0.0,0.0,9.0,4.0,0.0,0.0,4.0,2.0,6,12
250,202609020611,84.0,77.0,65.0,590.0,93.0,104.0,82.0,669.0,10.0,13.0,16.0,84.0,23.0,27.0,23.0,181.0,28.0,21.0,20.0,177.0,3.0,2.0,9.0,22.0,4.0,7.0,7.0,45.0,3.0,5.0,5.0,41.0,0.0,1.0,1.0,7.0,0.0,0.0,15.0,14.0,0.0,0.0,12.0,2.0,0.0,0.0,2.0,1.0,5,9
251,202609020611,20.0,21.0,14.0,147.0,0.0,0.0,0.0,0.0,0.0,0.0,0.0,0.0,2.0,6.0,1.0,36.0,0.0,0.0,0.0,0.0,0.0,0.0,0.0,0.0,1.0,2.0,0.0,8.0,0.0,0.0,0.0,0.0,0.0,0.0,0.0,0.0,0.0,0.0,10.0,15.0,0.0,0.0,5.0,1.0,0.0,0.0,2.0,4.0,8,17
252,202609020611,0.0,0.0,0.0,12.0,1.0,0.0,1.0,5.0,0.0,0.0,0.0,1.0,0.0,0.0,0.0,5.0,0.0,0.0,0.0,3.0,0.0,0.0,0.0,0.0,0.0,0.0,0.0,1.0,0.0,0.0,0.0,0.0,0.0,0.0,0.0,0.0,0.0,0.0,18.0,16.0,0.0,0.0,7.0,5.0,0.0,0.0,4.0,8.0,8,18
253,202609020611,5.0,3.0,3.0,50.0,22.0,19.0,20.0,195.0,2.0,0.0,2.0,3.0,1.0,1.0,1.0,13.0,4.0,7.0,3.0,61.0,1.0,0.0,0.0,1.0,0.0,0.0,0.0,0.0,1.0,0.0,2.0,8.0,0.0,0.0,0.0,0.0,0.0,0.0,8.0,17.0,0.0,0.0,1.0,1.0,0.0,0.0,30.0,3.0,1,1
254,202609020611,49.0,25.0,43.0,308.0,16.0,18.0,22.0,173.0,2.0,0.0,2.0,9.0,16.0,12.0,16.0,95.0,4.0,1.0,1.0,45.0,0.0,0.0,0.0,2.0,1.0,1.0,3.0,24.0,2.0,0.0,1.0,8.0,0.0,0.0,0.0,1.0,0.0,0.0,9.0,2.0,0.0,0.0,3.0,3.0,0.0,0.0,3.0,1.0,4,8
255,202609020707,5.0,3.0,3.0,50.0,93.0,104.0,82.0,669.0,0.0,1.0,1.0,16.0,1.0,1.0,1.0,13.0,28.0,21.0,20.0,177.0,0.0,0.0,1.0,5.0,0.0,0.0,1.0,2.0,4.0,3.0,5.0,21.0,0.0,0.0,1.0,1.0,0.0,0.0,1.0,2.0,0.0,0.0,2.0,4.0,0.0,0.0,1.0,9.0,2,2
256,202609020707,0.0,0.0,2.0,1.0,8.0,15.0,11.0,75.0,0.0,0.0,1.0,0.0,0.0,0.0,1.0,1.0,5.0,5.0,4.0,28.0,0.0,0.0,0.0,0.0,0.0,0.0,1.0,1.0,0.0,2.0,1.0,8.0,0.0,0.0,0.0,0.0,0.0,0.0,5.0,3.0,0.0,0.0,40.0,4.0,0.0,0.0,50.0,4.0,1,1
257,202609020707,10.0,6.0,7.0,80.0,16.0,18.0,22.0,173.0,1.0,0.0,2.0,9.0,4.0,1.0,1.0,23.0,4.0,1.0,1.0,45.0,1.0,0.0,0.0,0.0,2.0,0.0,0.0,1.0,1.0,0.0,0.0,10.0,0.0,0.0,0.0,0.0,0.0,0.0,4.0,2.0,0.0,0.0,2.0,5.0,0.0,0.0,2.0,3.0,7,11
258,202609020707,10.0,6.0,7.0,80.0,60.0,67.0,73.0,526.0,2.0,1.0,1.0,9.0,4.0,1.0,1.0,23.0,12.0,14.0,14.0,127.0,1.0,0.0,0.0,3.0,2.0,0.0,0.0,1.0,1.0,0.0,0.0,18.0,0.0,0.0,0.0,0.0,0.0,0.0,2.0,2.0,0.0,0.0,1.0,4.0,0.0,0.0,4.0,2.0,8,13
259,202609020707,4.0,4.0,7.0,57.0,5.0,9.0,15.0,60.0,0.0,2.0,1.0,1.0,2.0,3.0,3.0,25.0,3.0,4.0,4.0,19.0,0.0,2.0,1.0,1.0,1.0,3.0,1.0,5.0,1.0,2.0,0.0,7.0,0.0,2.0,0.0,1.0,0.0,0.0,11.0,8.0,0.0,0.0,8.0,7.0,0.0,0.0,80.0,13.0,8,14
260,202609020707,7.0,11.0,6.0,46.0,60.0,67.0,73.0,526.0,1.0,0.0,0.0,1.0,1.0,2.0,2.0,18.0,12.0,14.0,14.0,127.0,0.0,0.0,0.0,1.0,0.0,0.0,0.0,1.0,1.0,0.0,0.0,18.0,0.0,0.0,0.0,0.0,0.0,0.0,5.0,3.0,0.0,0.0,2.0,9.0,0.0,0.0,7.0,5.0,4,5
261,202609020707,7.0,7.0,6.0,65.0,26.0,24.0,24.0,246.0,2.0,2.0,1.0,1.0,0.0,0.0,0.0,14.0,5.0,5.0,6.0,65.0,0.0,0.0,0.0,0.0,0.0,0.0,0.0,1.0,1.0,0.0,1.0,6.0,0.0,0.0,0.0,0.0,0.0,0.0,7.0,7.0,0.0,0.0,4.0,6.0,0.0,0.0,2.0,7.0,3,3
262,202609020707,15.0,19.0,14.0,152.0,5.0,4.0,9.0,61.0,2.0,1.0,1.0,14.0,1.0,3.0,3.0,14.0,1.0,2.0,2.0,15.0,0.0,1.0,1.0,1.0,0.0,1.0,2.0,4.0,0.0,2.0,1.0,6.0,0.0,1.0,0.0,0.0,0.0,0.0,6.0,8.0,0.0,0.0,2.0,4.0,0.0,0.0,2.0,10.0,7,12
263,202609020707,10.0,8.0,4.0,92.0,0.0,0.0,0.0,8.0,0.0,0.0,0.0,1.0,3.0,3.0,1.0,31.0,0.0,0.0,0.0,7.0,0.0,0.0,0.0,1.0,0.0,0.0,1.0,2.0,0.0,0.0,0.0,0.0,0.0,0.0,0.0,0.0,0.0,0.0,14.0,9.0,0.0,0.0,13.0,12.0,0.0,0.0,60.0,10.0,3,4
264,202609020707,20.0,25.0,21.0,187.0,17.0,9.0,8.0,78.0,0.0,0.0,0.0,0.0,7.0,8.0,6.0,69.0,4.0,4.0,2.0,21.0,0.0,0.0,0.0,0.0,2.0,1.0,0.0,12.0,0.0,0.0,1.0,3.0,0.0,0.0,0.0,0.0,0.0,0.0,11.0,10.0,0.0,0.0,11.0,10.0,0.0,0.0,8.0,10.0,4,6
265,202609020707,77.0,78.0,60.0,470.0,4.0,2.0,5.0,16.0,0.0,0.0,0.0,1.0,17.0,17.0,12.0,119.0,1.0,1.0,2.0,2.0,0.0,0.0,0.0,0.0,3.0,6.0,2.0,20.0,0.0,0.0,1.0,0.0,0.0,0.0,0.0,0.0,0.0,0.0,9.0,11.0,0.0,0.0,11.0,16.0,0.0,0.0,14.0,6.0,5,8
266,202609020707,56.0,70.0,62.0,424.0,6.0,3.0,3.0,34.0,0.0,0.0,0.0,1.0,18.0,20.0,17.0,117.0,3.0,1.0,2.0,8.0,0.0,0.0,0.0,0.0,1.0,6.0,3.0,26.0,0.0,0.0,0.0,2.0,0.0,0.0,0.0,0.0,0.0,0.0,12.0,12.0,0.0,0.0,12.0,9.0,0.0,0.0,110.0,7.0,6,9
267,202609020707,20.0,21.0,14.0,147.0,4.0,8.0,5.0,48.0,0.0,1.0,0.0,8.0,2.0,6.0,1.0,36.0,1.0,3.0,2.0,15.0,0.0,0.0,0.0,5.0,0.0,1.0,0.0,8.0,1.0,0.0,0.0,4.0,0.0,0.0,0.0,2.0,0.0,0.0,10.0,13.0,0.0,0.0,5.0,13.0,0.0,0.0,8.0,12.0,6,10
268,202609020707,0.0,0.0,0.0,9.0,21.0,14.0,11.0,212.0,0.0,0.0,0.0,3.0,0.0,0.0,0.0,5.0,4.0,6.0,3.0,67.0,0.0,0.0,0.0,2.0,0.0,0.0,0.0,0.0,1.0,1.0,0.0,6.0,0.0,0.0,0.0,0.0,0.0,0.0,13.0,14.0,0.0,0.0,14.0,12.0,0.0,0.0,80.0,8.0,5,7
269,202609020807,0.0,1.0,0.0,0.0,0.0,0.0,0.0,1.0,0.0,0.0,0.0,0.0,0.0,0.0,0.0,0.0,0.0,0.0,0.0,0.0,0.0,0.0,0.0,0.0,0.0,0.0,0.0,0.0,0.0,0.0,0.0,0.0,0.0,0.0,0.0,0.0,0.0,0.0,1.0,1.0,0.0,0.0,5.0,1.0,0.0,0.0,7.0,2.0,2,2
270,202609020807,56.0,70.0,62.0,424.0,12.0,17.0,18.0,87.0,1.0,0.0,0.0,1.0,18.0,20.0,17.0,117.0,3.0,2.0,3.0,19.0,0.0,0.0,0.0,0.0,1.0,6.0,3.0,26.0,1.0,0.0,0.0,7.0,0.0,0.0,0.0,0.0,0.0,0.0,3.0,13.0,0.0,0.0,4.0,3.0,0.0,0.0,30.0,1.0,1,1
271,202609020807,7.0,10.0,19.0,102.0,0.0,0.0,0.0,1.0,0.0,0.0,0.0,0.0,4.0,7.0,7.0,41.0,0.0,0.0,0.0,1.0,0.0,0.0,0.0,0.0,1.0,0.0,0.0,7.0,0.0,0.0,0.0,0.0,0.0,0.0,0.0,0.0,0.0,0.0,4.0,6.0,0.0,0.0,7.0,16.0,0.0,0.0,4.0,5.0,6,6
272,202609020807,0.0,2.0,0.0,4.0,1.0,0.0,1.0,13.0,0.0,0.0,0.0,0.0,0.0,0.0,0.0,0.0,0.0,0.0,0.0,4.0,0.0,0.0,0.0,0.0,0.0,0.0,0.0,0.0,0.0,0.0,0.0,0.0,0.0,0.0,0.0,0.0,0.0,0.0,4.0,4.0,0.0,0.0,12.0,12.0,0.0,0.0,5.0,6.0,4,4
273,202609020807,1.0,0.0,0.0,20.0,3.0,0.0,0.0,13.0,0.0,0.0,0.0,0.0,0.0,0.0,0.0,8.0,0.0,0.0,0.0,4.0,0.0,0.0,0.0,0.0,0.0,0.0,0.0,1.0,0.0,0.0,0.0,0.0,0.0,0.0,0.0,0.0,0.0,0.0,2.0,5.0,0.0,0.0,4.0,7.0,0.0,0.0,2.0,1.0,7,7
274,202609020807,49.0,25.0,43.0,308.0,93.0,104.0,82.0,669.0,12.0,8.0,3.0,56.0,16.0,12.0,16.0,95.0,28.0,21.0,20.0,177.0,5.0,5.0,1.0,23.0,3.0,2.0,1.0,18.0,4.0,3.0,5.0,21.0,1.0,2.0,1.0,3.0,0.0,0.0,6.0,5.0,0.0,0.0,12.0,13.0,0.0,0.0,2.0,1.0,8,8
275,202609020807,17.0,12.0,18.0,149.0,0.0,1.0,0.0,6.0,0.0,0.0,0.0,2.0,4.0,3.0,3.0,41.0,0.0,0.0,0.0,2.0,0.0,0.0,0.0,2.0,0.0,1.0,0.0,7.0,0.0,0.0,0.0,0.0,0.0,0.0,0.0,0.0,0.0,0.0,8.0,8.0,0.0,0.0,10.0,11.0,0.0,0.0,11.0,10.0,5,5
276,202609020807,139.0,117.0,117.0,656.0,2.0,1.0,4.0,21.0,1.0,1.0,1.0,6.0,32.0,30.0,27.0,177.0,1.0,0.0,1.0,6.0,1.0,0.0,0.0,1.0,2.0,2.0,3.0,15.0,1.0,0.0,1.0,0.0,1.0,0.0,0.0,0.0,0.0,0.0,4.0,1.0,0.0,0.0,8.0,2.0,0.0,0.0,11.0,2.0,3,3
277,202609020811,13.0,9.0,15.0,75.0,60.0,67.0,73.0,526.0,0.0,2.0,3.0,8.0,0.0,2.0,4.0,18.0,12.0,14.0,14.0,127.0,0.0,1.0,1.0,3.0,0.0,0.0,0.0,0.0,0.0,0.0,2.0,7.0,0.0,0.0,0.0,0.0,0.0,0.0,1.0,12.0,0.0,0.0,5.0,2.0,0.0,0.0,6.0,2.0,5,5
278,202609020811,84.0,77.0,65.0,590.0,21.0,14.0,11.0,212.0,3.0,2.0,0.0,13.0,23.0,27.0,23.0,181.0,4.0,6.0,3.0,67.0,1.0,0.0,0.0,7.0,2.0,0.0,2.0,15.0,0.0,0.0,0.0,3.0,0.0,0.0,0.0,1.0,0.0,0.0,7.0,6.0,0.0,0.0,2.0,4.0,0.0,0.0,14.0,9.0,3,3
279,202609020811,77.0,78.0,60.0,470.0,0.0,3.0,1.0,9.0,0.0,0.0,0.0,0.0,17.0,17.0,12.0,119.0,0.0,0.0,0.0,3.0,0.0,0.0,0.0,0.0,1.0,1.0,0.0,4.0,0.0,0.0,0.0,0.0,0.0,0.0,0.0,0.0,0.0,0.0,1.0,4.0,0.0,0.0,4.0,2.0,0.0,0.0,4.0,5.0,4,4
280,202609020811,1.0,0.0,0.0,1.0,20.0,29.0,27.0,299.0,1.0,0.0,0.0,0.0,0.0,0.0,0.0,1.0,5.0,8.0,4.0,73.0,0.0,0.0,0.0,0.0,0.0,0.0,0.0,0.0,1.0,1.0,1.0,2.0,0.0,0.0,0.0,0.0,0.0,0.0,6.0,1.0,0.0,0.0,1.0,12.0,0.0,0.0,4.0,4.0,1,1
281,202609020811,2.0,1.0,3.0,14.0,7.0,13.0,13.0,141.0,1.0,0.0,0.0,2.0,1.0,0.0,2.0,6.0,4.0,3.0,4.0,35.0,1.0,0.0,0.0,1.0,0.0,0.0,0.0,0.0,0.0,0.0,0.0,0.0,0.0,0.0,0.0,0.0,0.0,0.0,3.0,6.0,0.0,0.0,11.0,2.0,0.0,0.0,9.0,13.0,8,9
282,202609020811,4.0,3.0,9.0,49.0,0.0,3.0,2.0,17.0,0.0,0.0,0.0,0.0,0.0,1.0,2.0,19.0,0.0,0.0,0.0,4.0,0.0,0.0,0.0,0.0,0.0,0.0,0.0,0.0,0.0,0.0,0.0,0.0,0.0,0.0,0.0,0.0,0.0,0.0,6.0,15.0,0.0,0.0,4.0,5.0,0.0,0.0,4.0,8.0,2,2
283,202609020811,12.0,9.0,15.0,95.0,0.0,1.0,0.0,15.0,0.0,0.0,0.0,0.0,3.0,4.0,3.0,31.0,0.0,1.0,0.0,9.0,0.0,0.0,0.0,0.0,0.0,0.0,1.0,0.0,0.0,0.0,0.0,0.0,0.0,0.0,0.0,0.0,0.0,0.0,6.0,10.0,0.0,0.0,1.0,3.0,0.0,0.0,20.0,10.0,7,8
284,202609020811,77.0,78.0,60.0,470.0,4.0,2.0,2.0,40.0,0.0,0.0,0.0,8.0,17.0,17.0,12.0,119.0,3.0,1.0,1.0,14.0,0.0,0.0,0.0,2.0,1.0,1.0,0.0,4.0,0.0,0.0,0.0,0.0,0.0,0.0,0.0,0.0,0.0,0.0,10.0,9.0,0.0,0.0,14.0,17.0,0.0,0.0,13.0,13.0,8,10
285,202609020811,56.0,70.0,62.0,424.0,93.0,104.0,82.0,669.0,12.0,19.0,9.0,85.0,18.0,20.0,17.0,117.0,28.0,21.0,20.0,177.0,5.0,2.0,2.0,23.0,0.0,1.0,0.0,7.0,2.0,2.0,0.0,10.0,0.0,0.0,0.0,0.0,0.0,0.0,5.0,10.0,0.0,0.0,1.0,14.0,0.0,0.0,1.0,2.0,7,7
286,202609020811,,,,,,,,,,,,,,,,,,,,,,,,,,,,,,,,,,,,,,,,,,,,,,,,,6,6
