,race_type,course_len,ground_state,class,avg_frame,avg_horse,total_winners,frame_1_wins,frame_2_wins,frame_3_wins,frame_4_wins,frame_5_wins,frame_6_wins,frame_7_wins,frame_8_wins,horse_1_wins,horse_2_wins,horse_3_wins,horse_4_wins,horse_5_wins,horse_6_wins,horse_7_wins,horse_8_wins,horse_9_wins,horse_10_wins,horse_11_wins,horse_12_wins,horse_13_wins,horse_14_wins,horse_15_wins,horse_16_wins,horse_17_wins,horse_18_wins
0,芝,1300,全,all,,,0,0,0,0,0,0,0,0,0,0,0,0,0,0,0,0,0,0,0,0,0,0,0,0,0,0,0
1,芝,1300,良,all,,,0,0,0,0,0,0,0,0,0,0,0,0,0,0,0,0,0,0,0,0,0,0,0,0,0,0,0
2,芝,1300,稍重,all,,,0,0,0,0,0,0,0,0,0,0,0,0,0,0,0,0,0,0,0,0,0,0,0,0,0,0,0
3,芝,1300,重,all,,,0,0,0,0,0,0,0,0,0,0,0,0,0,0,0,0,0,0,0,0,0,0,0,0,0,0,0
4,芝,1300,不良,all,,,0,0,0,0,0,0,0,0,0,0,0,0,0,0,0,0,0,0,0,0,0,0,0,0,0,0,0
5,芝,1300,全,未勝利,,,0,0,0,0,0,0,0,0,0,0,0,0,0,0,0,0,0,0,0,0,0,0,0,0,0,0,0
6,芝,1300,良,未勝利,,,0,0,0,0,0,0,0,0,0,0,0,0,0,0,0,0,0,0,0,0,0,0,0,0,0,0,0
7,芝,1300,稍重,未勝利,,,0,0,0,0,0,0,0,0,0,0,0,0,0,0,0,0,0,0,0,0,0,0,0,0,0,0,0
8,芝,1300,重,未勝利,,,0,0,0,0,0,0,0,0,0,0,0,0,0,0,0,0,0,0,0,0,0,0,0,0,0,0,0
9,芝,1300,不良,未勝利,,,0,0,0,0,0,0,0,0,0,0,0,0,0,0,0,0,0,0,0,0,0,0,0,0,0,0,0
10,芝,1300,全,新馬,,,0,0,0,0,0,0,0,0,0,0,0,0,0,0,0,0,0,0,0,0,0,0,0,0,0,0,0
11,芝,1300,良,新馬,,,0,0,0,0,0,0,0,0,0,0,0,0,0,0,0,0,0,0,0,0,0,0,0,0,0,0,0
12,芝,1300,稍重,新馬,,,0,0,0,0,0,0,0,0,0,0,0,0,0,0,0,0,0,0,0,0,0,0,0,0,0,0,0
13,芝,1300,重,新馬,,,0,0,0,0,0,0,0,0,0,0,0,0,0,0,0,0,0,0,0,0,0,0,0,0,0,0,0
14,芝,1300,不良,新馬,,,0,0,0,0,0,0,0,0,0,0,0,0,0,0,0,0,0,0,0,0,0,0,0,0,0,0,0
15,芝,1300,全,1勝クラス,,,0,0,0,0,0,0,0,0,0,0,0,0,0,0,0,0,0,0,0,0,0,0,0,0,0,0,0
16,芝,1300,良,1勝クラス,,,0,0,0,0,0,0,0,0,0,0,0,0,0,0,0,0,0,0,0,0,0,0,0,0,0,0,0
17,芝,1300,稍重,1勝クラス,,,0,0,0,0,0,0,0,0,0,0,0,0,0,0,0,0,0,0,0,0,0,0,0,0,0,0,0
18,芝,1300,重,1勝クラス,,,0,0,0,0,0,0,0,0,0,0,0,0,0,0,0,0,0,0,0,0,0,0,0,0,0,0,0
19,芝,1300,不良,1勝クラス,,,0,0,0,0,0,0,0,0,0,0,0,0,0,0,0,0,0,0,0,0,0,0,0,0,0,0,0
20,芝,1300,全,2勝クラス,,,0,0,0,0,0,0,0,0,0,0,0,0,0,0,0,0,0,0,0,0,0,0,0,0,0,0,0
21,芝,1300,良,2勝クラス,,,0,0,0,0,0,0,0,0,0,0,0,0,0,0,0,0,0,0,0,0,0,0,0,0,0,0,0
22,芝,1300,稍重,2勝クラス,,,0,0,0,0,0,0,0,0,0,0,0,0,0,0,0,0,0,0,0,0,0,0,0,0,0,0,0
23,芝,1300,重,2勝クラス,,,0,0,0,0,0,0,0,0,0,0,0,0,0,0,0,0,0,0,0,0,0,0,0,0,0,0,0
24,芝,1300,不良,2勝クラス,,,0,0,0,0,0,0,0,0,0,0,0,0,0,0,0,0,0,0,0,0,0,0,0,0,0,0,0
25,芝,1300,全,3勝クラス,,,0,0,0,0,0,0,0,0,0,0,0,0,0,0,0,0,0,0,0,0,0,0,0,0,0,0,0
26,芝,1300,良,3勝クラス,,,0,0,0,0,0,0,0,0,0,0,0,0,0,0,0,0,0,0,0,0,0,0,0,0,0,0,0
27,芝,1300,稍重,3勝クラス,,,0,0,0,0,0,0,0,0,0,0,0,0,0,0,0,0,0,0,0,0,0,0,0,0,0,0,0
28,芝,1300,重,3勝クラス,,,0,0,0,0,0,0,0,0,0,0,0,0,0,0,0,0,0,0,0,0,0,0,0,0,0,0,0
29,芝,1300,不良,3勝クラス,,,0,0,0,0,0,0,0,0,0,0,0,0,0,0,0,0,0,0,0,0,0,0,0,0,0,0,0
30,芝,1300,全,オープン,,,0,0,0,0,0,0,0,0,0,0,0,0,0,0,0,0,0,0,0,0,0,0,0,0,0,0,0
31,芝,1300,良,オープン,,,0,0,0,0,0,0,0,0,0,0,0,0,0,0,0,0,0,0,0,0,0,0,0,0,0,0,0
32,芝,1300,稍重,オープン,,,0,0,0,0,0,0,0,0,0,0,0,0,0,0,0,0,0,0,0,0,0,0,0,0,0,0,0
33,芝,1300,重,オープン,,,0,0,0,0,0,0,0,0,0,0,0,0,0,0,0,0,0,0,0,0,0,0,0,0,0,0,0
34,芝,1300,不良,オープン,,,0,0,0,0,0,0,0,0,0,0,0,0,0,0,0,0,0,0,0,0,0,0,0,0,0,0,0
35,芝,1400,全,all,4.92,7.99,394,36,28,54,42,59,54,56,65,27,18,26,27,36,35,25,26,23,35,21,21,16,18,11,18,6,5
36,芝,1400,良,all,4.9,7.89,323,32,25,37,36,48,45,49,51,24,17,17,25,31,23,22,20,21,30,19,16,12,15,8,17,3,3
37,芝,1400,稍重,all,5.26,8.88,49,2,0,13,5,6,5,6,12,1,1,5,0,5,8,3,4,1,3,0,5,3,3,3,1,1,2
38,芝,1400,重,all,4.83,8.19,11,0,2,1,0,4,1,1,2,0,0,2,1,0,2,0,1,1,1,0,0,1,0,0,0,2,0
39,芝,1400,不良,all,4.27,7.2,11,2,1,3,1,1,3,0,0,2,0,2,1,0,2,0,1,0,1,2,0,0,0,0,0,0,0
40,芝,1400,全,未勝利,4.65,8.36,103,11,11,16,8,14,13,15,15,8,3,4,11,5,12,3,7,8,7,7,4,6,6,2,6,0,4
41,芝,1400,良,未勝利,4.68,8.49,80,9,11,10,4,10,11,13,12,6,3,3,10,5,5,3,3,8,4,7,2,6,5,1,6,0,3
42,芝,1400,稍重,未勝利,5.36,9.27,16,1,0,4,3,1,2,2,3,1,0,1,0,0,3,0,4,0,2,0,2,0,1,1,0,0,1
43,芝,1400,重,未勝利,5.0,6.0,2,0,0,0,0,2,0,0,0,0,0,0,0,0,2,0,0,0,0,0,0,0,0,0,0,0,0
44,芝,1400,不良,未勝利,3.34,5.84,5,1,0,2,1,1,0,0,0,1,0,0,1,0,2,0,0,0,1,0,0,0,0,0,0,0,0
45,芝,1400,全,新馬,5.45,9.04,56,3,0,7,10,9,7,6,14,1,2,3,3,7,2,3,5,7,5,2,1,1,6,3,2,3,0
46,芝,1400,良,新馬,5.27,8.61,42,2,0,4,9,9,5,5,8,1,1,0,3,7,2,2,3,6,5,2,1,1,5,1,2,0,0
47,芝,1400,稍重,新馬,5.44,8.64,10,1,0,3,1,0,0,1,4,0,1,3,0,0,0,1,0,1,0,0,0,0,1,2,0,1,0
48,芝,1400,重,新馬,7.0,12.5,3,0,0,0,0,0,1,0,2,0,0,0,0,0,0,0,1,0,0,0,0,0,0,0,0,2,0
49,芝,1400,不良,新馬,6.0,8.0,1,0,0,0,0,0,1,0,0,0,0,0,0,0,0,0,1,0,0,0,0,0,0,0,0,0,0
50,芝,1400,全,1勝クラス,4.69,7.18,70,8,4,9,7,14,8,11,9,5,4,8,5,8,4,3,4,3,10,2,5,2,1,2,1,2,1
51,芝,1400,良,1勝クラス,4.51,6.6,57,8,3,8,6,11,5,10,6,5,4,7,5,5,4,3,4,2,9,0,4,1,0,2,0,2,0
52,芝,1400,稍重,1勝クラス,5.9,10.0,8,0,0,1,1,1,1,1,3,0,0,0,0,3,0,0,0,0,0,0,1,1,1,0,1,0,1
53,芝,1400,重,1勝クラス,4.0,7.33,3,0,1,0,0,2,0,0,0,0,0,1,0,0,0,0,0,1,1,0,0,0,0,0,0,0,0
54,芝,1400,不良,1勝クラス,6.0,11.0,2,0,0,0,0,0,2,0,0,0,0,0,0,0,0,0,0,0,0,2,0,0,0,0,0,0,0
55,芝,1400,全,2勝クラス,4.88,7.13,73,6,6,11,8,8,11,11,12,6,4,7,4,8,8,7,6,0,5,2,4,3,4,1,4,0,0
56,芝,1400,良,2勝クラス,5.08,7.36,62,6,4,5,8,7,10,11,11,6,4,3,3,7,5,6,6,0,5,2,3,3,4,1,4,0,0
57,芝,1400,稍重,2勝クラス,4.5,6.6,7,0,0,4,0,1,1,0,1,0,0,1,0,1,3,1,0,0,0,0,1,0,0,0,0,0,0
58,芝,1400,重,2勝クラス,2.5,3.5,2,0,1,1,0,0,0,0,0,0,0,1,1,0,0,0,0,0,0,0,0,0,0,0,0,0,0
59,芝,1400,不良,2勝クラス,2.5,3.0,2,0,1,1,0,0,0,0,0,0,0,2,0,0,0,0,0,0,0,0,0,0,0,0,0,0,0
60,芝,1400,全,3勝クラス,4.94,8.17,41,4,4,5,5,4,6,6,7,4,1,2,3,4,2,6,1,1,2,5,1,3,1,1,3,1,0
61,芝,1400,良,3勝クラス,4.78,7.82,38,4,4,5,5,4,5,4,7,4,1,2,3,4,2,6,1,1,1,5,1,1,1,1,3,1,0
62,芝,1400,稍重,3勝クラス,6.5,11.5,2,0,0,0,0,0,1,1,0,0,0,0,0,0,0,0,0,0,1,0,0,1,0,0,0,0,0
63,芝,1400,重,3勝クラス,7.0,13.0,1,0,0,0,0,0,0,1,0,0,0,0,0,0,0,0,0,0,0,0,0,1,0,0,0,0,0
64,芝,1400,不良,3勝クラス,,,0,0,0,0,0,0,0,0,0,0,0,0,0,0,0,0,0,0,0,0,0,0,0,0,0,0,0
65,芝,1400,全,オープン,5.15,8.25,37,3,2,5,1,7,9,4,6,2,3,2,1,1,6,3,0,4,3,2,5,1,0,2,2,0,0
66,芝,1400,良,オープン,5.32,8.57,31,2,2,4,1,5,9,3,5,1,3,2,1,1,4,2,0,4,3,2,4,0,0,2,2,0,0
67,芝,1400,稍重,オープン,6.0,9.38,5,0,0,1,0,2,0,1,1,0,0,0,0,0,2,1,0,0,0,0,1,1,0,0,0,0,0
68,芝,1400,重,オープン,,,0,0,0,0,0,0,0,0,0,0,0,0,0,0,0,0,0,0,0,0,0,0,0,0,0,0,0
69,芝,1400,不良,オープン,1.0,1.0,1,1,0,0,0,0,0,0,0,1,0,0,0,0,0,0,0,0,0,0,0,0,0,0,0,0,0
70,芝,1600,全,all,4.78,7.41,523,66,50,55,54,66,64,83,85,48,39,34,51,34,37,41,34,27,45,28,27,19,18,12,13,8,8
71,芝,1600,良,all,4.75,7.39,444,58,42,50,45,51,56,75,67,41,35,29,43,30,32,32,30,22,37,22,23,16,17,10,10,7,8
72,芝,1600,稍重,all,4.93,7.24,55,7,4,4,7,11,4,6,12,7,2,3,6,3,3,7,2,4,5,4,3,2,0,0,3,1,0
73,芝,1600,重,all,4.97,8.3,10,1,2,0,2,2,0,0,3,0,2,1,1,0,0,1,0,0,2,1,0,1,1,0,0,0,0
74,芝,1600,不良,all,6.33,8.44,14,0,2,1,0,2,4,2,3,0,0,1,1,1,2,1,2,1,1,1,1,0,0,2,0,0,0
75,芝,1600,全,未勝利,4.43,7.55,151,23,17,20,12,20,18,25,16,14,15,10,16,4,12,8,10,8,11,6,7,7,9,5,4,3,2
76,芝,1600,良,未勝利,4.4,7.58,126,21,15,15,9,17,14,23,12,12,14,8,12,4,10,6,7,7,10,4,6,6,8,5,3,2,2
77,芝,1600,稍重,未勝利,4.62,7.31,20,2,2,4,3,3,1,2,3,2,1,2,4,0,1,2,2,1,1,1,0,1,0,0,1,1,0
78,芝,1600,重,未勝利,8.0,14.0,1,0,0,0,0,0,0,0,1,0,0,0,0,0,0,0,0,0,0,0,0,0,1,0,0,0,0
79,芝,1600,不良,未勝利,5.5,9.84,4,0,0,1,0,0,3,0,0,0,0,0,0,0,1,0,1,0,0,1,1,0,0,0,0,0,0
80,芝,1600,全,新馬,4.89,7.84,103,7,10,13,18,15,12,12,16,5,3,9,14,10,5,13,11,0,8,6,5,2,2,4,3,1,2
81,芝,1600,良,新馬,4.9,7.9,84,5,7,13,15,10,11,11,12,3,3,7,10,9,5,10,10,0,7,5,4,1,2,3,2,1,2
82,芝,1600,稍重,新馬,5.07,7.79,11,2,0,0,2,4,1,0,2,2,0,0,2,1,0,3,0,0,0,1,1,0,0,0,1,0,0
83,芝,1600,重,新馬,5.33,8.83,4,0,1,0,1,1,0,0,1,0,0,1,1,0,0,0,0,0,1,0,0,1,0,0,0,0,0
84,芝,1600,不良,新馬,5.67,8.83,4,0,2,0,0,0,0,1,1,0,0,1,1,0,0,0,1,0,0,0,0,0,0,1,0,0,0
85,芝,1600,全,1勝クラス,4.7,6.73,99,15,8,12,9,10,12,18,15,11,11,8,6,9,7,10,1,7,8,5,6,4,1,1,2,1,1
86,芝,1600,良,1勝クラス,4.76,6.91,87,13,7,12,8,8,10,17,12,10,9,8,6,9,5,8,1,6,6,4,5,4,1,1,2,1,1
87,芝,1600,稍重,1勝クラス,4.6,6.4,6,1,1,0,0,1,1,0,2,1,1,0,0,0,1,0,0,1,1,0,1,0,0,0,0,0,0
88,芝,1600,重,1勝クラス,3.5,5.5,3,1,0,0,1,0,0,0,1,0,1,0,0,0,0,1,0,0,0,1,0,0,0,0,0,0,0
89,芝,1600,不良,1勝クラス,6.0,7.25,3,0,0,0,0,1,1,1,0,0,0,0,0,0,1,1,0,0,1,0,0,0,0,0,0,0,0
90,芝,1600,全,2勝クラス,5.21,6.64,63,8,5,2,9,6,8,9,16,8,3,3,8,3,6,2,10,4,7,1,6,0,2,0,0,0,0
91,芝,1600,良,2勝クラス,5.26,6.62,53,7,3,2,8,4,8,7,14,7,2,2,8,2,5,1,10,3,5,1,5,0,2,0,0,0,0
92,芝,1600,稍重,2勝クラス,5.7,7.5,7,1,1,0,1,0,0,2,2,1,0,1,0,0,1,1,0,1,1,0,1,0,0,0,0,0,0
93,芝,1600,重,2勝クラス,3.5,6.0,2,0,1,0,0,1,0,0,0,0,1,0,0,0,0,0,0,0,1,0,0,0,0,0,0,0,0
94,芝,1600,不良,2勝クラス,5.0,5.0,1,0,0,0,0,1,0,0,0,0,0,0,0,1,0,0,0,0,0,0,0,0,0,0,0,0,0
95,芝,1600,全,3勝クラス,5.38,8.38,28,4,2,1,2,2,2,8,7,2,2,1,3,2,0,3,0,0,5,2,0,3,3,0,1,0,1
96,芝,1600,良,3勝クラス,5.16,8.16,26,4,2,1,2,2,2,7,6,2,2,1,3,2,0,3,0,0,4,2,0,2,3,0,1,0,1
97,芝,1600,稍重,3勝クラス,7.5,11.5,2,0,0,0,0,0,0,1,1,0,0,0,0,0,0,0,0,0,1,0,0,1,0,0,0,0,0
98,芝,1600,重,3勝クラス,,,0,0,0,0,0,0,0,0,0,0,0,0,0,0,0,0,0,0,0,0,0,0,0,0,0,0,0
99,芝,1600,不良,3勝クラス,,,0,0,0,0,0,0,0,0,0,0,0,0,0,0,0,0,0,0,0,0,0,0,0,0,0,0,0
100,芝,1600,全,オープン,5.11,8.6,67,7,6,6,4,10,11,9,14,6,4,1,4,5,6,5,1,6,4,8,3,3,1,2,3,3,2
101,芝,1600,良,オープン,4.99,8.4,58,6,6,6,3,8,10,8,11,5,4,1,4,4,6,4,1,4,4,6,3,3,1,1,2,3,2
102,芝,1600,稍重,オープン,5.6,9.2,7,1,0,0,1,2,1,1,1,1,0,0,0,1,0,1,0,1,0,2,0,0,0,0,1,0,0
103,芝,1600,重,オープン,,,0,0,0,0,0,0,0,0,0,0,0,0,0,0,0,0,0,0,0,0,0,0,0,0,0,0,0
104,芝,1600,不良,オープン,8.0,12.0,2,0,0,0,0,0,0,0,2,0,0,0,0,0,0,0,0,1,0,0,0,0,0,1,0,0,0
105,芝,1800,全,all,4.88,7.12,431,33,48,54,61,44,58,66,67,28,29,38,39,41,42,39,39,23,22,19,18,9,15,12,15,1,2
106,芝,1800,良,all,4.94,7.17,366,28,38,41,54,39,53,54,59,23,22,32,29,38,35,36,33,20,19,19,18,7,10,10,12,1,2
107,芝,1800,稍重,all,4.47,6.45,47,3,9,7,5,3,5,9,6,3,7,5,5,2,4,2,5,3,3,0,0,1,3,2,2,0,0
108,芝,1800,重,all,4.55,5.98,10,0,0,3,2,2,0,2,1,0,0,1,2,1,2,1,1,0,0,0,0,0,2,0,0,0,0
109,芝,1800,不良,all,3.2,5.5,8,2,1,3,0,0,0,1,1,2,0,0,3,0,1,0,0,0,0,0,0,1,0,0,1,0,0
110,芝,1800,全,未勝利,4.77,7.85,134,11,24,18,12,9,15,19,26,9,10,11,14,10,10,7,9,8,4,7,8,3,9,4,9,1,1
111,芝,1800,良,未勝利,4.85,8.01,110,9,20,13,8,8,15,15,22,7,8,9,7,10,9,6,7,8,3,7,8,2,6,4,7,1,1
112,芝,1800,稍重,未勝利,4.34,6.06,17,2,4,2,3,1,0,3,2,2,2,2,4,0,0,1,2,0,1,0,0,1,1,0,1,0,0
113,芝,1800,重,未勝利,5.5,9.33,4,0,0,1,1,0,0,1,1,0,0,0,1,0,1,0,0,0,0,0,0,0,2,0,0,0,0
114,芝,1800,不良,未勝利,4.25,7.0,3,0,0,2,0,0,0,0,1,0,0,0,2,0,0,0,0,0,0,0,0,0,0,0,1,0,0
115,芝,1800,全,新馬,4.4,6.58,72,6,9,10,12,7,10,9,9,5,5,7,8,8,5,9,8,1,1,3,1,2,2,3,3,0,1
116,芝,1800,良,新馬,4.47,6.71,64,5,7,8,12,6,10,7,9,4,4,6,7,7,4,9,7,1,1,3,1,2,1,3,3,0,1
117,芝,1800,稍重,新馬,4.0,5.4,6,0,1,2,0,1,0,2,0,0,1,1,0,1,1,0,1,0,0,0,0,0,1,0,0,0,0
118,芝,1800,重,新馬,,,0,0,0,0,0,0,0,0,0,0,0,0,0,0,0,0,0,0,0,0,0,0,0,0,0,0,0
119,芝,1800,不良,新馬,1.5,2.5,2,1,1,0,0,0,0,0,0,1,0,0,1,0,0,0,0,0,0,0,0,0,0,0,0,0,0
120,芝,1800,全,1勝クラス,5.01,6.83,70,4,6,10,12,6,10,13,9,3,4,8,6,9,5,7,6,6,5,4,4,1,2,0,0,0,0
121,芝,1800,良,1勝クラス,5.18,6.89,61,4,5,6,12,6,8,11,9,3,3,6,6,8,4,7,5,5,4,4,4,1,1,0,0,0,0
122,芝,1800,稍重,1勝クラス,4.6,6.7,8,0,1,3,0,0,2,2,0,0,1,2,0,0,1,0,1,1,1,0,0,0,1,0,0,0,0
123,芝,1800,重,1勝クラス,3.0,5.0,1,0,0,1,0,0,0,0,0,0,0,0,0,1,0,0,0,0,0,0,0,0,0,0,0,0,0
124,芝,1800,不良,1勝クラス,,,0,0,0,0,0,0,0,0,0,0,0,0,0,0,0,0,0,0,0,0,0,0,0,0,0,0,0
125,芝,1800,全,2勝クラス,4.98,5.84,53,6,2,5,5,8,10,11,6,6,2,5,4,6,7,5,8,2,5,0,2,0,1,0,0,0,0
126,芝,1800,良,2勝クラス,5.11,6.04,47,5,1,4,5,7,9,10,6,5,1,4,4,5,6,4,8,2,5,0,2,0,1,0,0,0,0
127,芝,1800,稍重,2勝クラス,4.83,4.83,4,0,1,0,0,1,1,1,0,0,1,0,0,1,1,1,0,0,0,0,0,0,0,0,0,0,0
128,芝,1800,重,2勝クラス,3.0,3.0,1,0,0,1,0,0,0,0,0,0,0,1,0,0,0,0,0,0,0,0,0,0,0,0,0,0,0
129,芝,1800,不良,2勝クラス,1.0,1.0,1,1,0,0,0,0,0,0,0,1,0,0,0,0,0,0,0,0,0,0,0,0,0,0,0,0,0
130,芝,1800,全,3勝クラス,5.33,8.29,31,1,1,2,8,4,4,4,7,1,1,1,3,3,1,3,3,2,4,1,2,2,1,2,1,0,0
131,芝,1800,良,3勝クラス,5.39,8.22,26,0,0,2,8,3,4,3,6,0,0,1,3,3,1,3,2,2,4,1,2,1,1,1,1,0,0
132,芝,1800,稍重,3勝クラス,3.67,6.0,3,1,1,0,0,0,0,0,1,1,1,0,0,0,0,0,0,0,0,0,0,0,0,1,0,0,0
133,芝,1800,重,3勝クラス,5.0,8.0,1,0,0,0,0,1,0,0,0,0,0,0,0,0,0,0,1,0,0,0,0,0,0,0,0,0,0
134,芝,1800,不良,3勝クラス,7.0,13.0,1,0,0,0,0,0,0,1,0,0,0,0,0,0,0,0,0,0,0,0,0,1,0,0,0,0,0
135,芝,1800,全,オープン,4.97,6.89,60,5,4,7,11,9,7,9,8,4,5,4,4,5,11,7,4,4,2,3,1,1,0,3,2,0,0
136,芝,1800,良,オープン,4.63,6.29,47,5,3,6,8,8,5,7,5,4,4,4,2,5,8,6,3,2,1,3,1,1,0,2,1,0,0
137,芝,1800,稍重,オープン,6.43,10.47,9,0,1,0,2,0,2,1,3,0,1,0,1,0,1,0,1,2,1,0,0,0,0,1,1,0,0
138,芝,1800,重,オープン,5.33,5.67,3,0,0,0,1,1,0,1,0,0,0,0,1,0,1,1,0,0,0,0,0,0,0,0,0,0,0
139,芝,1800,不良,オープン,3.0,6.0,1,0,0,1,0,0,0,0,0,0,0,0,0,0,1,0,0,0,0,0,0,0,0,0,0,0,0
140,芝,2000,全,all,4.7,6.09,310,42,28,42,33,38,37,40,50,37,28,34,27,23,29,27,29,21,15,8,13,7,3,5,4,0,0
141,芝,2000,良,all,4.73,6.17,273,34,22,39,31,34,32,37,44,32,20,31,24,21,24,24,28,18,15,7,12,6,3,5,3,0,0
142,芝,2000,稍重,all,3.74,4.38,27,6,5,3,2,3,3,2,3,4,6,3,3,1,3,2,0,3,0,1,1,0,0,0,0,0,0
143,芝,2000,重,all,5.67,7.33,3,1,0,0,0,0,0,0,2,1,0,0,0,0,0,0,1,0,0,0,0,1,0,0,0,0,0
144,芝,2000,不良,all,4.25,5.25,7,1,1,0,0,1,2,1,1,0,2,0,0,1,2,1,0,0,0,0,0,0,0,0,1,0,0
145,芝,2000,全,未勝利,4.62,6.4,98,13,11,14,10,14,8,13,15,10,11,11,9,7,8,6,10,6,5,1,4,4,2,2,2,0,0
146,芝,2000,良,未勝利,4.66,6.48,85,10,7,14,9,14,7,12,12,9,6,11,7,7,7,6,9,4,5,1,4,4,2,2,1,0,0
147,芝,2000,稍重,未勝利,3.62,4.44,9,2,4,0,1,0,0,1,1,1,4,0,2,0,0,0,0,2,0,0,0,0,0,0,0,0,0
148,芝,2000,重,未勝利,8.0,8.0,1,0,0,0,0,0,0,0,1,0,0,0,0,0,0,0,1,0,0,0,0,0,0,0,0,0,0
149,芝,2000,不良,未勝利,5.0,8.0,3,1,0,0,0,0,1,0,1,0,1,0,0,0,1,0,0,0,0,0,0,0,0,0,1,0,0
150,芝,2000,全,新馬,5.38,7.05,34,5,2,3,2,3,2,7,10,5,2,2,2,2,2,3,2,4,4,1,2,1,0,1,1,0,0
151,芝,2000,良,新馬,5.26,6.69,28,4,1,3,2,2,2,6,8,4,1,2,2,2,2,2,2,3,4,1,1,0,0,1,1,0,0
152,芝,2000,稍重,新馬,5.0,6.33,5,1,1,0,0,1,0,1,1,1,1,0,0,0,0,1,0,1,0,0,1,0,0,0,0,0,0
153,芝,2000,重,新馬,8.0,13.0,1,0,0,0,0,0,0,0,1,0,0,0,0,0,0,0,0,0,0,0,0,1,0,0,0,0,0
154,芝,2000,不良,新馬,,,0,0,0,0,0,0,0,0,0,0,0,0,0,0,0,0,0,0,0,0,0,0,0,0,0,0,0
155,芝,2000,全,1勝クラス,4.89,5.34,53,6,3,7,6,5,12,7,7,6,3,7,5,4,10,6,7,1,2,2,0,0,0,0,0,0,0
156,芝,2000,良,1勝クラス,4.7,5.1,45,6,3,6,6,2,9,7,6,6,3,6,5,2,7,5,7,1,2,1,0,0,0,0,0,0,0
157,芝,2000,稍重,1勝クラス,5.6,6.4,6,0,0,1,0,2,2,0,1,0,0,1,0,1,2,1,0,0,0,1,0,0,0,0,0,0,0
158,芝,2000,重,1勝クラス,,,0,0,0,0,0,0,0,0,0,0,0,0,0,0,0,0,0,0,0,0,0,0,0,0,0,0,0
159,芝,2000,不良,1勝クラス,5.5,5.5,2,0,0,0,0,1,1,0,0,0,0,0,0,1,1,0,0,0,0,0,0,0,0,0,0,0,0
160,芝,2000,全,2勝クラス,4.43,4.83,49,7,6,7,4,7,7,4,7,7,6,7,4,5,6,3,1,7,2,0,1,0,0,0,0,0,0
161,芝,2000,良,2勝クラス,4.59,5.07,44,6,5,5,4,7,6,4,7,6,5,5,4,5,5,3,1,7,2,0,1,0,0,0,0,0,0
162,芝,2000,稍重,2勝クラス,3.16,3.16,4,1,0,2,0,0,1,0,0,1,0,2,0,0,1,0,0,0,0,0,0,0,0,0,0,0,0
163,芝,2000,重,2勝クラス,,,0,0,0,0,0,0,0,0,0,0,0,0,0,0,0,0,0,0,0,0,0,0,0,0,0,0,0
164,芝,2000,不良,2勝クラス,2.0,2.0,1,0,1,0,0,0,0,0,0,0,1,0,0,0,0,0,0,0,0,0,0,0,0,0,0,0,0
165,芝,2000,全,3勝クラス,5.17,7.43,29,3,1,3,3,4,5,3,7,3,1,2,3,2,1,3,2,1,1,2,4,1,1,1,1,0,0
166,芝,2000,良,3勝クラス,4.91,7.26,27,3,1,3,2,4,5,2,7,3,1,2,2,2,1,2,2,1,1,2,4,1,1,1,1,0,0
167,芝,2000,稍重,3勝クラス,4.0,4.0,1,0,0,0,1,0,0,0,0,0,0,0,1,0,0,0,0,0,0,0,0,0,0,0,0,0,0
168,芝,2000,重,3勝クラス,,,0,0,0,0,0,0,0,0,0,0,0,0,0,0,0,0,0,0,0,0,0,0,0,0,0,0,0
169,芝,2000,不良,3勝クラス,7.0,7.0,1,0,0,0,0,0,0,1,0,0,0,0,0,0,0,1,0,0,0,0,0,0,0,0,0,0,0
170,芝,2000,全,オープン,4.03,6.1,38,6,5,5,8,5,2,5,2,4,5,2,4,3,2,6,4,1,1,2,2,1,0,1,0,0,0
171,芝,2000,良,オープン,4.28,6.46,35,3,5,5,8,5,2,5,2,2,4,2,4,3,2,6,4,1,1,2,2,1,0,1,0,0,0
172,芝,2000,稍重,オープン,1.0,1.5,2,2,0,0,0,0,0,0,0,1,1,0,0,0,0,0,0,0,0,0,0,0,0,0,0,0,0
173,芝,2000,重,オープン,1.0,1.0,1,1,0,0,0,0,0,0,0,1,0,0,0,0,0,0,0,0,0,0,0,0,0,0,0,0,0
174,芝,2000,不良,オープン,,,0,0,0,0,0,0,0,0,0,0,0,0,0,0,0,0,0,0,0,0,0,0,0,0,0,0,0
175,芝,2100,全,all,,,0,0,0,0,0,0,0,0,0,0,0,0,0,0,0,0,0,0,0,0,0,0,0,0,0,0,0
176,芝,2100,良,all,,,0,0,0,0,0,0,0,0,0,0,0,0,0,0,0,0,0,0,0,0,0,0,0,0,0,0,0
177,芝,2100,稍重,all,,,0,0,0,0,0,0,0,0,0,0,0,0,0,0,0,0,0,0,0,0,0,0,0,0,0,0,0
178,芝,2100,重,all,,,0,0,0,0,0,0,0,0,0,0,0,0,0,0,0,0,0,0,0,0,0,0,0,0,0,0,0
179,芝,2100,不良,all,,,0,0,0,0,0,0,0,0,0,0,0,0,0,0,0,0,0,0,0,0,0,0,0,0,0,0,0
180,芝,2100,全,未勝利,,,0,0,0,0,0,0,0,0,0,0,0,0,0,0,0,0,0,0,0,0,0,0,0,0,0,0,0
181,芝,2100,良,未勝利,,,0,0,0,0,0,0,0,0,0,0,0,0,0,0,0,0,0,0,0,0,0,0,0,0,0,0,0
182,芝,2100,稍重,未勝利,,,0,0,0,0,0,0,0,0,0,0,0,0,0,0,0,0,0,0,0,0,0,0,0,0,0,0,0
183,芝,2100,重,未勝利,,,0,0,0,0,0,0,0,0,0,0,0,0,0,0,0,0,0,0,0,0,0,0,0,0,0,0,0
184,芝,2100,不良,未勝利,,,0,0,0,0,0,0,0,0,0,0,0,0,0,0,0,0,0,0,0,0,0,0,0,0,0,0,0
185,芝,2100,全,新馬,,,0,0,0,0,0,0,0,0,0,0,0,0,0,0,0,0,0,0,0,0,0,0,0,0,0,0,0
186,芝,2100,良,新馬,,,0,0,0,0,0,0,0,0,0,0,0,0,0,0,0,0,0,0,0,0,0,0,0,0,0,0,0
187,芝,2100,稍重,新馬,,,0,0,0,0,0,0,0,0,0,0,0,0,0,0,0,0,0,0,0,0,0,0,0,0,0,0,0
188,芝,2100,重,新馬,,,0,0,0,0,0,0,0,0,0,0,0,0,0,0,0,0,0,0,0,0,0,0,0,0,0,0,0
189,芝,2100,不良,新馬,,,0,0,0,0,0,0,0,0,0,0,0,0,0,0,0,0,0,0,0,0,0,0,0,0,0,0,0
190,芝,2100,全,1勝クラス,,,0,0,0,0,0,0,0,0,0,0,0,0,0,0,0,0,0,0,0,0,0,0,0,0,0,0,0
191,芝,2100,良,1勝クラス,,,0,0,0,0,0,0,0,0,0,0,0,0,0,0,0,0,0,0,0,0,0,0,0,0,0,0,0
192,芝,2100,稍重,1勝クラス,,,0,0,0,0,0,0,0,0,0,0,0,0,0,0,0,0,0,0,0,0,0,0,0,0,0,0,0
193,芝,2100,重,1勝クラス,,,0,0,0,0,0,0,0,0,0,0,0,0,0,0,0,0,0,0,0,0,0,0,0,0,0,0,0
194,芝,2100,不良,1勝クラス,,,0,0,0,0,0,0,0,0,0,0,0,0,0,0,0,0,0,0,0,0,0,0,0,0,0,0,0
195,芝,2100,全,2勝クラス,,,0,0,0,0,0,0,0,0,0,0,0,0,0,0,0,0,0,0,0,0,0,0,0,0,0,0,0
196,芝,2100,良,2勝クラス,,,0,0,0,0,0,0,0,0,0,0,0,0,0,0,0,0,0,0,0,0,0,0,0,0,0,0,0
197,芝,2100,稍重,2勝クラス,,,0,0,0,0,0,0,0,0,0,0,0,0,0,0,0,0,0,0,0,0,0,0,0,0,0,0,0
198,芝,2100,重,2勝クラス,,,0,0,0,0,0,0,0,0,0,0,0,0,0,0,0,0,0,0,0,0,0,0,0,0,0,0,0
199,芝,2100,不良,2勝クラス,,,0,0,0,0,0,0,0,0,0,0,0,0,0,0,0,0,0,0,0,0,0,0,0,0,0,0,0
200,芝,2100,全,3勝クラス,,,0,0,0,0,0,0,0,0,0,0,0,0,0,0,0,0,0,0,0,0,0,0,0,0,0,0,0
201,芝,2100,良,3勝クラス,,,0,0,0,0,0,0,0,0,0,0,0,0,0,0,0,0,0,0,0,0,0,0,0,0,0,0,0
202,芝,2100,稍重,3勝クラス,,,0,0,0,0,0,0,0,0,0,0,0,0,0,0,0,0,0,0,0,0,0,0,0,0,0,0,0
203,芝,2100,重,3勝クラス,,,0,0,0,0,0,0,0,0,0,0,0,0,0,0,0,0,0,0,0,0,0,0,0,0,0,0,0
204,芝,2100,不良,3勝クラス,,,0,0,0,0,0,0,0,0,0,0,0,0,0,0,0,0,0,0,0,0,0,0,0,0,0,0,0
205,芝,2100,全,オープン,,,0,0,0,0,0,0,0,0,0,0,0,0,0,0,0,0,0,0,0,0,0,0,0,0,0,0,0
206,芝,2100,良,オープン,,,0,0,0,0,0,0,0,0,0,0,0,0,0,0,0,0,0,0,0,0,0,0,0,0,0,0,0
207,芝,2100,稍重,オープン,,,0,0,0,0,0,0,0,0,0,0,0,0,0,0,0,0,0,0,0,0,0,0,0,0,0,0,0
208,芝,2100,重,オープン,,,0,0,0,0,0,0,0,0,0,0,0,0,0,0,0,0,0,0,0,0,0,0,0,0,0,0,0
209,芝,2100,不良,オープン,,,0,0,0,0,0,0,0,0,0,0,0,0,0,0,0,0,0,0,0,0,0,0,0,0,0,0,0
210,芝,2300,全,all,3.94,4.92,13,2,3,2,0,2,1,2,1,2,3,1,1,0,2,1,0,1,0,2,0,0,0,0,0,0,0
211,芝,2300,良,all,3.61,4.42,12,2,3,2,0,1,1,2,1,2,3,1,1,0,2,0,0,1,0,2,0,0,0,0,0,0,0
212,芝,2300,稍重,all,5.0,7.0,1,0,0,0,0,1,0,0,0,0,0,0,0,0,0,1,0,0,0,0,0,0,0,0,0,0,0
213,芝,2300,重,all,,,0,0,0,0,0,0,0,0,0,0,0,0,0,0,0,0,0,0,0,0,0,0,0,0,0,0,0
214,芝,2300,不良,all,,,0,0,0,0,0,0,0,0,0,0,0,0,0,0,0,0,0,0,0,0,0,0,0,0,0,0,0
215,芝,2300,全,未勝利,4.67,6.33,6,1,1,0,0,2,0,1,1,1,1,0,0,0,1,1,0,0,0,2,0,0,0,0,0,0,0
216,芝,2300,良,未勝利,4.6,6.2,5,1,1,0,0,1,0,1,1,1,1,0,0,0,1,0,0,0,0,2,0,0,0,0,0,0,0
217,芝,2300,稍重,未勝利,5.0,7.0,1,0,0,0,0,1,0,0,0,0,0,0,0,0,0,1,0,0,0,0,0,0,0,0,0,0,0
218,芝,2300,重,未勝利,,,0,0,0,0,0,0,0,0,0,0,0,0,0,0,0,0,0,0,0,0,0,0,0,0,0,0,0
219,芝,2300,不良,未勝利,,,0,0,0,0,0,0,0,0,0,0,0,0,0,0,0,0,0,0,0,0,0,0,0,0,0,0,0
220,芝,2300,全,新馬,,,0,0,0,0,0,0,0,0,0,0,0,0,0,0,0,0,0,0,0,0,0,0,0,0,0,0,0
221,芝,2300,良,新馬,,,0,0,0,0,0,0,0,0,0,0,0,0,0,0,0,0,0,0,0,0,0,0,0,0,0,0,0
222,芝,2300,稍重,新馬,,,0,0,0,0,0,0,0,0,0,0,0,0,0,0,0,0,0,0,0,0,0,0,0,0,0,0,0
223,芝,2300,重,新馬,,,0,0,0,0,0,0,0,0,0,0,0,0,0,0,0,0,0,0,0,0,0,0,0,0,0,0,0
224,芝,2300,不良,新馬,,,0,0,0,0,0,0,0,0,0,0,0,0,0,0,0,0,0,0,0,0,0,0,0,0,0,0,0
225,芝,2300,全,1勝クラス,4.0,4.5,6,0,2,2,0,0,1,1,0,0,2,1,1,0,1,0,0,1,0,0,0,0,0,0,0,0,0
226,芝,2300,良,1勝クラス,4.0,4.5,6,0,2,2,0,0,1,1,0,0,2,1,1,0,1,0,0,1,0,0,0,0,0,0,0,0,0
227,芝,2300,稍重,1勝クラス,,,0,0,0,0,0,0,0,0,0,0,0,0,0,0,0,0,0,0,0,0,0,0,0,0,0,0,0
228,芝,2300,重,1勝クラス,,,0,0,0,0,0,0,0,0,0,0,0,0,0,0,0,0,0,0,0,0,0,0,0,0,0,0,0
229,芝,2300,不良,1勝クラス,,,0,0,0,0,0,0,0,0,0,0,0,0,0,0,0,0,0,0,0,0,0,0,0,0,0,0,0
230,芝,2300,全,2勝クラス,,,0,0,0,0,0,0,0,0,0,0,0,0,0,0,0,0,0,0,0,0,0,0,0,0,0,0,0
231,芝,2300,良,2勝クラス,,,0,0,0,0,0,0,0,0,0,0,0,0,0,0,0,0,0,0,0,0,0,0,0,0,0,0,0
232,芝,2300,稍重,2勝クラス,,,0,0,0,0,0,0,0,0,0,0,0,0,0,0,0,0,0,0,0,0,0,0,0,0,0,0,0
233,芝,2300,重,2勝クラス,,,0,0,0,0,0,0,0,0,0,0,0,0,0,0,0,0,0,0,0,0,0,0,0,0,0,0,0
234,芝,2300,不良,2勝クラス,,,0,0,0,0,0,0,0,0,0,0,0,0,0,0,0,0,0,0,0,0,0,0,0,0,0,0,0
235,芝,2300,全,3勝クラス,,,0,0,0,0,0,0,0,0,0,0,0,0,0,0,0,0,0,0,0,0,0,0,0,0,0,0,0
236,芝,2300,良,3勝クラス,,,0,0,0,0,0,0,0,0,0,0,0,0,0,0,0,0,0,0,0,0,0,0,0,0,0,0,0
237,芝,2300,稍重,3勝クラス,,,0,0,0,0,0,0,0,0,0,0,0,0,0,0,0,0,0,0,0,0,0,0,0,0,0,0,0
238,芝,2300,重,3勝クラス,,,0,0,0,0,0,0,0,0,0,0,0,0,0,0,0,0,0,0,0,0,0,0,0,0,0,0,0
239,芝,2300,不良,3勝クラス,,,0,0,0,0,0,0,0,0,0,0,0,0,0,0,0,0,0,0,0,0,0,0,0,0,0,0,0
240,芝,2300,全,オープン,,,0,0,0,0,0,0,0,0,0,0,0,0,0,0,0,0,0,0,0,0,0,0,0,0,0,0,0
241,芝,2300,良,オープン,,,0,0,0,0,0,0,0,0,0,0,0,0,0,0,0,0,0,0,0,0,0,0,0,0,0,0,0
242,芝,2300,稍重,オープン,,,0,0,0,0,0,0,0,0,0,0,0,0,0,0,0,0,0,0,0,0,0,0,0,0,0,0,0
243,芝,2300,重,オープン,,,0,0,0,0,0,0,0,0,0,0,0,0,0,0,0,0,0,0,0,0,0,0,0,0,0,0,0
244,芝,2300,不良,オープン,,,0,0,0,0,0,0,0,0,0,0,0,0,0,0,0,0,0,0,0,0,0,0,0,0,0,0,0
245,芝,2400,全,all,4.94,6.76,226,27,18,25,22,30,36,28,40,18,21,21,18,22,23,15,18,14,19,9,7,6,3,3,4,1,4
246,芝,2400,良,all,5.01,6.84,190,22,14,20,20,25,31,22,36,15,17,16,15,18,22,13,14,11,17,9,6,5,2,3,3,1,3
247,芝,2400,稍重,all,4.14,5.88,25,4,3,4,2,4,4,3,1,2,4,4,3,2,1,2,1,1,2,0,1,0,1,0,1,0,0
248,芝,2400,重,all,5.5,6.5,6,1,1,1,0,0,1,1,1,1,0,1,0,1,0,0,2,1,0,0,0,0,0,0,0,0,0
249,芝,2400,不良,all,6.67,9.67,5,0,0,0,0,1,0,2,2,0,0,0,0,1,0,0,1,1,0,0,0,1,0,0,0,0,1
250,芝,2400,全,未勝利,4.63,7.12,52,10,6,2,4,10,5,4,11,6,7,3,4,5,1,4,1,2,6,2,4,0,3,1,1,0,2
251,芝,2400,良,未勝利,4.71,7.14,43,9,4,2,4,8,4,2,10,5,7,2,3,4,1,3,1,2,5,2,3,0,2,1,1,0,1
252,芝,2400,稍重,未勝利,5.08,8.88,7,1,1,0,0,2,1,2,0,1,0,0,1,1,0,1,0,0,1,0,1,0,1,0,0,0,0
253,芝,2400,重,未勝利,2.0,3.0,1,0,1,0,0,0,0,0,0,0,0,1,0,0,0,0,0,0,0,0,0,0,0,0,0,0,0
254,芝,2400,不良,未勝利,8.0,18.0,1,0,0,0,0,0,0,0,1,0,0,0,0,0,0,0,0,0,0,0,0,0,0,0,0,0,1
255,芝,2400,全,新馬,,,0,0,0,0,0,0,0,0,0,0,0,0,0,0,0,0,0,0,0,0,0,0,0,0,0,0,0
256,芝,2400,良,新馬,,,0,0,0,0,0,0,0,0,0,0,0,0,0,0,0,0,0,0,0,0,0,0,0,0,0,0,0
257,芝,2400,稍重,新馬,,,0,0,0,0,0,0,0,0,0,0,0,0,0,0,0,0,0,0,0,0,0,0,0,0,0,0,0
258,芝,2400,重,新馬,,,0,0,0,0,0,0,0,0,0,0,0,0,0,0,0,0,0,0,0,0,0,0,0,0,0,0,0
259,芝,2400,不良,新馬,,,0,0,0,0,0,0,0,0,0,0,0,0,0,0,0,0,0,0,0,0,0,0,0,0,0,0,0
260,芝,2400,全,1勝クラス,4.94,5.67,54,5,4,8,5,4,12,8,8,5,3,9,5,3,9,4,5,5,2,3,0,0,0,1,0,0,0
261,芝,2400,良,1勝クラス,4.84,5.61,43,5,3,6,3,2,11,6,7,5,2,7,3,1,8,4,3,4,2,3,0,0,0,1,0,0,0
262,芝,2400,稍重,1勝クラス,3.6,3.6,7,0,1,2,2,1,1,0,0,0,1,2,2,1,1,0,0,0,0,0,0,0,0,0,0,0,0
263,芝,2400,重,1勝クラス,7.0,8.0,1,0,0,0,0,0,0,1,0,0,0,0,0,0,0,0,1,0,0,0,0,0,0,0,0,0,0
264,芝,2400,不良,1勝クラス,6.25,6.75,3,0,0,0,0,1,0,1,1,0,0,0,0,1,0,0,1,1,0,0,0,0,0,0,0,0,0
265,芝,2400,全,2勝クラス,5.22,6.0,47,4,3,5,6,6,7,7,9,4,3,5,6,5,5,3,8,2,3,1,0,1,0,0,1,0,0
266,芝,2400,良,2勝クラス,5.27,5.88,40,3,2,4,6,6,6,6,7,3,2,4,6,5,5,3,6,1,3,1,0,1,0,0,0,0,0
267,芝,2400,稍重,2勝クラス,5.2,7.6,5,0,1,1,0,0,1,1,1,0,1,1,0,0,0,0,1,1,0,0,0,0,0,0,1,0,0
268,芝,2400,重,2勝クラス,4.5,4.5,2,1,0,0,0,0,0,0,1,1,0,0,0,0,0,0,1,0,0,0,0,0,0,0,0,0,0
269,芝,2400,不良,2勝クラス,,,0,0,0,0,0,0,0,0,0,0,0,0,0,0,0,0,0,0,0,0,0,0,0,0,0,0,0
270,芝,2400,全,3勝クラス,4.69,7.16,26,2,1,3,5,6,3,3,3,2,1,1,2,3,3,2,2,3,3,1,0,2,0,0,0,0,1
271,芝,2400,良,3勝クラス,4.56,6.94,20,1,1,2,5,5,1,2,3,1,1,0,2,3,3,1,2,2,2,1,0,1,0,0,0,0,1
272,芝,2400,稍重,3勝クラス,3.83,5.67,4,1,0,1,0,1,1,0,0,1,0,1,0,0,0,1,0,0,1,0,0,0,0,0,0,0,0
273,芝,2400,重,3勝クラス,6.0,9.0,1,0,0,0,0,0,1,0,0,0,0,0,0,0,0,0,0,1,0,0,0,0,0,0,0,0,0
274,芝,2400,不良,3勝クラス,7.0,13.0,1,0,0,0,0,0,0,1,0,0,0,0,0,0,0,0,0,0,0,0,0,1,0,0,0,0,0
275,芝,2400,全,オープン,4.7,8.04,38,6,3,7,2,3,5,5,7,1,6,3,1,5,2,2,1,2,3,1,3,3,0,1,2,1,1
276,芝,2400,良,オープン,4.9,8.39,35,4,3,6,2,3,5,5,7,1,4,3,1,4,2,2,1,2,3,1,3,3,0,1,2,1,1
277,芝,2400,稍重,オープン,1.0,2.0,2,2,0,0,0,0,0,0,0,0,2,0,0,0,0,0,0,0,0,0,0,0,0,0,0,0,0
278,芝,2400,重,オープン,3.0,5.0,1,0,0,1,0,0,0,0,0,0,0,0,0,1,0,0,0,0,0,0,0,0,0,0,0,0,0
279,芝,2400,不良,オープン,,,0,0,0,0,0,0,0,0,0,0,0,0,0,0,0,0,0,0,0,0,0,0,0,0,0,0,0
280,芝,2500,全,all,4.64,7.69,17,1,1,3,1,5,3,2,1,0,1,1,1,3,1,2,0,2,4,0,0,1,0,0,0,0,1
281,芝,2500,良,all,4.64,7.69,17,1,1,3,1,5,3,2,1,0,1,1,1,3,1,2,0,2,4,0,0,1,0,0,0,0,1
282,芝,2500,稍重,all,,,0,0,0,0,0,0,0,0,0,0,0,0,0,0,0,0,0,0,0,0,0,0,0,0,0,0,0
283,芝,2500,重,all,,,0,0,0,0,0,0,0,0,0,0,0,0,0,0,0,0,0,0,0,0,0,0,0,0,0,0,0
284,芝,2500,不良,all,,,0,0,0,0,0,0,0,0,0,0,0,0,0,0,0,0,0,0,0,0,0,0,0,0,0,0,0
285,芝,2500,全,未勝利,,,0,0,0,0,0,0,0,0,0,0,0,0,0,0,0,0,0,0,0,0,0,0,0,0,0,0,0
286,芝,2500,良,未勝利,,,0,0,0,0,0,0,0,0,0,0,0,0,0,0,0,0,0,0,0,0,0,0,0,0,0,0,0
287,芝,2500,稍重,未勝利,,,0,0,0,0,0,0,0,0,0,0,0,0,0,0,0,0,0,0,0,0,0,0,0,0,0,0,0
288,芝,2500,重,未勝利,,,0,0,0,0,0,0,0,0,0,0,0,0,0,0,0,0,0,0,0,0,0,0,0,0,0,0,0
289,芝,2500,不良,未勝利,,,0,0,0,0,0,0,0,0,0,0,0,0,0,0,0,0,0,0,0,0,0,0,0,0,0,0,0
290,芝,2500,全,新馬,,,0,0,0,0,0,0,0,0,0,0,0,0,0,0,0,0,0,0,0,0,0,0,0,0,0,0,0
291,芝,2500,良,新馬,,,0,0,0,0,0,0,0,0,0,0,0,0,0,0,0,0,0,0,0,0,0,0,0,0,0,0,0
292,芝,2500,稍重,新馬,,,0,0,0,0,0,0,0,0,0,0,0,0,0,0,0,0,0,0,0,0,0,0,0,0,0,0,0
293,芝,2500,重,新馬,,,0,0,0,0,0,0,0,0,0,0,0,0,0,0,0,0,0,0,0,0,0,0,0,0,0,0,0
294,芝,2500,不良,新馬,,,0,0,0,0,0,0,0,0,0,0,0,0,0,0,0,0,0,0,0,0,0,0,0,0,0,0,0
295,芝,2500,全,1勝クラス,,,0,0,0,0,0,0,0,0,0,0,0,0,0,0,0,0,0,0,0,0,0,0,0,0,0,0,0
296,芝,2500,良,1勝クラス,,,0,0,0,0,0,0,0,0,0,0,0,0,0,0,0,0,0,0,0,0,0,0,0,0,0,0,0
297,芝,2500,稍重,1勝クラス,,,0,0,0,0,0,0,0,0,0,0,0,0,0,0,0,0,0,0,0,0,0,0,0,0,0,0,0
298,芝,2500,重,1勝クラス,,,0,0,0,0,0,0,0,0,0,0,0,0,0,0,0,0,0,0,0,0,0,0,0,0,0,0,0
299,芝,2500,不良,1勝クラス,,,0,0,0,0,0,0,0,0,0,0,0,0,0,0,0,0,0,0,0,0,0,0,0,0,0,0,0
300,芝,2500,全,2勝クラス,5.5,5.5,2,0,0,0,0,1,1,0,0,0,0,0,0,1,1,0,0,0,0,0,0,0,0,0,0,0,0
301,芝,2500,良,2勝クラス,5.5,5.5,2,0,0,0,0,1,1,0,0,0,0,0,0,1,1,0,0,0,0,0,0,0,0,0,0,0,0
302,芝,2500,稍重,2勝クラス,,,0,0,0,0,0,0,0,0,0,0,0,0,0,0,0,0,0,0,0,0,0,0,0,0,0,0,0
303,芝,2500,重,2勝クラス,,,0,0,0,0,0,0,0,0,0,0,0,0,0,0,0,0,0,0,0,0,0,0,0,0,0,0,0
304,芝,2500,不良,2勝クラス,,,0,0,0,0,0,0,0,0,0,0,0,0,0,0,0,0,0,0,0,0,0,0,0,0,0,0,0
305,芝,2500,全,3勝クラス,,,0,0,0,0,0,0,0,0,0,0,0,0,0,0,0,0,0,0,0,0,0,0,0,0,0,0,0
306,芝,2500,良,3勝クラス,,,0,0,0,0,0,0,0,0,0,0,0,0,0,0,0,0,0,0,0,0,0,0,0,0,0,0,0
307,芝,2500,稍重,3勝クラス,,,0,0,0,0,0,0,0,0,0,0,0,0,0,0,0,0,0,0,0,0,0,0,0,0,0,0,0
308,芝,2500,重,3勝クラス,,,0,0,0,0,0,0,0,0,0,0,0,0,0,0,0,0,0,0,0,0,0,0,0,0,0,0,0
309,芝,2500,不良,3勝クラス,,,0,0,0,0,0,0,0,0,0,0,0,0,0,0,0,0,0,0,0,0,0,0,0,0,0,0,0
310,芝,2500,全,オープン,4.56,7.88,15,1,1,3,1,4,2,2,1,0,1,1,1,2,0,2,0,2,4,0,0,1,0,0,0,0,1
311,芝,2500,良,オープン,4.56,7.88,15,1,1,3,1,4,2,2,1,0,1,1,1,2,0,2,0,2,4,0,0,1,0,0,0,0,1
312,芝,2500,稍重,オープン,,,0,0,0,0,0,0,0,0,0,0,0,0,0,0,0,0,0,0,0,0,0,0,0,0,0,0,0
313,芝,2500,重,オープン,,,0,0,0,0,0,0,0,0,0,0,0,0,0,0,0,0,0,0,0,0,0,0,0,0,0,0,0
314,芝,2500,不良,オープン,,,0,0,0,0,0,0,0,0,0,0,0,0,0,0,0,0,0,0,0,0,0,0,0,0,0,0,0
315,芝,3400,全,all,6.0,9.88,8,0,1,0,1,1,1,1,3,0,0,0,1,0,0,0,1,2,2,0,0,1,0,0,1,0,0
316,芝,3400,良,all,6.0,9.88,8,0,1,0,1,1,1,1,3,0,0,0,1,0,0,0,1,2,2,0,0,1,0,0,1,0,0
317,芝,3400,稍重,all,,,0,0,0,0,0,0,0,0,0,0,0,0,0,0,0,0,0,0,0,0,0,0,0,0,0,0,0
318,芝,3400,重,all,,,0,0,0,0,0,0,0,0,0,0,0,0,0,0,0,0,0,0,0,0,0,0,0,0,0,0,0
319,芝,3400,不良,all,,,0,0,0,0,0,0,0,0,0,0,0,0,0,0,0,0,0,0,0,0,0,0,0,0,0,0,0
320,芝,3400,全,未勝利,,,0,0,0,0,0,0,0,0,0,0,0,0,0,0,0,0,0,0,0,0,0,0,0,0,0,0,0
321,芝,3400,良,未勝利,,,0,0,0,0,0,0,0,0,0,0,0,0,0,0,0,0,0,0,0,0,0,0,0,0,0,0,0
322,芝,3400,稍重,未勝利,,,0,0,0,0,0,0,0,0,0,0,0,0,0,0,0,0,0,0,0,0,0,0,0,0,0,0,0
323,芝,3400,重,未勝利,,,0,0,0,0,0,0,0,0,0,0,0,0,0,0,0,0,0,0,0,0,0,0,0,0,0,0,0
324,芝,3400,不良,未勝利,,,0,0,0,0,0,0,0,0,0,0,0,0,0,0,0,0,0,0,0,0,0,0,0,0,0,0,0
325,芝,3400,全,新馬,,,0,0,0,0,0,0,0,0,0,0,0,0,0,0,0,0,0,0,0,0,0,0,0,0,0,0,0
326,芝,3400,良,新馬,,,0,0,0,0,0,0,0,0,0,0,0,0,0,0,0,0,0,0,0,0,0,0,0,0,0,0,0
327,芝,3400,稍重,新馬,,,0,0,0,0,0,0,0,0,0,0,0,0,0,0,0,0,0,0,0,0,0,0,0,0,0,0,0
328,芝,3400,重,新馬,,,0,0,0,0,0,0,0,0,0,0,0,0,0,0,0,0,0,0,0,0,0,0,0,0,0,0,0
329,芝,3400,不良,新馬,,,0,0,0,0,0,0,0,0,0,0,0,0,0,0,0,0,0,0,0,0,0,0,0,0,0,0,0
330,芝,3400,全,1勝クラス,,,0,0,0,0,0,0,0,0,0,0,0,0,0,0,0,0,0,0,0,0,0,0,0,0,0,0,0
331,芝,3400,良,1勝クラス,,,0,0,0,0,0,0,0,0,0,0,0,0,0,0,0,0,0,0,0,0,0,0,0,0,0,0,0
332,芝,3400,稍重,1勝クラス,,,0,0,0,0,0,0,0,0,0,0,0,0,0,0,0,0,0,0,0,0,0,0,0,0,0,0,0
333,芝,3400,重,1勝クラス,,,0,0,0,0,0,0,0,0,0,0,0,0,0,0,0,0,0,0,0,0,0,0,0,0,0,0,0
334,芝,3400,不良,1勝クラス,,,0,0,0,0,0,0,0,0,0,0,0,0,0,0,0,0,0,0,0,0,0,0,0,0,0,0,0
335,芝,3400,全,2勝クラス,,,0,0,0,0,0,0,0,0,0,0,0,0,0,0,0,0,0,0,0,0,0,0,0,0,0,0,0
336,芝,3400,良,2勝クラス,,,0,0,0,0,0,0,0,0,0,0,0,0,0,0,0,0,0,0,0,0,0,0,0,0,0,0,0
337,芝,3400,稍重,2勝クラス,,,0,0,0,0,0,0,0,0,0,0,0,0,0,0,0,0,0,0,0,0,0,0,0,0,0,0,0
338,芝,3400,重,2勝クラス,,,0,0,0,0,0,0,0,0,0,0,0,0,0,0,0,0,0,0,0,0,0,0,0,0,0,0,0
339,芝,3400,不良,2勝クラス,,,0,0,0,0,0,0,0,0,0,0,0,0,0,0,0,0,0,0,0,0,0,0,0,0,0,0,0
340,芝,3400,全,3勝クラス,,,0,0,0,0,0,0,0,0,0,0,0,0,0,0,0,0,0,0,0,0,0,0,0,0,0,0,0
341,芝,3400,良,3勝クラス,,,0,0,0,0,0,0,0,0,0,0,0,0,0,0,0,0,0,0,0,0,0,0,0,0,0,0,0
342,芝,3400,稍重,3勝クラス,,,0,0,0,0,0,0,0,0,0,0,0,0,0,0,0,0,0,0,0,0,0,0,0,0,0,0,0
343,芝,3400,重,3勝クラス,,,0,0,0,0,0,0,0,0,0,0,0,0,0,0,0,0,0,0,0,0,0,0,0,0,0,0,0
344,芝,3400,不良,3勝クラス,,,0,0,0,0,0,0,0,0,0,0,0,0,0,0,0,0,0,0,0,0,0,0,0,0,0,0,0
345,芝,3400,全,オープン,6.0,9.88,8,0,1,0,1,1,1,1,3,0,0,0,1,0,0,0,1,2,2,0,0,1,0,0,1,0,0
346,芝,3400,良,オープン,6.0,9.88,8,0,1,0,1,1,1,1,3,0,0,0,1,0,0,0,1,2,2,0,0,1,0,0,1,0,0
347,芝,3400,稍重,オープン,,,0,0,0,0,0,0,0,0,0,0,0,0,0,0,0,0,0,0,0,0,0,0,0,0,0,0,0
348,芝,3400,重,オープン,,,0,0,0,0,0,0,0,0,0,0,0,0,0,0,0,0,0,0,0,0,0,0,0,0,0,0,0
349,芝,3400,不良,オープン,,,0,0,0,0,0,0,0,0,0,0,0,0,0,0,0,0,0,0,0,0,0,0,0,0,0,0,0
350,ダート,1300,全,all,4.59,8.32,181,21,20,22,29,19,24,22,24,8,15,14,9,16,9,13,15,7,13,7,13,11,9,9,13,0,0
351,ダート,1300,良,all,4.83,8.96,117,16,11,13,16,11,14,18,18,7,10,8,5,7,6,8,8,4,8,5,7,11,5,7,11,0,0
352,ダート,1300,稍重,all,4.3,7.88,29,2,4,3,8,3,3,3,3,1,2,2,2,2,1,4,4,0,3,0,2,0,3,2,1,0,0
353,ダート,1300,重,all,3.69,6.04,21,2,4,4,3,2,3,1,2,0,2,4,1,4,1,0,2,1,2,1,2,0,0,0,1,0,0
354,ダート,1300,不良,all,4.33,7.3,14,1,1,2,2,3,4,0,1,0,1,0,1,3,1,1,1,2,0,1,2,0,1,0,0,0,0
355,ダート,1300,全,未勝利,4.53,8.49,94,13,13,10,14,7,10,11,16,5,9,7,5,8,4,5,7,4,6,2,6,4,7,6,9,0,0
356,ダート,1300,良,未勝利,4.65,8.79,57,9,6,7,9,4,4,7,11,4,5,5,1,5,4,3,4,2,2,1,3,4,3,4,7,0,0
357,ダート,1300,稍重,未勝利,4.76,9.0,17,1,4,0,3,1,2,3,3,1,1,1,2,0,0,1,2,0,2,0,1,0,3,2,1,0,0
358,ダート,1300,重,未勝利,3.53,6.33,12,2,2,2,1,1,2,1,1,0,2,1,1,2,0,0,1,1,2,0,1,0,0,0,1,0,0
359,ダート,1300,不良,未勝利,4.2,7.7,8,1,1,1,1,1,2,0,1,0,1,0,1,1,0,1,0,1,0,1,1,0,1,0,0,0,0
360,ダート,1300,全,新馬,4.64,8.5,13,1,3,1,1,1,3,1,2,0,1,2,2,0,0,1,0,0,2,1,2,0,0,1,1,0,0
361,ダート,1300,良,新馬,4.43,7.93,10,1,2,1,1,1,1,1,2,0,1,1,2,0,0,1,0,0,2,1,0,0,0,1,1,0,0
362,ダート,1300,稍重,新馬,6.0,12.0,1,0,0,0,0,0,1,0,0,0,0,0,0,0,0,0,0,0,0,0,1,0,0,0,0,0,0
363,ダート,1300,重,新馬,4.0,7.5,2,0,1,0,0,0,1,0,0,0,0,1,0,0,0,0,0,0,0,0,1,0,0,0,0,0,0
364,ダート,1300,不良,新馬,,,0,0,0,0,0,0,0,0,0,0,0,0,0,0,0,0,0,0,0,0,0,0,0,0,0,0,0
365,ダート,1300,全,1勝クラス,4.77,8.18,35,1,4,7,5,3,7,5,3,0,2,5,2,3,4,3,2,0,2,2,2,4,1,1,2,0,0
366,ダート,1300,良,1勝クラス,5.52,10.01,23,1,3,3,2,1,5,5,3,0,2,2,2,0,2,2,0,0,2,2,1,4,1,1,2,0,0
367,ダート,1300,稍重,1勝クラス,4.0,6.0,3,0,0,1,1,1,0,0,0,0,0,1,0,0,0,1,1,0,0,0,0,0,0,0,0,0,0
368,ダート,1300,重,1勝クラス,3.25,5.12,5,0,1,2,2,0,0,0,0,0,0,2,0,1,1,0,1,0,0,0,0,0,0,0,0,0,0
369,ダート,1300,不良,1勝クラス,4.83,6.5,4,0,0,1,0,1,2,0,0,0,0,0,0,2,1,0,0,0,0,0,1,0,0,0,0,0,0
370,ダート,1300,全,2勝クラス,4.56,8.14,29,4,0,4,7,7,1,4,2,2,2,0,0,5,1,2,6,2,3,0,1,3,0,1,1,0,0
371,ダート,1300,良,2勝クラス,5.06,9.27,20,4,0,2,3,4,1,4,2,2,2,0,0,2,0,1,4,1,2,0,1,3,0,1,1,0,0
372,ダート,1300,稍重,2勝クラス,4.0,7.25,6,0,0,2,3,1,0,0,0,0,0,0,0,2,1,1,1,0,1,0,0,0,0,0,0,0,0
373,ダート,1300,重,2勝クラス,5.0,5.0,1,0,0,0,0,1,0,0,0,0,0,0,0,1,0,0,0,0,0,0,0,0,0,0,0,0,0
374,ダート,1300,不良,2勝クラス,4.5,8.5,2,0,0,0,1,1,0,0,0,0,0,0,0,0,0,0,1,1,0,0,0,0,0,0,0,0,0
375,ダート,1300,全,3勝クラス,6.0,10.67,6,0,0,0,1,1,2,1,1,0,0,0,0,0,0,1,0,1,0,2,1,0,1,0,0,0,0
376,ダート,1300,良,3勝クラス,6.0,11.5,4,0,0,0,0,1,2,1,0,0,0,0,0,0,0,0,0,1,0,1,1,0,1,0,0,0,0
377,ダート,1300,稍重,3勝クラス,4.0,7.0,1,0,0,0,1,0,0,0,0,0,0,0,0,0,0,1,0,0,0,0,0,0,0,0,0,0,0
378,ダート,1300,重,3勝クラス,8.0,11.0,1,0,0,0,0,0,0,0,1,0,0,0,0,0,0,0,0,0,0,1,0,0,0,0,0,0,0
379,ダート,1300,不良,3勝クラス,,,0,0,0,0,0,0,0,0,0,0,0,0,0,0,0,0,0,0,0,0,0,0,0,0,0,0,0
380,ダート,1300,全,オープン,,,0,0,0,0,0,0,0,0,0,0,0,0,0,0,0,0,0,0,0,0,0,0,0,0,0,0,0
381,ダート,1300,良,オープン,,,0,0,0,0,0,0,0,0,0,0,0,0,0,0,0,0,0,0,0,0,0,0,0,0,0,0,0
382,ダート,1300,稍重,オープン,,,0,0,0,0,0,0,0,0,0,0,0,0,0,0,0,0,0,0,0,0,0,0,0,0,0,0,0
383,ダート,1300,重,オープン,,,0,0,0,0,0,0,0,0,0,0,0,0,0,0,0,0,0,0,0,0,0,0,0,0,0,0,0
384,ダート,1300,不良,オープン,,,0,0,0,0,0,0,0,0,0,0,0,0,0,0,0,0,0,0,0,0,0,0,0,0,0,0,0
385,ダート,1400,全,all,4.58,8.34,701,84,80,75,96,79,94,110,83,42,48,51,38,40,44,54,42,29,46,49,40,48,59,36,35,0,0
386,ダート,1400,良,all,4.59,8.35,433,53,48,44,59,51,58,67,53,28,30,29,24,21,26,39,21,19,31,30,22,32,33,25,23,0,0
387,ダート,1400,稍重,all,4.69,8.63,145,13,20,17,20,17,18,20,20,7,6,15,8,9,10,7,12,8,8,9,8,8,13,7,10,0,0
388,ダート,1400,重,all,4.78,8.79,83,10,5,10,13,8,10,17,10,4,6,2,4,6,6,7,8,0,6,3,9,4,12,4,2,0,0
389,ダート,1400,不良,all,3.67,6.3,40,8,7,4,4,3,8,6,0,3,6,5,2,4,2,1,1,2,1,7,1,4,1,0,0,0,0
390,ダート,1400,全,未勝利,4.51,8.19,248,32,29,23,38,26,37,39,24,15,19,19,13,17,13,24,9,11,14,23,10,20,22,8,11,0,0
391,ダート,1400,良,未勝利,4.64,8.38,152,20,13,10,29,19,19,24,18,11,11,8,7,9,5,19,6,10,8,12,5,13,12,7,9,0,0
392,ダート,1400,稍重,未勝利,4.32,8.03,47,3,10,8,5,4,8,6,3,0,3,6,4,3,6,3,2,1,3,5,2,3,4,0,2,0,0
393,ダート,1400,重,未勝利,4.92,8.85,30,5,2,3,2,2,6,7,3,3,2,2,0,2,2,2,1,0,2,3,2,3,5,1,0,0,0
394,ダート,1400,不良,未勝利,3.82,6.72,19,4,4,2,2,1,4,2,0,1,3,3,2,3,0,0,0,0,1,3,1,1,1,0,0,0,0
395,ダート,1400,全,新馬,4.61,8.6,54,9,3,6,6,8,8,7,7,3,6,3,2,2,3,2,3,3,5,8,0,4,3,1,6,0,0
396,ダート,1400,良,新馬,4.63,8.67,34,6,2,4,3,6,6,4,3,2,4,2,2,0,2,1,2,1,5,6,0,2,2,1,2,0,0
397,ダート,1400,稍重,新馬,6.5,12.6,9,1,0,0,0,2,0,2,4,1,0,0,0,0,0,0,0,2,0,0,0,1,1,0,4,0,0
398,ダート,1400,重,新馬,2.83,5.17,5,2,0,1,2,0,0,0,0,0,2,0,0,1,1,0,1,0,0,0,0,0,0,0,0,0,0
399,ダート,1400,不良,新馬,4.9,8.8,6,0,1,1,1,0,2,1,0,0,0,1,0,1,0,1,0,0,0,2,0,1,0,0,0,0,0
400,ダート,1400,全,1勝クラス,4.72,8.54,180,18,20,26,18,22,21,29,26,11,8,15,10,12,15,10,11,5,15,7,11,7,20,13,10,0,0
401,ダート,1400,良,1勝クラス,4.63,8.46,109,14,12,16,8,14,11,16,18,10,4,9,6,7,8,7,4,3,10,4,6,6,8,10,7,0,0
402,ダート,1400,稍重,1勝クラス,4.62,8.13,40,3,5,6,5,5,5,7,4,1,2,5,2,4,4,2,1,1,4,2,2,0,7,1,2,0,0
403,ダート,1400,重,1勝クラス,5.0,9.47,24,1,1,4,4,2,3,5,4,0,1,0,2,1,2,1,5,0,1,0,3,0,5,2,1,0,0
404,ダート,1400,不良,1勝クラス,4.5,7.5,7,0,2,0,1,1,2,1,0,0,1,1,0,0,1,0,1,1,0,1,0,1,0,0,0,0,0
405,ダート,1400,全,2勝クラス,4.39,7.98,109,13,16,11,17,12,16,13,11,6,9,6,9,5,7,9,9,6,8,1,14,7,4,6,3,0,0
406,ダート,1400,良,2勝クラス,4.2,7.48,69,6,13,8,10,5,13,8,6,2,6,5,7,3,5,6,5,3,5,1,9,4,3,3,2,0,0
407,ダート,1400,稍重,2勝クラス,4.92,8.84,22,4,1,1,4,4,2,3,3,3,1,1,0,1,0,1,4,2,1,0,3,3,0,2,0,0,0
408,ダート,1400,重,2勝クラス,4.88,9.12,14,1,2,1,3,2,1,2,2,0,1,0,2,1,1,2,0,0,2,0,2,0,1,1,1,0,0
409,ダート,1400,不良,2勝クラス,2.5,4.5,4,2,0,1,0,1,0,0,0,1,1,0,0,0,1,0,0,1,0,0,0,0,0,0,0,0,0
410,ダート,1400,全,3勝クラス,5.06,9.28,49,4,4,4,10,6,6,6,9,3,2,1,3,2,2,5,6,2,3,4,4,0,4,5,3,0,0
411,ダート,1400,良,3勝クラス,5.12,9.57,28,1,3,2,5,4,4,4,5,1,1,1,1,1,2,2,3,2,2,2,2,0,3,3,2,0,0
412,ダート,1400,稍重,3勝クラス,5.48,10.4,12,1,1,2,3,0,2,0,3,1,0,0,2,1,0,1,2,0,0,1,1,0,0,2,1,0,0
413,ダート,1400,重,3勝クラス,5.0,8.6,7,1,0,0,2,2,0,1,1,1,0,0,0,0,0,2,1,0,1,0,1,0,1,0,0,0,0
414,ダート,1400,不良,3勝クラス,4.0,6.5,2,1,0,0,0,0,0,1,0,0,1,0,0,0,0,0,0,0,0,1,0,0,0,0,0,0,0
415,ダート,1400,全,オープン,4.59,8.49,38,6,4,2,5,3,4,10,4,3,3,3,1,1,1,3,2,2,1,4,0,8,3,1,2,0,0
416,ダート,1400,良,オープン,4.62,8.56,25,5,2,1,3,1,4,6,3,2,3,1,1,0,1,3,0,0,1,4,0,5,2,1,1,0,0
417,ダート,1400,稍重,オープン,4.71,8.93,9,0,2,0,2,2,0,2,1,0,0,2,0,0,0,0,2,2,0,0,0,1,1,0,1,0,0
418,ダート,1400,重,オープン,5.0,9.0,2,0,0,1,0,0,0,1,0,0,0,0,0,1,0,0,0,0,0,0,0,1,0,0,0,0,0
419,ダート,1400,不良,オープン,4.0,7.0,2,1,0,0,0,0,0,1,0,1,0,0,0,0,0,0,0,0,0,0,0,1,0,0,0,0,0
420,ダート,1600,全,all,4.97,8.56,840,78,86,90,88,99,133,118,148,47,52,59,51,41,58,54,43,54,56,55,69,60,51,40,50,0,0
421,ダート,1600,良,all,5.0,8.63,519,48,47,56,48,63,90,76,91,30,33,32,31,25,34,28,29,33,33,35,48,37,35,21,35,0,0
422,ダート,1600,稍重,all,5.19,8.89,161,12,23,10,17,16,23,28,32,8,7,14,12,3,11,13,6,13,8,9,14,14,11,9,9,0,0
423,ダート,1600,重,all,4.68,8.06,109,11,10,16,16,14,14,9,19,5,9,9,6,6,10,10,2,5,10,8,5,7,4,7,6,0,0
424,ダート,1600,不良,all,4.2,6.78,51,7,6,8,7,6,6,5,6,4,3,4,2,7,3,3,6,3,5,3,2,2,1,3,0,0,0
425,ダート,1600,全,未勝利,4.86,8.57,307,33,31,30,38,42,46,45,42,18,21,17,20,16,20,19,18,18,26,23,23,24,13,12,19,0,0
426,ダート,1600,良,未勝利,4.99,8.88,184,17,14,19,22,25,31,29,27,9,12,8,11,10,11,10,13,10,15,14,15,14,9,8,15,0,0
427,ダート,1600,稍重,未勝利,4.91,8.6,63,8,11,2,6,7,7,9,13,5,4,5,6,2,2,3,2,6,2,4,5,8,2,4,3,0,0
428,ダート,1600,重,未勝利,4.5,7.94,37,4,4,4,6,7,6,4,2,1,4,3,2,1,4,3,1,2,5,4,3,1,2,0,1,0,0
429,ダート,1600,不良,未勝利,4.13,6.82,23,4,2,5,4,3,2,3,0,3,1,1,1,3,3,3,2,0,4,1,0,1,0,0,0,0,0
430,ダート,1600,全,新馬,4.82,8.84,71,4,10,7,8,11,12,9,10,2,3,5,4,6,2,6,5,3,6,6,6,5,3,1,8,0,0
431,ダート,1600,良,新馬,5.14,9.46,45,2,7,3,3,7,9,7,7,0,3,2,4,3,0,2,4,2,4,4,5,4,2,1,5,0,0
432,ダート,1600,稍重,新馬,4.5,8.23,15,2,3,1,2,2,2,2,1,2,0,3,0,0,1,3,0,1,0,1,1,1,1,0,1,0,0
433,ダート,1600,重,新馬,4.58,8.21,7,0,0,2,2,1,0,0,2,0,0,0,0,2,1,1,0,0,1,0,0,0,0,0,2,0,0
434,ダート,1600,不良,新馬,4.33,8.17,4,0,0,1,1,1,1,0,0,0,0,0,0,1,0,0,1,0,1,1,0,0,0,0,0,0,0
435,ダート,1600,全,1勝クラス,5.36,8.78,221,14,20,18,20,24,44,36,45,11,12,13,14,7,16,15,13,16,12,15,22,17,17,12,9,0,0
436,ダート,1600,良,1勝クラス,5.42,8.97,141,10,11,13,13,15,28,20,31,7,9,9,9,5,12,7,9,8,6,9,14,10,12,7,8,0,0
437,ダート,1600,稍重,1勝クラス,5.67,9.36,38,1,3,3,3,5,8,9,6,1,1,2,2,0,3,4,2,4,4,3,5,2,2,2,1,0,0
438,ダート,1600,重,1勝クラス,5.31,8.86,27,2,3,1,4,3,5,5,4,2,2,0,2,1,1,4,0,2,2,2,2,4,2,1,0,0,0
439,ダート,1600,不良,1勝クラス,4.13,6.93,15,1,3,1,0,1,3,2,4,1,0,2,1,1,0,0,2,2,0,1,1,1,1,2,0,0,0
440,ダート,1600,全,2勝クラス,4.82,8.4,107,13,10,15,12,8,9,16,24,8,6,8,9,7,7,4,3,5,5,5,9,7,11,8,5,0,0
441,ダート,1600,良,2勝クラス,4.15,7.14,60,11,4,8,3,7,6,11,10,8,4,3,4,3,3,2,0,5,4,3,7,3,7,2,2,0,0
442,ダート,1600,稍重,2勝クラス,5.54,9.92,24,1,3,2,5,0,2,5,6,0,1,1,4,1,2,1,2,0,0,1,1,3,4,2,1,0,0
443,ダート,1600,重,2勝クラス,4.42,7.71,17,0,2,5,2,1,1,0,6,0,0,3,1,2,2,1,0,0,1,1,0,1,0,3,2,0,0
444,ダート,1600,不良,2勝クラス,4.88,8.5,6,1,1,0,2,0,0,0,2,0,1,1,0,1,0,0,1,0,0,0,1,0,0,1,0,0,0
445,ダート,1600,全,3勝クラス,5.19,8.8,47,6,4,6,2,4,5,8,12,4,3,3,2,2,3,2,1,5,1,1,4,3,6,4,3,0,0
446,ダート,1600,良,3勝クラス,4.99,8.24,34,4,4,4,1,4,5,6,6,3,2,2,2,1,2,2,1,5,0,1,4,2,4,2,1,0,0
447,ダート,1600,稍重,3勝クラス,7.56,13.0,5,0,0,0,0,0,0,2,3,0,0,0,0,0,0,0,0,0,1,0,0,0,2,1,1,0,0
448,ダート,1600,重,3勝クラス,5.0,8.8,7,2,0,1,1,0,0,0,3,1,1,1,0,0,1,0,0,0,0,0,0,1,0,1,1,0,0
449,ダート,1600,不良,3勝クラス,3.0,5.0,1,0,0,1,0,0,0,0,0,0,0,0,0,1,0,0,0,0,0,0,0,0,0,0,0,0,0
450,ダート,1600,全,オープン,4.54,7.4,63,6,9,11,6,6,12,3,10,3,6,11,2,1,8,5,1,5,5,4,3,3,0,1,5,0,0
451,ダート,1600,良,オープン,4.69,7.79,37,2,6,6,5,3,7,2,6,2,2,7,1,1,4,3,0,3,3,3,2,3,0,0,3,0,0
452,ダート,1600,稍重,オープン,5.17,7.5,12,0,2,2,0,1,3,1,3,0,1,2,0,0,3,1,0,1,1,0,1,0,0,0,2,0,0
453,ダート,1600,重,オープン,3.28,5.5,12,3,1,3,1,1,2,0,1,1,2,2,1,0,1,1,1,0,1,1,0,0,0,1,0,0,0
454,ダート,1600,不良,オープン,3.0,5.5,2,1,0,0,0,1,0,0,0,0,1,0,0,0,0,0,0,1,0,0,0,0,0,0,0,0,0
455,ダート,1800,全,all,,,0,0,0,0,0,0,0,0,0,0,0,0,0,0,0,0,0,0,0,0,0,0,0,0,0,0,0
456,ダート,1800,良,all,,,0,0,0,0,0,0,0,0,0,0,0,0,0,0,0,0,0,0,0,0,0,0,0,0,0,0,0
457,ダート,1800,稍重,all,,,0,0,0,0,0,0,0,0,0,0,0,0,0,0,0,0,0,0,0,0,0,0,0,0,0,0,0
458,ダート,1800,重,all,,,0,0,0,0,0,0,0,0,0,0,0,0,0,0,0,0,0,0,0,0,0,0,0,0,0,0,0
459,ダート,1800,不良,all,,,0,0,0,0,0,0,0,0,0,0,0,0,0,0,0,0,0,0,0,0,0,0,0,0,0,0,0
460,ダート,1800,全,未勝利,,,0,0,0,0,0,0,0,0,0,0,0,0,0,0,0,0,0,0,0,0,0,0,0,0,0,0,0
461,ダート,1800,良,未勝利,,,0,0,0,0,0,0,0,0,0,0,0,0,0,0,0,0,0,0,0,0,0,0,0,0,0,0,0
462,ダート,1800,稍重,未勝利,,,0,0,0,0,0,0,0,0,0,0,0,0,0,0,0,0,0,0,0,0,0,0,0,0,0,0,0
463,ダート,1800,重,未勝利,,,0,0,0,0,0,0,0,0,0,0,0,0,0,0,0,0,0,0,0,0,0,0,0,0,0,0,0
464,ダート,1800,不良,未勝利,,,0,0,0,0,0,0,0,0,0,0,0,0,0,0,0,0,0,0,0,0,0,0,0,0,0,0,0
465,ダート,1800,全,新馬,,,0,0,0,0,0,0,0,0,0,0,0,0,0,0,0,0,0,0,0,0,0,0,0,0,0,0,0
466,ダート,1800,良,新馬,,,0,0,0,0,0,0,0,0,0,0,0,0,0,0,0,0,0,0,0,0,0,0,0,0,0,0,0
467,ダート,1800,稍重,新馬,,,0,0,0,0,0,0,0,0,0,0,0,0,0,0,0,0,0,0,0,0,0,0,0,0,0,0,0
468,ダート,1800,重,新馬,,,0,0,0,0,0,0,0,0,0,0,0,0,0,0,0,0,0,0,0,0,0,0,0,0,0,0,0
469,ダート,1800,不良,新馬,,,0,0,0,0,0,0,0,0,0,0,0,0,0,0,0,0,0,0,0,0,0,0,0,0,0,0,0
470,ダート,1800,全,1勝クラス,,,0,0,0,0,0,0,0,0,0,0,0,0,0,0,0,0,0,0,0,0,0,0,0,0,0,0,0
471,ダート,1800,良,1勝クラス,,,0,0,0,0,0,0,0,0,0,0,0,0,0,0,0,0,0,0,0,0,0,0,0,0,0,0,0
472,ダート,1800,稍重,1勝クラス,,,0,0,0,0,0,0,0,0,0,0,0,0,0,0,0,0,0,0,0,0,0,0,0,0,0,0,0
473,ダート,1800,重,1勝クラス,,,0,0,0,0,0,0,0,0,0,0,0,0,0,0,0,0,0,0,0,0,0,0,0,0,0,0,0
474,ダート,1800,不良,1勝クラス,,,0,0,0,0,0,0,0,0,0,0,0,0,0,0,0,0,0,0,0,0,0,0,0,0,0,0,0
475,ダート,1800,全,2勝クラス,,,0,0,0,0,0,0,0,0,0,0,0,0,0,0,0,0,0,0,0,0,0,0,0,0,0,0,0
476,ダート,1800,良,2勝クラス,,,0,0,0,0,0,0,0,0,0,0,0,0,0,0,0,0,0,0,0,0,0,0,0,0,0,0,0
477,ダート,1800,稍重,2勝クラス,,,0,0,0,0,0,0,0,0,0,0,0,0,0,0,0,0,0,0,0,0,0,0,0,0,0,0,0
478,ダート,1800,重,2勝クラス,,,0,0,0,0,0,0,0,0,0,0,0,0,0,0,0,0,0,0,0,0,0,0,0,0,0,0,0
479,ダート,1800,不良,2勝クラス,,,0,0,0,0,0,0,0,0,0,0,0,0,0,0,0,0,0,0,0,0,0,0,0,0,0,0,0
480,ダート,1800,全,3勝クラス,,,0,0,0,0,0,0,0,0,0,0,0,0,0,0,0,0,0,0,0,0,0,0,0,0,0,0,0
481,ダート,1800,良,3勝クラス,,,0,0,0,0,0,0,0,0,0,0,0,0,0,0,0,0,0,0,0,0,0,0,0,0,0,0,0
482,ダート,1800,稍重,3勝クラス,,,0,0,0,0,0,0,0,0,0,0,0,0,0,0,0,0,0,0,0,0,0,0,0,0,0,0,0
483,ダート,1800,重,3勝クラス,,,0,0,0,0,0,0,0,0,0,0,0,0,0,0,0,0,0,0,0,0,0,0,0,0,0,0,0
484,ダート,1800,不良,3勝クラス,,,0,0,0,0,0,0,0,0,0,0,0,0,0,0,0,0,0,0,0,0,0,0,0,0,0,0,0
485,ダート,1800,全,オープン,,,0,0,0,0,0,0,0,0,0,0,0,0,0,0,0,0,0,0,0,0,0,0,0,0,0,0,0
486,ダート,1800,良,オープン,,,0,0,0,0,0,0,0,0,0,0,0,0,0,0,0,0,0,0,0,0,0,0,0,0,0,0,0
487,ダート,1800,稍重,オープン,,,0,0,0,0,0,0,0,0,0,0,0,0,0,0,0,0,0,0,0,0,0,0,0,0,0,0,0
488,ダート,1800,重,オープン,,,0,0,0,0,0,0,0,0,0,0,0,0,0,0,0,0,0,0,0,0,0,0,0,0,0,0,0
489,ダート,1800,不良,オープン,,,0,0,0,0,0,0,0,0,0,0,0,0,0,0,0,0,0,0,0,0,0,0,0,0,0,0,0
490,ダート,2000,全,all,,,0,0,0,0,0,0,0,0,0,0,0,0,0,0,0,0,0,0,0,0,0,0,0,0,0,0,0
491,ダート,2000,良,all,,,0,0,0,0,0,0,0,0,0,0,0,0,0,0,0,0,0,0,0,0,0,0,0,0,0,0,0
492,ダート,2000,稍重,all,,,0,0,0,0,0,0,0,0,0,0,0,0,0,0,0,0,0,0,0,0,0,0,0,0,0,0,0
493,ダート,2000,重,all,,,0,0,0,0,0,0,0,0,0,0,0,0,0,0,0,0,0,0,0,0,0,0,0,0,0,0,0
494,ダート,2000,不良,all,,,0,0,0,0,0,0,0,0,0,0,0,0,0,0,0,0,0,0,0,0,0,0,0,0,0,0,0
495,ダート,2000,全,未勝利,,,0,0,0,0,0,0,0,0,0,0,0,0,0,0,0,0,0,0,0,0,0,0,0,0,0,0,0
496,ダート,2000,良,未勝利,,,0,0,0,0,0,0,0,0,0,0,0,0,0,0,0,0,0,0,0,0,0,0,0,0,0,0,0
497,ダート,2000,稍重,未勝利,,,0,0,0,0,0,0,0,0,0,0,0,0,0,0,0,0,0,0,0,0,0,0,0,0,0,0,0
498,ダート,2000,重,未勝利,,,0,0,0,0,0,0,0,0,0,0,0,0,0,0,0,0,0,0,0,0,0,0,0,0,0,0,0
499,ダート,2000,不良,未勝利,,,0,0,0,0,0,0,0,0,0,0,0,0,0,0,0,0,0,0,0,0,0,0,0,0,0,0,0
500,ダート,2000,全,新馬,,,0,0,0,0,0,0,0,0,0,0,0,0,0,0,0,0,0,0,0,0,0,0,0,0,0,0,0
501,ダート,2000,良,新馬,,,0,0,0,0,0,0,0,0,0,0,0,0,0,0,0,0,0,0,0,0,0,0,0,0,0,0,0
502,ダート,2000,稍重,新馬,,,0,0,0,0,0,0,0,0,0,0,0,0,0,0,0,0,0,0,0,0,0,0,0,0,0,0,0
503,ダート,2000,重,新馬,,,0,0,0,0,0,0,0,0,0,0,0,0,0,0,0,0,0,0,0,0,0,0,0,0,0,0,0
504,ダート,2000,不良,新馬,,,0,0,0,0,0,0,0,0,0,0,0,0,0,0,0,0,0,0,0,0,0,0,0,0,0,0,0
505,ダート,2000,全,1勝クラス,,,0,0,0,0,0,0,0,0,0,0,0,0,0,0,0,0,0,0,0,0,0,0,0,0,0,0,0
506,ダート,2000,良,1勝クラス,,,0,0,0,0,0,0,0,0,0,0,0,0,0,0,0,0,0,0,0,0,0,0,0,0,0,0,0
507,ダート,2000,稍重,1勝クラス,,,0,0,0,0,0,0,0,0,0,0,0,0,0,0,0,0,0,0,0,0,0,0,0,0,0,0,0
508,ダート,2000,重,1勝クラス,,,0,0,0,0,0,0,0,0,0,0,0,0,0,0,0,0,0,0,0,0,0,0,0,0,0,0,0
509,ダート,2000,不良,1勝クラス,,,0,0,0,0,0,0,0,0,0,0,0,0,0,0,0,0,0,0,0,0,0,0,0,0,0,0,0
510,ダート,2000,全,2勝クラス,,,0,0,0,0,0,0,0,0,0,0,0,0,0,0,0,0,0,0,0,0,0,0,0,0,0,0,0
511,ダート,2000,良,2勝クラス,,,0,0,0,0,0,0,0,0,0,0,0,0,0,0,0,0,0,0,0,0,0,0,0,0,0,0,0
512,ダート,2000,稍重,2勝クラス,,,0,0,0,0,0,0,0,0,0,0,0,0,0,0,0,0,0,0,0,0,0,0,0,0,0,0,0
513,ダート,2000,重,2勝クラス,,,0,0,0,0,0,0,0,0,0,0,0,0,0,0,0,0,0,0,0,0,0,0,0,0,0,0,0
514,ダート,2000,不良,2勝クラス,,,0,0,0,0,0,0,0,0,0,0,0,0,0,0,0,0,0,0,0,0,0,0,0,0,0,0,0
515,ダート,2000,全,3勝クラス,,,0,0,0,0,0,0,0,0,0,0,0,0,0,0,0,0,0,0,0,0,0,0,0,0,0,0,0
516,ダート,2000,良,3勝クラス,,,0,0,0,0,0,0,0,0,0,0,0,0,0,0,0,0,0,0,0,0,0,0,0,0,0,0,0
517,ダート,2000,稍重,3勝クラス,,,0,0,0,0,0,0,0,0,0,0,0,0,0,0,0,0,0,0,0,0,0,0,0,0,0,0,0
518,ダート,2000,重,3勝クラス,,,0,0,0,0,0,0,0,0,0,0,0,0,0,0,0,0,0,0,0,0,0,0,0,0,0,0,0
519,ダート,2000,不良,3勝クラス,,,0,0,0,0,0,0,0,0,0,0,0,0,0,0,0,0,0,0,0,0,0,0,0,0,0,0,0
520,ダート,2000,全,オープン,,,0,0,0,0,0,0,0,0,0,0,0,0,0,0,0,0,0,0,0,0,0,0,0,0,0,0,0
521,ダート,2000,良,オープン,,,0,0,0,0,0,0,0,0,0,0,0,0,0,0,0,0,0,0,0,0,0,0,0,0,0,0,0
522,ダート,2000,稍重,オープン,,,0,0,0,0,0,0,0,0,0,0,0,0,0,0,0,0,0,0,0,0,0,0,0,0,0,0,0
523,ダート,2000,重,オープン,,,0,0,0,0,0,0,0,0,0,0,0,0,0,0,0,0,0,0,0,0,0,0,0,0,0,0,0
524,ダート,2000,不良,オープン,,,0,0,0,0,0,0,0,0,0,0,0,0,0,0,0,0,0,0,0,0,0,0,0,0,0,0,0
525,ダート,2100,全,all,4.81,7.85,285,25,28,44,29,44,39,35,41,15,14,23,28,19,27,20,21,18,17,20,13,16,12,7,15,0,0
526,ダート,2100,良,all,4.84,7.85,170,14,18,23,19,25,28,18,25,9,7,12,18,13,15,11,12,10,12,18,8,7,6,5,7,0,0
527,ダート,2100,稍重,all,4.37,7.0,55,9,6,8,7,8,5,7,5,4,7,5,6,2,5,4,5,3,2,1,3,4,1,1,2,0,0
528,ダート,2100,重,all,5.0,7.68,43,2,4,9,2,9,5,7,5,2,0,6,3,3,4,4,3,5,2,1,2,3,3,0,2,0,0
529,ダート,2100,不良,all,6.09,11.0,17,0,0,4,1,2,1,3,6,0,0,0,1,1,3,1,1,0,1,0,0,2,2,1,4,0,0
530,ダート,2100,全,未勝利,4.88,7.99,97,6,8,18,9,19,8,15,14,2,4,9,9,6,14,8,5,5,3,7,4,8,7,2,4,0,0
531,ダート,2100,良,未勝利,4.68,7.53,58,4,6,11,7,10,6,7,7,2,2,5,7,4,9,4,4,2,3,6,1,3,4,1,1,0,0
532,ダート,2100,稍重,未勝利,4.81,7.83,16,2,1,2,1,4,1,3,2,0,2,1,1,0,3,1,1,2,0,1,2,2,0,0,0,0,0
533,ダート,2100,重,未勝利,4.69,7.67,14,0,1,4,1,4,1,2,1,0,0,3,1,1,1,3,0,1,0,0,1,1,1,0,1,0,0
534,ダート,2100,不良,未勝利,7.3,13.25,9,0,0,1,0,1,0,3,4,0,0,0,0,1,1,0,0,0,0,0,0,2,2,1,2,0,0
535,ダート,2100,全,新馬,,,0,0,0,0,0,0,0,0,0,0,0,0,0,0,0,0,0,0,0,0,0,0,0,0,0,0,0
536,ダート,2100,良,新馬,,,0,0,0,0,0,0,0,0,0,0,0,0,0,0,0,0,0,0,0,0,0,0,0,0,0,0,0
537,ダート,2100,稍重,新馬,,,0,0,0,0,0,0,0,0,0,0,0,0,0,0,0,0,0,0,0,0,0,0,0,0,0,0,0
538,ダート,2100,重,新馬,,,0,0,0,0,0,0,0,0,0,0,0,0,0,0,0,0,0,0,0,0,0,0,0,0,0,0,0
539,ダート,2100,不良,新馬,,,0,0,0,0,0,0,0,0,0,0,0,0,0,0,0,0,0,0,0,0,0,0,0,0,0,0,0
540,ダート,2100,全,1勝クラス,4.82,7.51,64,7,4,13,6,7,12,6,9,4,3,6,8,4,4,5,7,6,3,4,5,1,1,1,2,0,0
541,ダート,2100,良,1勝クラス,4.92,7.82,34,3,4,5,3,3,7,2,7,2,1,2,6,3,1,3,1,2,2,4,4,0,0,1,2,0,0
542,ダート,2100,稍重,1勝クラス,4.05,5.33,15,4,0,3,2,2,2,2,0,2,2,2,2,1,0,1,2,1,1,0,0,1,0,0,0,0,0
543,ダート,2100,重,1勝クラス,5.73,8.17,11,0,0,3,0,2,2,2,2,0,0,2,0,0,1,0,3,3,0,0,1,0,1,0,0,0,0
544,ダート,2100,不良,1勝クラス,3.83,6.67,4,0,0,2,1,0,1,0,0,0,0,0,0,0,2,1,1,0,0,0,0,0,0,0,0,0,0
545,ダート,2100,全,2勝クラス,4.84,7.94,56,7,4,6,6,11,9,4,9,6,3,2,5,5,3,2,4,3,7,4,1,2,2,1,6,0,0
546,ダート,2100,良,2勝クラス,4.93,8.11,32,4,1,3,2,8,7,3,4,3,1,0,3,4,1,0,2,3,5,4,1,2,1,0,2,0,0
547,ダート,2100,稍重,2勝クラス,4.44,7.53,12,1,2,1,3,1,1,0,3,1,2,1,1,0,0,1,2,0,1,0,0,0,0,1,2,0,0
548,ダート,2100,重,2勝クラス,4.17,6.58,9,2,1,1,1,1,1,1,1,2,0,1,0,1,2,1,0,0,0,0,0,0,1,0,1,0,0
549,ダート,2100,不良,2勝クラス,5.33,10.0,3,0,0,1,0,1,0,0,1,0,0,0,1,0,0,0,0,0,1,0,0,0,0,0,1,0,0
550,ダート,2100,全,3勝クラス,4.96,8.48,35,2,6,4,6,2,6,5,4,1,1,5,3,2,2,4,2,1,3,3,1,3,1,2,1,0,0
551,ダート,2100,良,3勝クラス,5.45,9.46,22,0,3,3,5,1,4,3,3,0,0,4,1,1,2,3,2,1,1,2,0,1,1,2,1,0,0
552,ダート,2100,稍重,3勝クラス,3.17,5.67,8,2,2,1,1,0,1,1,0,1,1,1,1,1,0,1,0,0,0,0,1,1,0,0,0,0,0
553,ダート,2100,重,3勝クラス,6.12,10.25,5,0,1,0,0,1,1,1,1,0,0,0,1,0,0,0,0,0,2,1,0,1,0,0,0,0,0
554,ダート,2100,不良,3勝クラス,,,0,0,0,0,0,0,0,0,0,0,0,0,0,0,0,0,0,0,0,0,0,0,0,0,0,0,0
555,ダート,2100,全,オープン,5.21,9.21,22,2,2,3,1,3,4,3,4,1,2,0,1,1,3,1,1,2,1,2,2,2,1,0,2,0,0
556,ダート,2100,良,オープン,4.83,8.1,16,2,2,1,1,2,4,1,3,1,2,0,1,0,2,1,1,1,1,2,2,1,0,0,1,0,0
557,ダート,2100,稍重,オープン,5.0,10.0,2,0,0,1,0,0,0,1,0,0,0,0,0,0,1,0,0,0,0,0,0,0,1,0,0,0,0
558,ダート,2100,重,オープン,5.0,9.0,3,0,0,1,0,1,0,1,0,0,0,0,0,1,0,0,0,1,0,0,0,1,0,0,0,0,0
559,ダート,2100,不良,オープン,8.0,16.0,1,0,0,0,0,0,0,0,1,0,0,0,0,0,0,0,0,0,0,0,0,0,0,0,1,0,0
560,ダート,2300,全,all,,,0,0,0,0,0,0,0,0,0,0,0,0,0,0,0,0,0,0,0,0,0,0,0,0,0,0,0
561,ダート,2300,良,all,,,0,0,0,0,0,0,0,0,0,0,0,0,0,0,0,0,0,0,0,0,0,0,0,0,0,0,0
562,ダート,2300,稍重,all,,,0,0,0,0,0,0,0,0,0,0,0,0,0,0,0,0,0,0,0,0,0,0,0,0,0,0,0
563,ダート,2300,重,all,,,0,0,0,0,0,0,0,0,0,0,0,0,0,0,0,0,0,0,0,0,0,0,0,0,0,0,0
564,ダート,2300,不良,all,,,0,0,0,0,0,0,0,0,0,0,0,0,0,0,0,0,0,0,0,0,0,0,0,0,0,0,0
565,ダート,2300,全,未勝利,,,0,0,0,0,0,0,0,0,0,0,0,0,0,0,0,0,0,0,0,0,0,0,0,0,0,0,0
566,ダート,2300,良,未勝利,,,0,0,0,0,0,0,0,0,0,0,0,0,0,0,0,0,0,0,0,0,0,0,0,0,0,0,0
567,ダート,2300,稍重,未勝利,,,0,0,0,0,0,0,0,0,0,0,0,0,0,0,0,0,0,0,0,0,0,0,0,0,0,0,0
568,ダート,2300,重,未勝利,,,0,0,0,0,0,0,0,0,0,0,0,0,0,0,0,0,0,0,0,0,0,0,0,0,0,0,0
569,ダート,2300,不良,未勝利,,,0,0,0,0,0,0,0,0,0,0,0,0,0,0,0,0,0,0,0,0,0,0,0,0,0,0,0
570,ダート,2300,全,新馬,,,0,0,0,0,0,0,0,0,0,0,0,0,0,0,0,0,0,0,0,0,0,0,0,0,0,0,0
571,ダート,2300,良,新馬,,,0,0,0,0,0,0,0,0,0,0,0,0,0,0,0,0,0,0,0,0,0,0,0,0,0,0,0
572,ダート,2300,稍重,新馬,,,0,0,0,0,0,0,0,0,0,0,0,0,0,0,0,0,0,0,0,0,0,0,0,0,0,0,0
573,ダート,2300,重,新馬,,,0,0,0,0,0,0,0,0,0,0,0,0,0,0,0,0,0,0,0,0,0,0,0,0,0,0,0
574,ダート,2300,不良,新馬,,,0,0,0,0,0,0,0,0,0,0,0,0,0,0,0,0,0,0,0,0,0,0,0,0,0,0,0
575,ダート,2300,全,1勝クラス,,,0,0,0,0,0,0,0,0,0,0,0,0,0,0,0,0,0,0,0,0,0,0,0,0,0,0,0
576,ダート,2300,良,1勝クラス,,,0,0,0,0,0,0,0,0,0,0,0,0,0,0,0,0,0,0,0,0,0,0,0,0,0,0,0
577,ダート,2300,稍重,1勝クラス,,,0,0,0,0,0,0,0,0,0,0,0,0,0,0,0,0,0,0,0,0,0,0,0,0,0,0,0
578,ダート,2300,重,1勝クラス,,,0,0,0,0,0,0,0,0,0,0,0,0,0,0,0,0,0,0,0,0,0,0,0,0,0,0,0
579,ダート,2300,不良,1勝クラス,,,0,0,0,0,0,0,0,0,0,0,0,0,0,0,0,0,0,0,0,0,0,0,0,0,0,0,0
580,ダート,2300,全,2勝クラス,,,0,0,0,0,0,0,0,0,0,0,0,0,0,0,0,0,0,0,0,0,0,0,0,0,0,0,0
581,ダート,2300,良,2勝クラス,,,0,0,0,0,0,0,0,0,0,0,0,0,0,0,0,0,0,0,0,0,0,0,0,0,0,0,0
582,ダート,2300,稍重,2勝クラス,,,0,0,0,0,0,0,0,0,0,0,0,0,0,0,0,0,0,0,0,0,0,0,0,0,0,0,0
583,ダート,2300,重,2勝クラス,,,0,0,0,0,0,0,0,0,0,0,0,0,0,0,0,0,0,0,0,0,0,0,0,0,0,0,0
584,ダート,2300,不良,2勝クラス,,,0,0,0,0,0,0,0,0,0,0,0,0,0,0,0,0,0,0,0,0,0,0,0,0,0,0,0
585,ダート,2300,全,3勝クラス,,,0,0,0,0,0,0,0,0,0,0,0,0,0,0,0,0,0,0,0,0,0,0,0,0,0,0,0
586,ダート,2300,良,3勝クラス,,,0,0,0,0,0,0,0,0,0,0,0,0,0,0,0,0,0,0,0,0,0,0,0,0,0,0,0
587,ダート,2300,稍重,3勝クラス,,,0,0,0,0,0,0,0,0,0,0,0,0,0,0,0,0,0,0,0,0,0,0,0,0,0,0,0
588,ダート,2300,重,3勝クラス,,,0,0,0,0,0,0,0,0,0,0,0,0,0,0,0,0,0,0,0,0,0,0,0,0,0,0,0
589,ダート,2300,不良,3勝クラス,,,0,0,0,0,0,0,0,0,0,0,0,0,0,0,0,0,0,0,0,0,0,0,0,0,0,0,0
590,ダート,2300,全,オープン,,,0,0,0,0,0,0,0,0,0,0,0,0,0,0,0,0,0,0,0,0,0,0,0,0,0,0,0
591,ダート,2300,良,オープン,,,0,0,0,0,0,0,0,0,0,0,0,0,0,0,0,0,0,0,0,0,0,0,0,0,0,0,0
592,ダート,2300,稍重,オープン,,,0,0,0,0,0,0,0,0,0,0,0,0,0,0,0,0,0,0,0,0,0,0,0,0,0,0,0
593,ダート,2300,重,オープン,,,0,0,0,0,0,0,0,0,0,0,0,0,0,0,0,0,0,0,0,0,0,0,0,0,0,0,0
594,ダート,2300,不良,オープン,,,0,0,0,0,0,0,0,0,0,0,0,0,0,0,0,0,0,0,0,0,0,0,0,0,0,0,0
595,ダート,2400,全,all,,,0,0,0,0,0,0,0,0,0,0,0,0,0,0,0,0,0,0,0,0,0,0,0,0,0,0,0
596,ダート,2400,良,all,,,0,0,0,0,0,0,0,0,0,0,0,0,0,0,0,0,0,0,0,0,0,0,0,0,0,0,0
597,ダート,2400,稍重,all,,,0,0,0,0,0,0,0,0,0,0,0,0,0,0,0,0,0,0,0,0,0,0,0,0,0,0,0
598,ダート,2400,重,all,,,0,0,0,0,0,0,0,0,0,0,0,0,0,0,0,0,0,0,0,0,0,0,0,0,0,0,0
599,ダート,2400,不良,all,,,0,0,0,0,0,0,0,0,0,0,0,0,0,0,0,0,0,0,0,0,0,0,0,0,0,0,0
600,ダート,2400,全,未勝利,,,0,0,0,0,0,0,0,0,0,0,0,0,0,0,0,0,0,0,0,0,0,0,0,0,0,0,0
601,ダート,2400,良,未勝利,,,0,0,0,0,0,0,0,0,0,0,0,0,0,0,0,0,0,0,0,0,0,0,0,0,0,0,0
602,ダート,2400,稍重,未勝利,,,0,0,0,0,0,0,0,0,0,0,0,0,0,0,0,0,0,0,0,0,0,0,0,0,0,0,0
603,ダート,2400,重,未勝利,,,0,0,0,0,0,0,0,0,0,0,0,0,0,0,0,0,0,0,0,0,0,0,0,0,0,0,0
604,ダート,2400,不良,未勝利,,,0,0,0,0,0,0,0,0,0,0,0,0,0,0,0,0,0,0,0,0,0,0,0,0,0,0,0
605,ダート,2400,全,新馬,,,0,0,0,0,0,0,0,0,0,0,0,0,0,0,0,0,0,0,0,0,0,0,0,0,0,0,0
606,ダート,2400,良,新馬,,,0,0,0,0,0,0,0,0,0,0,0,0,0,0,0,0,0,0,0,0,0,0,0,0,0,0,0
607,ダート,2400,稍重,新馬,,,0,0,0,0,0,0,0,0,0,0,0,0,0,0,0,0,0,0,0,0,0,0,0,0,0,0,0
608,ダート,2400,重,新馬,,,0,0,0,0,0,0,0,0,0,0,0,0,0,0,0,0,0,0,0,0,0,0,0,0,0,0,0
609,ダート,2400,不良,新馬,,,0,0,0,0,0,0,0,0,0,0,0,0,0,0,0,0,0,0,0,0,0,0,0,0,0,0,0
610,ダート,2400,全,1勝クラス,,,0,0,0,0,0,0,0,0,0,0,0,0,0,0,0,0,0,0,0,0,0,0,0,0,0,0,0
611,ダート,2400,良,1勝クラス,,,0,0,0,0,0,0,0,0,0,0,0,0,0,0,0,0,0,0,0,0,0,0,0,0,0,0,0
612,ダート,2400,稍重,1勝クラス,,,0,0,0,0,0,0,0,0,0,0,0,0,0,0,0,0,0,0,0,0,0,0,0,0,0,0,0
613,ダート,2400,重,1勝クラス,,,0,0,0,0,0,0,0,0,0,0,0,0,0,0,0,0,0,0,0,0,0,0,0,0,0,0,0
614,ダート,2400,不良,1勝クラス,,,0,0,0,0,0,0,0,0,0,0,0,0,0,0,0,0,0,0,0,0,0,0,0,0,0,0,0
615,ダート,2400,全,2勝クラス,,,0,0,0,0,0,0,0,0,0,0,0,0,0,0,0,0,0,0,0,0,0,0,0,0,0,0,0
616,ダート,2400,良,2勝クラス,,,0,0,0,0,0,0,0,0,0,0,0,0,0,0,0,0,0,0,0,0,0,0,0,0,0,0,0
617,ダート,2400,稍重,2勝クラス,,,0,0,0,0,0,0,0,0,0,0,0,0,0,0,0,0,0,0,0,0,0,0,0,0,0,0,0
618,ダート,2400,重,2勝クラス,,,0,0,0,0,0,0,0,0,0,0,0,0,0,0,0,0,0,0,0,0,0,0,0,0,0,0,0
619,ダート,2400,不良,2勝クラス,,,0,0,0,0,0,0,0,0,0,0,0,0,0,0,0,0,0,0,0,0,0,0,0,0,0,0,0
620,ダート,2400,全,3勝クラス,,,0,0,0,0,0,0,0,0,0,0,0,0,0,0,0,0,0,0,0,0,0,0,0,0,0,0,0
621,ダート,2400,良,3勝クラス,,,0,0,0,0,0,0,0,0,0,0,0,0,0,0,0,0,0,0,0,0,0,0,0,0,0,0,0
622,ダート,2400,稍重,3勝クラス,,,0,0,0,0,0,0,0,0,0,0,0,0,0,0,0,0,0,0,0,0,0,0,0,0,0,0,0
623,ダート,2400,重,3勝クラス,,,0,0,0,0,0,0,0,0,0,0,0,0,0,0,0,0,0,0,0,0,0,0,0,0,0,0,0
624,ダート,2400,不良,3勝クラス,,,0,0,0,0,0,0,0,0,0,0,0,0,0,0,0,0,0,0,0,0,0,0,0,0,0,0,0
625,ダート,2400,全,オープン,,,0,0,0,0,0,0,0,0,0,0,0,0,0,0,0,0,0,0,0,0,0,0,0,0,0,0,0
626,ダート,2400,良,オープン,,,0,0,0,0,0,0,0,0,0,0,0,0,0,0,0,0,0,0,0,0,0,0,0,0,0,0,0
627,ダート,2400,稍重,オープン,,,0,0,0,0,0,0,0,0,0,0,0,0,0,0,0,0,0,0,0,0,0,0,0,0,0,0,0
628,ダート,2400,重,オープン,,,0,0,0,0,0,0,0,0,0,0,0,0,0,0,0,0,0,0,0,0,0,0,0,0,0,0,0
629,ダート,2400,不良,オープン,,,0,0,0,0,0,0,0,0,0,0,0,0,0,0,0,0,0,0,0,0,0,0,0,0,0,0,0
630,ダート,2500,全,all,,,0,0,0,0,0,0,0,0,0,0,0,0,0,0,0,0,0,0,0,0,0,0,0,0,0,0,0
631,ダート,2500,良,all,,,0,0,0,0,0,0,0,0,0,0,0,0,0,0,0,0,0,0,0,0,0,0,0,0,0,0,0
632,ダート,2500,稍重,all,,,0,0,0,0,0,0,0,0,0,0,0,0,0,0,0,0,0,0,0,0,0,0,0,0,0,0,0
633,ダート,2500,重,all,,,0,0,0,0,0,0,0,0,0,0,0,0,0,0,0,0,0,0,0,0,0,0,0,0,0,0,0
634,ダート,2500,不良,all,,,0,0,0,0,0,0,0,0,0,0,0,0,0,0,0,0,0,0,0,0,0,0,0,0,0,0,0
635,ダート,2500,全,未勝利,,,0,0,0,0,0,0,0,0,0,0,0,0,0,0,0,0,0,0,0,0,0,0,0,0,0,0,0
636,ダート,2500,良,未勝利,,,0,0,0,0,0,0,0,0,0,0,0,0,0,0,0,0,0,0,0,0,0,0,0,0,0,0,0
637,ダート,2500,稍重,未勝利,,,0,0,0,0,0,0,0,0,0,0,0,0,0,0,0,0,0,0,0,0,0,0,0,0,0,0,0
638,ダート,2500,重,未勝利,,,0,0,0,0,0,0,0,0,0,0,0,0,0,0,0,0,0,0,0,0,0,0,0,0,0,0,0
639,ダート,2500,不良,未勝利,,,0,0,0,0,0,0,0,0,0,0,0,0,0,0,0,0,0,0,0,0,0,0,0,0,0,0,0
640,ダート,2500,全,新馬,,,0,0,0,0,0,0,0,0,0,0,0,0,0,0,0,0,0,0,0,0,0,0,0,0,0,0,0
641,ダート,2500,良,新馬,,,0,0,0,0,0,0,0,0,0,0,0,0,0,0,0,0,0,0,0,0,0,0,0,0,0,0,0
642,ダート,2500,稍重,新馬,,,0,0,0,0,0,0,0,0,0,0,0,0,0,0,0,0,0,0,0,0,0,0,0,0,0,0,0
643,ダート,2500,重,新馬,,,0,0,0,0,0,0,0,0,0,0,0,0,0,0,0,0,0,0,0,0,0,0,0,0,0,0,0
644,ダート,2500,不良,新馬,,,0,0,0,0,0,0,0,0,0,0,0,0,0,0,0,0,0,0,0,0,0,0,0,0,0,0,0
645,ダート,2500,全,1勝クラス,,,0,0,0,0,0,0,0,0,0,0,0,0,0,0,0,0,0,0,0,0,0,0,0,0,0,0,0
646,ダート,2500,良,1勝クラス,,,0,0,0,0,0,0,0,0,0,0,0,0,0,0,0,0,0,0,0,0,0,0,0,0,0,0,0
647,ダート,2500,稍重,1勝クラス,,,0,0,0,0,0,0,0,0,0,0,0,0,0,0,0,0,0,0,0,0,0,0,0,0,0,0,0
648,ダート,2500,重,1勝クラス,,,0,0,0,0,0,0,0,0,0,0,0,0,0,0,0,0,0,0,0,0,0,0,0,0,0,0,0
649,ダート,2500,不良,1勝クラス,,,0,0,0,0,0,0,0,0,0,0,0,0,0,0,0,0,0,0,0,0,0,0,0,0,0,0,0
650,ダート,2500,全,2勝クラス,,,0,0,0,0,0,0,0,0,0,0,0,0,0,0,0,0,0,0,0,0,0,0,0,0,0,0,0
651,ダート,2500,良,2勝クラス,,,0,0,0,0,0,0,0,0,0,0,0,0,0,0,0,0,0,0,0,0,0,0,0,0,0,0,0
652,ダート,2500,稍重,2勝クラス,,,0,0,0,0,0,0,0,0,0,0,0,0,0,0,0,0,0,0,0,0,0,0,0,0,0,0,0
653,ダート,2500,重,2勝クラス,,,0,0,0,0,0,0,0,0,0,0,0,0,0,0,0,0,0,0,0,0,0,0,0,0,0,0,0
654,ダート,2500,不良,2勝クラス,,,0,0,0,0,0,0,0,0,0,0,0,0,0,0,0,0,0,0,0,0,0,0,0,0,0,0,0
655,ダート,2500,全,3勝クラス,,,0,0,0,0,0,0,0,0,0,0,0,0,0,0,0,0,0,0,0,0,0,0,0,0,0,0,0
656,ダート,2500,良,3勝クラス,,,0,0,0,0,0,0,0,0,0,0,0,0,0,0,0,0,0,0,0,0,0,0,0,0,0,0,0
657,ダート,2500,稍重,3勝クラス,,,0,0,0,0,0,0,0,0,0,0,0,0,0,0,0,0,0,0,0,0,0,0,0,0,0,0,0
658,ダート,2500,重,3勝クラス,,,0,0,0,0,0,0,0,0,0,0,0,0,0,0,0,0,0,0,0,0,0,0,0,0,0,0,0
659,ダート,2500,不良,3勝クラス,,,0,0,0,0,0,0,0,0,0,0,0,0,0,0,0,0,0,0,0,0,0,0,0,0,0,0,0
660,ダート,2500,全,オープン,,,0,0,0,0,0,0,0,0,0,0,0,0,0,0,0,0,0,0,0,0,0,0,0,0,0,0,0
661,ダート,2500,良,オープン,,,0,0,0,0,0,0,0,0,0,0,0,0,0,0,0,0,0,0,0,0,0,0,0,0,0,0,0
662,ダート,2500,稍重,オープン,,,0,0,0,0,0,0,0,0,0,0,0,0,0,0,0,0,0,0,0,0,0,0,0,0,0,0,0
663,ダート,2500,重,オープン,,,0,0,0,0,0,0,0,0,0,0,0,0,0,0,0,0,0,0,0,0,0,0,0,0,0,0,0
664,ダート,2500,不良,オープン,,,0,0,0,0,0,0,0,0,0,0,0,0,0,0,0,0,0,0,0,0,0,0,0,0,0,0,0
665,ダート,3400,全,all,,,0,0,0,0,0,0,0,0,0,0,0,0,0,0,0,0,0,0,0,0,0,0,0,0,0,0,0
666,ダート,3400,良,all,,,0,0,0,0,0,0,0,0,0,0,0,0,0,0,0,0,0,0,0,0,0,0,0,0,0,0,0
667,ダート,3400,稍重,all,,,0,0,0,0,0,0,0,0,0,0,0,0,0,0,0,0,0,0,0,0,0,0,0,0,0,0,0
668,ダート,3400,重,all,,,0,0,0,0,0,0,0,0,0,0,0,0,0,0,0,0,0,0,0,0,0,0,0,0,0,0,0
669,ダート,3400,不良,all,,,0,0,0,0,0,0,0,0,0,0,0,0,0,0,0,0,0,0,0,0,0,0,0,0,0,0,0
670,ダート,3400,全,未勝利,,,0,0,0,0,0,0,0,0,0,0,0,0,0,0,0,0,0,0,0,0,0,0,0,0,0,0,0
671,ダート,3400,良,未勝利,,,0,0,0,0,0,0,0,0,0,0,0,0,0,0,0,0,0,0,0,0,0,0,0,0,0,0,0
672,ダート,3400,稍重,未勝利,,,0,0,0,0,0,0,0,0,0,0,0,0,0,0,0,0,0,0,0,0,0,0,0,0,0,0,0
673,ダート,3400,重,未勝利,,,0,0,0,0,0,0,0,0,0,0,0,0,0,0,0,0,0,0,0,0,0,0,0,0,0,0,0
674,ダート,3400,不良,未勝利,,,0,0,0,0,0,0,0,0,0,0,0,0,0,0,0,0,0,0,0,0,0,0,0,0,0,0,0
675,ダート,3400,全,新馬,,,0,0,0,0,0,0,0,0,0,0,0,0,0,0,0,0,0,0,0,0,0,0,0,0,0,0,0
676,ダート,3400,良,新馬,,,0,0,0,0,0,0,0,0,0,0,0,0,0,0,0,0,0,0,0,0,0,0,0,0,0,0,0
677,ダート,3400,稍重,新馬,,,0,0,0,0,0,0,0,0,0,0,0,0,0,0,0,0,0,0,0,0,0,0,0,0,0,0,0
678,ダート,3400,重,新馬,,,0,0,0,0,0,0,0,0,0,0,0,0,0,0,0,0,0,0,0,0,0,0,0,0,0,0,0
679,ダート,3400,不良,新馬,,,0,0,0,0,0,0,0,0,0,0,0,0,0,0,0,0,0,0,0,0,0,0,0,0,0,0,0
680,ダート,3400,全,1勝クラス,,,0,0,0,0,0,0,0,0,0,0,0,0,0,0,0,0,0,0,0,0,0,0,0,0,0,0,0
681,ダート,3400,良,1勝クラス,,,0,0,0,0,0,0,0,0,0,0,0,0,0,0,0,0,0,0,0,0,0,0,0,0,0,0,0
682,ダート,3400,稍重,1勝クラス,,,0,0,0,0,0,0,0,0,0,0,0,0,0,0,0,0,0,0,0,0,0,0,0,0,0,0,0
683,ダート,3400,重,1勝クラス,,,0,0,0,0,0,0,0,0,0,0,0,0,0,0,0,0,0,0,0,0,0,0,0,0,0,0,0
684,ダート,3400,不良,1勝クラス,,,0,0,0,0,0,0,0,0,0,0,0,0,0,0,0,0,0,0,0,0,0,0,0,0,0,0,0
685,ダート,3400,全,2勝クラス,,,0,0,0,0,0,0,0,0,0,0,0,0,0,0,0,0,0,0,0,0,0,0,0,0,0,0,0
686,ダート,3400,良,2勝クラス,,,0,0,0,0,0,0,0,0,0,0,0,0,0,0,0,0,0,0,0,0,0,0,0,0,0,0,0
687,ダート,3400,稍重,2勝クラス,,,0,0,0,0,0,0,0,0,0,0,0,0,0,0,0,0,0,0,0,0,0,0,0,0,0,0,0
688,ダート,3400,重,2勝クラス,,,0,0,0,0,0,0,0,0,0,0,0,0,0,0,0,0,0,0,0,0,0,0,0,0,0,0,0
689,ダート,3400,不良,2勝クラス,,,0,0,0,0,0,0,0,0,0,0,0,0,0,0,0,0,0,0,0,0,0,0,0,0,0,0,0
690,ダート,3400,全,3勝クラス,,,0,0,0,0,0,0,0,0,0,0,0,0,0,0,0,0,0,0,0,0,0,0,0,0,0,0,0
691,ダート,3400,良,3勝クラス,,,0,0,0,0,0,0,0,0,0,0,0,0,0,0,0,0,0,0,0,0,0,0,0,0,0,0,0
692,ダート,3400,稍重,3勝クラス,,,0,0,0,0,0,0,0,0,0,0,0,0,0,0,0,0,0,0,0,0,0,0,0,0,0,0,0
693,ダート,3400,重,3勝クラス,,,0,0,0,0,0,0,0,0,0,0,0,0,0,0,0,0,0,0,0,0,0,0,0,0,0,0,0
694,ダート,3400,不良,3勝クラス,,,0,0,0,0,0,0,0,0,0,0,0,0,0,0,0,0,0,0,0,0,0,0,0,0,0,0,0
695,ダート,3400,全,オープン,,,0,0,0,0,0,0,0,0,0,0,0,0,0,0,0,0,0,0,0,0,0,0,0,0,0,0,0
696,ダート,3400,良,オープン,,,0,0,0,0,0,0,0,0,0,0,0,0,0,0,0,0,0,0,0,0,0,0,0,0,0,0,0
697,ダート,3400,稍重,オープン,,,0,0,0,0,0,0,0,0,0,0,0,0,0,0,0,0,0,0,0,0,0,0,0,0,0,0,0
698,ダート,3400,重,オープン,,,0,0,0,0,0,0,0,0,0,0,0,0,0,0,0,0,0,0,0,0,0,0,0,0,0,0,0
699,ダート,3400,不良,オープン,,,0,0,0,0,0,0,0,0,0,0,0,0,0,0,0,0,0,0,0,0,0,0,0,0,0,0,0
