,race_type,course_len,ground_state,class,avg_frame,avg_horse,total_top3,frame_1_top3,frame_2_top3,frame_3_top3,frame_4_top3,frame_5_top3,frame_6_top3,frame_7_top3,frame_8_top3,horse_1_top3,horse_2_top3,horse_3_top3,horse_4_top3,horse_5_top3,horse_6_top3,horse_7_top3,horse_8_top3,horse_9_top3,horse_10_top3,horse_11_top3,horse_12_top3,horse_13_top3,horse_14_top3,horse_15_top3,horse_16_top3,horse_17_top3,horse_18_top3
0,芝,1200,全,all,4.43,7.28,772,103,94,100,109,93,85,108,80,70,63,64,59,55,59,57,54,47,49,39,31,33,42,23,27,0,0
1,芝,1200,良,all,4.49,7.45,610,83,69,74,83,76,69,92,64,57,50,46,44,42,42,45,38,39,41,32,27,30,35,19,23,0,0
2,芝,1200,稍重,all,4.12,6.31,96,13,15,14,16,8,10,10,10,8,8,10,11,8,7,6,12,5,4,3,4,2,2,3,3,0,0
3,芝,1200,重,all,4.23,6.77,48,6,7,9,6,8,4,5,3,4,5,5,2,3,6,5,4,2,4,3,0,0,3,1,1,0,0
4,芝,1200,不良,all,4.16,6.38,18,1,3,3,4,1,2,1,3,1,0,3,2,2,4,1,0,1,0,1,0,1,2,0,0,0,0
5,芝,1200,全,未勝利,4.45,7.81,108,12,12,18,13,13,14,17,9,6,8,10,5,11,6,8,5,8,11,6,4,3,10,2,5,0,0
6,芝,1200,良,未勝利,4.5,7.98,84,9,9,12,10,13,11,14,6,5,6,9,1,8,4,6,4,8,9,5,3,2,9,1,4,0,0
7,芝,1200,稍重,未勝利,4.25,6.54,18,2,3,4,3,0,2,2,2,1,1,1,4,2,1,2,1,0,2,0,1,1,0,1,0,0,0
8,芝,1200,重,未勝利,4.67,9.0,6,1,0,2,0,0,1,1,1,0,1,0,0,1,1,0,0,0,0,1,0,0,1,0,1,0,0
9,芝,1200,不良,未勝利,,,0,0,0,0,0,0,0,0,0,0,0,0,0,0,0,0,0,0,0,0,0,0,0,0,0,0,0
10,芝,1200,全,新馬,3.86,7.05,63,11,13,9,8,5,3,8,6,5,8,5,8,5,3,3,4,2,4,1,2,4,3,3,3,0,0
11,芝,1200,良,新馬,3.96,7.22,54,9,10,7,7,5,3,8,5,4,7,4,6,5,1,3,3,2,4,1,2,4,3,3,2,0,0
12,芝,1200,稍重,新馬,2.66,5.08,9,2,3,2,1,0,0,0,1,1,1,1,2,0,2,0,1,0,0,0,0,0,0,0,1,0,0
13,芝,1200,重,新馬,,,0,0,0,0,0,0,0,0,0,0,0,0,0,0,0,0,0,0,0,0,0,0,0,0,0,0,0
14,芝,1200,不良,新馬,,,0,0,0,0,0,0,0,0,0,0,0,0,0,0,0,0,0,0,0,0,0,0,0,0,0,0,0
15,芝,1200,全,1勝クラス,4.42,6.8,150,20,22,16,24,14,17,17,20,20,12,11,14,9,11,10,14,11,6,8,5,5,3,5,6,0,0
16,芝,1200,良,1勝クラス,4.44,6.97,99,16,13,7,15,7,11,13,17,16,9,4,9,5,5,7,9,6,4,5,4,5,2,4,5,0,0
17,芝,1200,稍重,1勝クラス,3.97,5.7,18,2,3,2,4,2,2,1,2,2,1,3,2,1,0,1,2,3,0,1,1,0,0,0,1,0,0
18,芝,1200,重,1勝クラス,4.14,6.57,24,2,4,4,4,5,2,2,1,2,2,2,1,2,4,2,3,1,2,1,0,0,1,1,0,0,0
19,芝,1200,不良,1勝クラス,4.0,5.67,9,0,2,3,1,0,2,1,0,0,0,2,2,1,2,0,0,1,0,1,0,0,0,0,0,0,0
20,芝,1200,全,2勝クラス,4.5,7.22,174,22,15,22,33,22,22,21,17,15,11,16,14,12,11,21,15,11,8,7,9,7,8,2,7,0,0
21,芝,1200,良,2勝クラス,4.49,7.39,144,17,12,19,29,17,18,19,13,11,8,13,14,8,8,17,13,10,7,7,8,5,6,2,7,0,0
22,芝,1200,稍重,2勝クラス,5.12,6.42,15,2,1,2,0,2,4,2,2,2,1,1,0,3,2,1,1,1,0,0,1,1,1,0,0,0,0
23,芝,1200,重,2勝クラス,3.0,4.78,9,2,2,1,2,2,0,0,0,1,2,2,0,0,0,2,1,0,1,0,0,0,0,0,0,0,0
24,芝,1200,不良,2勝クラス,5.0,7.66,6,1,0,0,2,1,0,0,2,1,0,0,0,1,1,1,0,0,0,0,0,1,1,0,0,0,0
25,芝,1200,全,3勝クラス,4.32,7.32,106,15,14,13,12,15,11,15,11,8,10,11,6,5,13,4,6,7,4,7,6,4,8,6,1,0,0
26,芝,1200,良,3勝クラス,4.34,7.29,85,13,11,11,7,14,10,10,9,8,8,8,5,5,11,3,3,6,3,5,5,4,5,5,1,0,0
27,芝,1200,稍重,3勝クラス,4.61,7.78,15,2,2,1,4,1,0,4,1,0,2,2,1,0,0,1,3,1,1,1,1,0,1,1,0,0,0
28,芝,1200,重,3勝クラス,5.33,10.33,3,0,0,1,0,0,1,1,0,0,0,0,0,0,1,0,0,0,0,1,0,0,1,0,0,0,0
29,芝,1200,不良,3勝クラス,4.67,7.67,3,0,1,0,1,0,0,0,1,0,0,1,0,0,1,0,0,0,0,0,0,0,1,0,0,0,0
30,芝,1200,全,オープン,4.39,7.36,138,20,15,18,15,21,14,21,14,13,11,10,8,12,11,9,9,7,12,8,5,8,6,4,5,0,0
31,芝,1200,良,オープン,4.45,7.55,111,16,11,14,11,17,12,19,11,10,9,7,5,10,9,7,5,6,10,7,5,8,6,3,4,0,0
32,芝,1200,稍重,オープン,4.0,6.47,21,3,3,3,4,3,2,1,2,2,2,2,2,2,2,1,4,0,1,1,0,0,0,1,1,0,0
33,芝,1200,重,オープン,4.34,5.66,6,1,1,1,0,1,0,1,1,1,0,1,1,0,0,1,0,1,1,0,0,0,0,0,0,0,0
34,芝,1200,不良,オープン,,,0,0,0,0,0,0,0,0,0,0,0,0,0,0,0,0,0,0,0,0,0,0,0,0,0,0,0
35,芝,1600,全,all,4.45,7.2,1445,194,165,188,192,192,164,170,180,127,113,111,118,114,115,112,103,94,81,73,71,56,60,50,47,0,0
36,芝,1600,良,all,4.38,7.08,1145,157,135,150,163,151,127,129,133,103,95,90,97,88,96,90,83,70,63,53,54,47,45,34,37,0,0
37,芝,1600,稍重,all,4.74,7.81,204,23,23,23,22,26,24,27,36,14,13,15,13,18,12,17,16,13,12,13,12,6,9,12,9,0,0
38,芝,1600,重,all,4.91,8.17,75,10,4,10,5,13,11,13,9,8,3,5,3,5,6,3,3,10,6,6,4,3,5,4,1,0,0
39,芝,1600,不良,all,4.1,5.84,21,4,3,5,2,2,2,1,2,2,2,1,5,3,1,2,1,1,0,1,1,0,1,0,0,0,0
40,芝,1600,全,未勝利,4.2,7.6,391,61,46,66,44,52,43,37,42,34,29,28,27,38,29,21,21,27,24,23,20,13,18,24,15,0,0
41,芝,1600,良,未勝利,4.19,7.6,286,42,36,49,37,32,30,29,31,22,22,21,22,28,21,17,17,17,15,16,15,11,14,15,13,0,0
42,芝,1600,稍重,未勝利,4.22,7.67,66,12,7,8,6,14,6,4,9,8,4,5,2,5,4,3,3,8,6,3,3,1,2,7,2,0,0
43,芝,1600,重,未勝利,4.25,7.67,30,5,2,5,1,5,6,4,2,3,2,2,1,3,3,1,0,2,3,3,2,1,2,2,0,0,0
44,芝,1600,不良,未勝利,3.0,5.11,9,2,1,4,0,1,1,0,0,1,1,0,2,2,1,0,1,0,0,1,0,0,0,0,0,0,0
45,芝,1600,全,新馬,4.26,7.77,213,24,35,27,26,27,27,28,19,14,11,22,14,13,17,14,15,12,13,15,14,9,13,6,11,0,0
46,芝,1600,良,新馬,4.2,7.67,171,18,27,23,23,26,23,19,12,9,10,18,9,11,15,13,14,11,12,14,9,8,7,4,7,0,0
47,芝,1600,稍重,新馬,4.5,8.38,30,3,7,3,3,0,3,7,4,2,1,4,4,2,1,1,1,0,1,1,3,1,5,0,3,0,0
48,芝,1600,重,新馬,5.22,9.67,9,2,0,1,0,1,1,1,3,2,0,0,0,0,1,0,0,1,0,0,2,0,0,2,1,0,0
49,芝,1600,不良,新馬,3.33,6.33,3,1,1,0,0,0,0,1,0,1,0,0,1,0,0,0,0,0,0,0,0,0,1,0,0,0,0
50,芝,1600,全,1勝クラス,4.63,6.67,294,33,34,23,49,42,35,38,40,25,29,17,29,22,29,30,21,22,17,13,10,6,10,8,6,0,0
51,芝,1600,良,1勝クラス,4.57,6.54,249,30,31,19,41,35,30,32,31,23,27,15,24,17,25,26,17,18,15,10,8,5,9,5,5,0,0
52,芝,1600,稍重,1勝クラス,4.96,7.17,42,3,3,4,7,6,5,5,9,2,2,2,4,4,4,4,4,3,2,3,2,1,1,3,1,0,0
53,芝,1600,重,1勝クラス,5.33,6.0,3,0,0,0,1,1,0,1,0,0,0,0,1,1,0,0,0,1,0,0,0,0,0,0,0,0,0
54,芝,1600,不良,1勝クラス,,,0,0,0,0,0,0,0,0,0,0,0,0,0,0,0,0,0,0,0,0,0,0,0,0,0,0,0
55,芝,1600,全,2勝クラス,4.81,6.74,192,20,17,22,29,21,24,27,32,17,13,19,20,12,13,22,17,13,9,9,11,7,5,1,4,0,0
56,芝,1600,良,2勝クラス,4.55,6.33,141,17,15,18,24,15,17,15,20,14,11,15,19,8,10,15,13,10,6,2,8,4,2,1,3,0,0
57,芝,1600,稍重,2勝クラス,5.54,7.72,30,2,2,2,2,3,4,7,8,2,2,2,0,3,1,4,4,1,1,5,2,1,1,0,1,0,0
58,芝,1600,重,2勝クラス,5.67,9.04,15,1,0,1,2,2,2,5,2,1,0,1,0,0,2,2,0,1,2,2,0,2,2,0,0,0,0
59,芝,1600,不良,2勝クラス,5.66,6.67,6,0,0,1,1,1,1,0,2,0,0,1,1,1,0,1,0,1,0,0,1,0,0,0,0,0,0
60,芝,1600,全,3勝クラス,4.26,6.61,100,19,9,11,14,15,11,10,11,14,8,6,9,8,8,8,8,6,5,4,6,2,4,2,2,0,0
61,芝,1600,良,3勝クラス,4.33,6.89,85,17,6,10,11,13,9,10,9,13,6,4,7,7,8,6,6,4,4,4,6,2,4,2,2,0,0
62,芝,1600,稍重,3勝クラス,4.33,4.84,6,0,1,1,1,1,2,0,0,0,1,1,1,1,0,1,1,0,0,0,0,0,0,0,0,0,0
63,芝,1600,重,3勝クラス,4.67,6.67,6,1,1,0,1,1,0,0,2,1,0,1,0,0,0,0,1,2,1,0,0,0,0,0,0,0,0
64,芝,1600,不良,3勝クラス,2.33,4.33,3,1,1,0,1,0,0,0,0,0,1,0,1,0,0,1,0,0,0,0,0,0,0,0,0,0,0
65,芝,1600,全,オープン,4.4,7.31,210,32,22,29,25,29,22,23,28,20,20,14,14,17,17,13,18,10,10,8,9,16,7,8,9,0,0
66,芝,1600,良,オープン,4.37,7.24,174,28,18,21,22,25,17,20,23,19,16,12,11,13,15,10,14,7,9,7,7,14,7,6,7,0,0
67,芝,1600,稍重,オープン,4.79,8.83,27,3,3,5,3,2,4,2,5,0,3,1,2,3,2,3,2,1,1,1,2,2,0,2,2,0,0
68,芝,1600,重,オープン,3.75,5.08,9,1,1,3,0,2,1,1,0,1,1,1,1,1,0,0,2,2,0,0,0,0,0,0,0,0,0
69,芝,1600,不良,オープン,,,0,0,0,0,0,0,0,0,0,0,0,0,0,0,0,0,0,0,0,0,0,0,0,0,0,0,0
70,芝,1800,全,all,4.65,6.82,783,88,84,96,103,91,107,116,98,62,70,61,71,69,62,68,58,43,60,37,32,37,25,20,8,0,0
71,芝,1800,良,all,4.66,6.83,576,60,59,78,78,70,73,85,73,40,50,51,56,55,43,44,43,31,45,27,21,30,18,15,7,0,0
72,芝,1800,稍重,all,4.5,6.6,120,21,10,12,13,15,19,17,13,18,8,6,6,10,12,14,7,8,10,5,6,4,4,2,0,0,0
73,芝,1800,重,all,4.71,7.0,60,5,10,3,9,4,10,10,9,3,9,1,6,3,4,6,7,2,5,4,3,2,3,2,0,0,0
74,芝,1800,不良,all,4.61,6.82,27,2,5,3,3,2,5,4,3,1,3,3,3,1,3,4,1,2,0,1,2,1,0,1,1,0,0
75,芝,1800,全,未勝利,4.4,7.62,183,29,17,27,26,18,19,26,21,15,19,11,8,16,15,14,12,7,12,9,10,12,9,10,4,0,0
76,芝,1800,良,未勝利,4.22,7.34,135,22,14,19,20,15,10,21,14,10,16,10,5,12,11,9,11,6,9,4,5,10,7,6,4,0,0
77,芝,1800,稍重,未勝利,4.94,8.33,30,4,1,5,4,3,6,3,4,3,1,0,2,3,3,4,0,1,3,3,2,2,1,2,0,0,0
78,芝,1800,重,未勝利,5.67,10.0,12,1,1,2,2,0,1,2,3,1,1,0,1,1,0,1,1,0,0,2,1,0,1,2,0,0,0
79,芝,1800,不良,未勝利,3.16,6.0,6,2,1,1,0,0,2,0,0,1,1,1,0,0,1,0,0,0,0,0,2,0,0,0,0,0,0
80,芝,1800,全,新馬,4.82,7.24,84,8,5,12,12,11,15,10,11,5,4,7,9,6,10,6,5,6,9,4,2,5,3,1,2,0,0
81,芝,1800,良,新馬,4.97,7.39,69,6,3,10,9,9,13,9,10,3,3,6,8,5,7,5,4,5,8,3,2,4,3,1,2,0,0
82,芝,1800,稍重,新馬,3.44,5.55,12,2,2,2,2,2,1,1,0,2,1,1,0,1,3,1,0,1,1,0,0,1,0,0,0,0,0
83,芝,1800,重,新馬,6.0,7.67,3,0,0,0,1,0,1,0,1,0,0,0,1,0,0,0,1,0,0,1,0,0,0,0,0,0,0
84,芝,1800,不良,新馬,,,0,0,0,0,0,0,0,0,0,0,0,0,0,0,0,0,0,0,0,0,0,0,0,0,0,0,0
85,芝,1800,全,1勝クラス,4.7,5.79,150,14,18,17,20,18,22,22,19,12,17,11,16,16,17,12,17,11,9,3,5,3,1,0,0,0,0
86,芝,1800,良,1勝クラス,4.52,5.64,105,8,13,16,16,14,11,14,13,6,12,10,14,13,11,5,11,7,7,3,3,2,1,0,0,0,0
87,芝,1800,稍重,1勝クラス,5.14,6.54,33,6,2,1,2,4,8,6,4,6,2,1,0,3,4,5,4,3,2,0,2,1,0,0,0,0,0
88,芝,1800,重,1勝クラス,5.33,5.33,3,0,1,0,0,0,1,0,1,0,1,0,0,0,1,0,1,0,0,0,0,0,0,0,0,0,0
89,芝,1800,不良,1勝クラス,5.11,5.44,9,0,2,0,2,0,2,2,1,0,2,0,2,0,1,2,1,1,0,0,0,0,0,0,0,0,0
90,芝,1800,全,2勝クラス,4.74,6.38,153,18,19,16,18,14,19,24,25,17,16,12,19,12,10,11,10,7,12,8,7,6,1,5,0,0,0
91,芝,1800,良,2勝クラス,4.92,6.86,114,11,14,13,14,8,17,17,20,11,11,9,15,9,8,7,6,5,9,6,6,6,1,5,0,0,0
92,芝,1800,稍重,2勝クラス,4.42,5.58,21,5,1,2,1,4,1,4,3,5,1,2,1,1,1,2,1,2,3,1,1,0,0,0,0,0,0
93,芝,1800,重,2勝クラス,3.66,4.42,15,2,4,0,3,1,1,2,2,1,4,0,3,1,1,1,3,0,0,1,0,0,0,0,0,0,0
94,芝,1800,不良,2勝クラス,5.0,5.0,3,0,0,1,0,1,0,1,0,0,0,1,0,1,0,1,0,0,0,0,0,0,0,0,0,0,0
95,芝,1800,全,3勝クラス,4.52,6.82,63,3,9,8,8,10,12,9,4,3,4,6,3,9,3,5,6,4,6,4,3,2,4,1,0,0,0
96,芝,1800,良,3勝クラス,4.39,6.62,42,2,7,7,5,7,6,6,2,2,2,6,2,7,2,3,4,2,4,3,1,1,2,1,0,0,0
97,芝,1800,稍重,3勝クラス,4.92,7.17,9,1,1,0,1,1,3,1,1,1,1,0,1,1,1,0,1,1,0,1,0,0,1,0,0,0,0
98,芝,1800,重,3勝クラス,5.33,9.28,12,0,1,1,2,2,3,2,1,0,1,0,0,1,0,2,1,1,2,0,2,1,1,0,0,0,0
99,芝,1800,不良,3勝クラス,,,0,0,0,0,0,0,0,0,0,0,0,0,0,0,0,0,0,0,0,0,0,0,0,0,0,0,0
100,芝,1800,全,オープン,4.58,7.37,117,14,14,12,16,15,15,19,12,8,8,11,12,7,3,15,6,7,10,7,5,8,6,2,2,0,0
101,芝,1800,良,オープン,4.7,7.36,81,9,7,9,11,12,12,13,8,6,5,7,8,6,1,11,5,5,6,6,4,6,3,1,1,0,0
102,芝,1800,稍重,オープン,3.28,5.83,15,3,3,2,3,1,0,2,1,1,2,2,2,1,0,2,1,0,1,0,1,0,2,0,0,0,0
103,芝,1800,重,オープン,4.56,7.5,12,2,2,0,1,1,2,3,1,1,1,1,1,0,1,1,0,1,3,0,0,1,1,0,0,0,0
104,芝,1800,不良,オープン,5.0,9.33,9,0,2,1,1,1,1,1,2,0,0,1,1,0,1,1,0,1,0,1,0,1,0,1,1,0,0
105,芝,2000,全,all,4.74,7.36,1125,127,117,120,138,146,155,169,153,88,89,87,79,88,81,95,98,73,61,63,62,44,39,30,29,13,6
106,芝,2000,良,all,4.71,7.38,876,101,96,94,105,113,120,137,110,67,73,68,64,67,65,76,69,57,42,47,47,37,33,27,22,11,4
107,芝,2000,稍重,all,4.72,7.25,156,15,15,17,21,23,21,20,24,12,9,14,11,12,10,14,18,9,11,8,12,6,4,0,4,0,2
108,芝,2000,重,all,5.06,7.57,69,9,4,5,11,7,10,9,14,7,5,3,3,6,5,4,8,4,8,4,3,1,1,3,3,1,0
109,芝,2000,不良,all,5.3,7.57,24,2,2,4,1,3,4,3,5,2,2,2,1,3,1,1,3,3,0,4,0,0,1,0,0,1,0
110,芝,2000,全,未勝利,4.62,8.3,369,51,36,40,42,53,46,56,45,24,32,24,14,21,25,27,25,29,23,21,24,20,21,13,15,7,4
111,芝,2000,良,未勝利,4.58,8.26,291,44,29,30,31,38,36,49,34,21,27,19,12,15,20,22,16,23,15,15,19,16,19,11,12,6,3
112,芝,2000,稍重,未勝利,4.3,7.78,54,5,6,7,8,11,6,5,6,3,3,3,2,4,4,5,5,3,7,3,4,3,2,0,2,0,1
113,芝,2000,重,未勝利,5.17,8.89,21,2,1,2,3,3,3,2,5,0,2,2,0,1,1,0,4,2,1,2,1,1,0,2,1,1,0
114,芝,2000,不良,未勝利,4.67,8.33,3,0,0,1,0,1,1,0,0,0,0,0,0,1,0,0,0,1,0,1,0,0,0,0,0,0,0
115,芝,2000,全,新馬,5.04,8.31,174,14,16,13,25,17,30,34,25,11,7,11,13,11,9,13,21,8,8,13,13,12,9,8,4,3,0
116,芝,2000,良,新馬,5.07,8.5,141,12,15,9,21,14,23,28,19,9,6,8,11,10,8,11,15,4,7,9,11,11,7,8,4,2,0
117,芝,2000,稍重,新馬,5.51,7.21,27,1,1,3,4,2,6,5,5,1,1,3,2,0,1,2,6,3,1,3,2,1,1,0,0,0,0
118,芝,2000,重,新馬,,,0,0,0,0,0,0,0,0,0,0,0,0,0,0,0,0,0,0,0,0,0,0,0,0,0,0,0
119,芝,2000,不良,新馬,5.0,9.5,6,1,0,1,0,1,1,1,1,1,0,0,0,1,0,0,0,1,0,1,0,0,1,0,0,1,0
120,芝,2000,全,1勝クラス,4.61,6.06,207,23,24,21,27,28,28,28,28,19,18,17,23,24,14,17,20,18,9,8,12,2,2,0,3,1,0
121,芝,2000,良,1勝クラス,4.54,6.13,150,18,19,16,19,21,19,21,17,14,14,13,17,17,11,13,13,15,4,4,8,2,2,0,2,1,0
122,芝,2000,稍重,1勝クラス,4.72,6.44,18,1,2,3,2,3,2,2,3,1,1,2,3,3,1,0,2,1,1,1,2,0,0,0,0,0,0
123,芝,2000,重,1勝クラス,5.13,6.4,27,4,1,1,5,3,5,3,5,4,1,1,2,3,1,3,2,1,4,2,2,0,0,0,1,0,0
124,芝,2000,不良,1勝クラス,5.5,6.08,12,0,2,1,1,1,2,2,3,0,2,1,1,1,1,1,3,1,0,1,0,0,0,0,0,0,0
125,芝,2000,全,2勝クラス,4.76,6.12,141,14,12,19,15,22,24,17,18,14,12,12,10,17,16,14,12,9,7,5,5,3,1,2,2,0,0
126,芝,2000,良,2勝クラス,4.74,6.1,102,9,8,14,10,19,17,14,11,9,8,9,6,13,10,13,10,7,6,3,2,3,1,1,1,0,0
127,芝,2000,稍重,2勝クラス,4.93,5.9,24,3,2,2,3,3,5,2,4,3,2,2,3,3,3,1,2,1,0,1,3,0,0,0,0,0,0
128,芝,2000,重,2勝クラス,4.5,6.83,12,1,2,2,2,0,2,1,2,1,2,0,1,1,3,0,0,1,1,0,0,0,0,1,1,0,0
129,芝,2000,不良,2勝クラス,4.0,5.0,3,1,0,1,0,0,0,0,1,1,0,1,0,0,0,0,0,0,0,1,0,0,0,0,0,0,0
130,芝,2000,全,3勝クラス,5.0,7.15,42,6,4,6,5,4,1,7,9,5,3,3,5,3,3,1,3,3,2,3,1,3,2,0,1,1,0
131,芝,2000,良,3勝クラス,4.85,7.48,30,5,3,5,3,3,0,4,7,4,3,2,4,1,2,0,1,2,1,3,1,3,1,0,1,1,0
132,芝,2000,稍重,3勝クラス,5.17,6.67,12,1,1,1,2,1,1,3,2,1,0,1,1,2,1,1,2,1,1,0,0,0,1,0,0,0,0
133,芝,2000,重,3勝クラス,,,0,0,0,0,0,0,0,0,0,0,0,0,0,0,0,0,0,0,0,0,0,0,0,0,0,0,0
134,芝,2000,不良,3勝クラス,,,0,0,0,0,0,0,0,0,0,0,0,0,0,0,0,0,0,0,0,0,0,0,0,0,0,0,0
135,芝,2000,全,オープン,4.75,7.25,159,15,21,16,22,18,23,21,23,12,13,16,11,10,12,18,15,4,9,10,7,4,4,7,4,1,2
136,芝,2000,良,オープン,4.62,6.91,132,10,19,15,19,14,22,16,17,8,12,13,11,9,12,13,12,4,6,10,6,2,3,7,2,1,1
137,芝,2000,稍重,オープン,4.36,7.36,18,3,2,1,2,3,1,2,4,2,1,3,0,0,0,4,1,0,1,0,1,2,0,0,2,0,1
138,芝,2000,重,オープン,5.33,7.11,9,2,0,0,1,1,0,3,2,2,0,0,0,1,0,1,2,0,2,0,0,0,1,0,0,0,0
139,芝,2000,不良,オープン,,,0,0,0,0,0,0,0,0,0,0,0,0,0,0,0,0,0,0,0,0,0,0,0,0,0,0,0
140,芝,2200,全,all,4.71,7.38,400,50,44,44,54,36,47,63,62,35,38,27,37,22,33,25,29,25,19,24,18,19,19,12,8,6,4
141,芝,2200,良,all,4.62,7.16,298,38,33,38,37,26,38,46,42,28,26,23,29,17,26,17,20,21,12,18,13,16,14,7,4,4,3
142,芝,2200,稍重,all,5.12,7.63,60,4,7,4,10,5,7,11,12,3,6,2,6,5,5,5,4,1,3,3,4,1,4,4,2,1,1
143,芝,2200,重,all,4.55,7.01,30,7,2,1,5,3,2,4,6,4,4,2,1,0,1,2,4,1,4,2,0,0,1,1,2,1,0
144,芝,2200,不良,all,4.66,8.0,12,1,2,1,2,2,0,2,2,0,2,0,1,0,1,1,1,2,0,1,1,2,0,0,0,0,0
145,芝,2200,全,未勝利,4.66,8.51,141,19,17,19,13,11,14,28,20,13,10,11,5,10,11,6,7,7,5,9,7,7,7,12,5,5,4
146,芝,2200,良,未勝利,4.45,7.85,93,12,13,14,7,7,11,17,12,9,6,8,4,8,8,4,4,6,2,7,5,5,3,7,1,3,3
147,芝,2200,稍重,未勝利,4.48,8.59,27,3,2,4,3,1,3,6,5,2,1,2,1,2,2,1,1,0,1,1,2,0,3,4,2,1,1
148,芝,2200,重,未勝利,4.44,8.22,15,3,2,0,2,2,0,3,3,2,2,1,0,0,0,0,2,0,2,1,0,0,1,1,2,1,0
149,芝,2200,不良,未勝利,4.5,8.34,6,1,0,1,1,1,0,2,0,0,1,0,0,0,1,1,0,1,0,0,0,2,0,0,0,0,0
150,芝,2200,全,新馬,,,0,0,0,0,0,0,0,0,0,0,0,0,0,0,0,0,0,0,0,0,0,0,0,0,0,0,0
151,芝,2200,良,新馬,,,0,0,0,0,0,0,0,0,0,0,0,0,0,0,0,0,0,0,0,0,0,0,0,0,0,0,0
152,芝,2200,稍重,新馬,,,0,0,0,0,0,0,0,0,0,0,0,0,0,0,0,0,0,0,0,0,0,0,0,0,0,0,0
153,芝,2200,重,新馬,,,0,0,0,0,0,0,0,0,0,0,0,0,0,0,0,0,0,0,0,0,0,0,0,0,0,0,0
154,芝,2200,不良,新馬,,,0,0,0,0,0,0,0,0,0,0,0,0,0,0,0,0,0,0,0,0,0,0,0,0,0,0,0
155,芝,2200,全,1勝クラス,4.82,6.73,112,14,11,10,17,13,15,15,17,10,12,7,11,9,11,9,9,8,5,6,4,5,4,0,1,1,0
156,芝,2200,良,1勝クラス,4.66,6.54,79,12,7,9,10,9,11,11,10,9,7,6,7,6,8,5,6,7,3,4,2,4,3,0,1,1,0
157,芝,2200,稍重,1勝クラス,5.22,6.66,21,0,4,0,5,3,2,3,4,0,4,0,3,3,2,2,2,0,0,1,2,1,1,0,0,0,0
158,芝,2200,重,1勝クラス,5.08,6.5,12,2,0,1,2,1,2,1,3,1,1,1,1,0,1,2,1,1,2,1,0,0,0,0,0,0,0
159,芝,2200,不良,1勝クラス,,,0,0,0,0,0,0,0,0,0,0,0,0,0,0,0,0,0,0,0,0,0,0,0,0,0,0,0
160,芝,2200,全,2勝クラス,5.29,7.33,21,2,2,2,1,2,5,1,6,2,1,1,2,1,3,0,1,2,4,1,1,1,1,0,0,0,0
161,芝,2200,良,2勝クラス,5.17,7.44,18,2,2,2,0,2,4,1,5,2,1,1,1,1,2,0,1,2,3,1,1,1,1,0,0,0,0
162,芝,2200,稍重,2勝クラス,6.0,6.67,3,0,0,0,1,0,1,0,1,0,0,0,1,0,1,0,0,0,1,0,0,0,0,0,0,0,0
163,芝,2200,重,2勝クラス,,,0,0,0,0,0,0,0,0,0,0,0,0,0,0,0,0,0,0,0,0,0,0,0,0,0,0,0
164,芝,2200,不良,2勝クラス,,,0,0,0,0,0,0,0,0,0,0,0,0,0,0,0,0,0,0,0,0,0,0,0,0,0,0,0
165,芝,2200,全,3勝クラス,4.57,6.95,42,5,5,5,9,2,2,8,6,2,6,3,8,1,1,5,2,0,1,3,3,4,2,0,1,0,0
166,芝,2200,良,3勝クラス,4.57,6.95,42,5,5,5,9,2,2,8,6,2,6,3,8,1,1,5,2,0,1,3,3,4,2,0,1,0,0
167,芝,2200,稍重,3勝クラス,,,0,0,0,0,0,0,0,0,0,0,0,0,0,0,0,0,0,0,0,0,0,0,0,0,0,0,0
168,芝,2200,重,3勝クラス,,,0,0,0,0,0,0,0,0,0,0,0,0,0,0,0,0,0,0,0,0,0,0,0,0,0,0,0
169,芝,2200,不良,3勝クラス,,,0,0,0,0,0,0,0,0,0,0,0,0,0,0,0,0,0,0,0,0,0,0,0,0,0,0,0
170,芝,2200,全,オープン,4.89,7.39,66,9,7,4,10,8,9,9,10,7,7,2,8,1,5,4,8,8,3,4,2,2,4,0,1,0,0
171,芝,2200,良,オープン,4.92,7.36,48,6,4,4,7,6,8,7,6,5,4,2,6,1,5,2,5,6,2,2,1,2,4,0,1,0,0
172,芝,2200,稍重,オープン,5.0,6.34,9,1,1,0,1,1,1,2,2,1,1,0,1,0,0,2,1,1,1,1,0,0,0,0,0,0,0
173,芝,2200,重,オープン,2.0,3.67,3,2,0,0,1,0,0,0,0,1,1,0,0,0,0,0,1,0,0,0,0,0,0,0,0,0,0
174,芝,2200,不良,オープン,4.84,7.66,6,0,2,0,1,1,0,0,2,0,1,0,1,0,0,0,1,1,0,1,1,0,0,0,0,0,0
175,芝,2400,全,all,,,0,0,0,0,0,0,0,0,0,0,0,0,0,0,0,0,0,0,0,0,0,0,0,0,0,0,0
176,芝,2400,良,all,,,0,0,0,0,0,0,0,0,0,0,0,0,0,0,0,0,0,0,0,0,0,0,0,0,0,0,0
177,芝,2400,稍重,all,,,0,0,0,0,0,0,0,0,0,0,0,0,0,0,0,0,0,0,0,0,0,0,0,0,0,0,0
178,芝,2400,重,all,,,0,0,0,0,0,0,0,0,0,0,0,0,0,0,0,0,0,0,0,0,0,0,0,0,0,0,0
179,芝,2400,不良,all,,,0,0,0,0,0,0,0,0,0,0,0,0,0,0,0,0,0,0,0,0,0,0,0,0,0,0,0
180,芝,2400,全,未勝利,,,0,0,0,0,0,0,0,0,0,0,0,0,0,0,0,0,0,0,0,0,0,0,0,0,0,0,0
181,芝,2400,良,未勝利,,,0,0,0,0,0,0,0,0,0,0,0,0,0,0,0,0,0,0,0,0,0,0,0,0,0,0,0
182,芝,2400,稍重,未勝利,,,0,0,0,0,0,0,0,0,0,0,0,0,0,0,0,0,0,0,0,0,0,0,0,0,0,0,0
183,芝,2400,重,未勝利,,,0,0,0,0,0,0,0,0,0,0,0,0,0,0,0,0,0,0,0,0,0,0,0,0,0,0,0
184,芝,2400,不良,未勝利,,,0,0,0,0,0,0,0,0,0,0,0,0,0,0,0,0,0,0,0,0,0,0,0,0,0,0,0
185,芝,2400,全,新馬,,,0,0,0,0,0,0,0,0,0,0,0,0,0,0,0,0,0,0,0,0,0,0,0,0,0,0,0
186,芝,2400,良,新馬,,,0,0,0,0,0,0,0,0,0,0,0,0,0,0,0,0,0,0,0,0,0,0,0,0,0,0,0
187,芝,2400,稍重,新馬,,,0,0,0,0,0,0,0,0,0,0,0,0,0,0,0,0,0,0,0,0,0,0,0,0,0,0,0
188,芝,2400,重,新馬,,,0,0,0,0,0,0,0,0,0,0,0,0,0,0,0,0,0,0,0,0,0,0,0,0,0,0,0
189,芝,2400,不良,新馬,,,0,0,0,0,0,0,0,0,0,0,0,0,0,0,0,0,0,0,0,0,0,0,0,0,0,0,0
190,芝,2400,全,1勝クラス,,,0,0,0,0,0,0,0,0,0,0,0,0,0,0,0,0,0,0,0,0,0,0,0,0,0,0,0
191,芝,2400,良,1勝クラス,,,0,0,0,0,0,0,0,0,0,0,0,0,0,0,0,0,0,0,0,0,0,0,0,0,0,0,0
192,芝,2400,稍重,1勝クラス,,,0,0,0,0,0,0,0,0,0,0,0,0,0,0,0,0,0,0,0,0,0,0,0,0,0,0,0
193,芝,2400,重,1勝クラス,,,0,0,0,0,0,0,0,0,0,0,0,0,0,0,0,0,0,0,0,0,0,0,0,0,0,0,0
194,芝,2400,不良,1勝クラス,,,0,0,0,0,0,0,0,0,0,0,0,0,0,0,0,0,0,0,0,0,0,0,0,0,0,0,0
195,芝,2400,全,2勝クラス,,,0,0,0,0,0,0,0,0,0,0,0,0,0,0,0,0,0,0,0,0,0,0,0,0,0,0,0
196,芝,2400,良,2勝クラス,,,0,0,0,0,0,0,0,0,0,0,0,0,0,0,0,0,0,0,0,0,0,0,0,0,0,0,0
197,芝,2400,稍重,2勝クラス,,,0,0,0,0,0,0,0,0,0,0,0,0,0,0,0,0,0,0,0,0,0,0,0,0,0,0,0
198,芝,2400,重,2勝クラス,,,0,0,0,0,0,0,0,0,0,0,0,0,0,0,0,0,0,0,0,0,0,0,0,0,0,0,0
199,芝,2400,不良,2勝クラス,,,0,0,0,0,0,0,0,0,0,0,0,0,0,0,0,0,0,0,0,0,0,0,0,0,0,0,0
200,芝,2400,全,3勝クラス,,,0,0,0,0,0,0,0,0,0,0,0,0,0,0,0,0,0,0,0,0,0,0,0,0,0,0,0
201,芝,2400,良,3勝クラス,,,0,0,0,0,0,0,0,0,0,0,0,0,0,0,0,0,0,0,0,0,0,0,0,0,0,0,0
202,芝,2400,稍重,3勝クラス,,,0,0,0,0,0,0,0,0,0,0,0,0,0,0,0,0,0,0,0,0,0,0,0,0,0,0,0
203,芝,2400,重,3勝クラス,,,0,0,0,0,0,0,0,0,0,0,0,0,0,0,0,0,0,0,0,0,0,0,0,0,0,0,0
204,芝,2400,不良,3勝クラス,,,0,0,0,0,0,0,0,0,0,0,0,0,0,0,0,0,0,0,0,0,0,0,0,0,0,0,0
205,芝,2400,全,オープン,,,0,0,0,0,0,0,0,0,0,0,0,0,0,0,0,0,0,0,0,0,0,0,0,0,0,0,0
206,芝,2400,良,オープン,,,0,0,0,0,0,0,0,0,0,0,0,0,0,0,0,0,0,0,0,0,0,0,0,0,0,0,0
207,芝,2400,稍重,オープン,,,0,0,0,0,0,0,0,0,0,0,0,0,0,0,0,0,0,0,0,0,0,0,0,0,0,0,0
208,芝,2400,重,オープン,,,0,0,0,0,0,0,0,0,0,0,0,0,0,0,0,0,0,0,0,0,0,0,0,0,0,0,0
209,芝,2400,不良,オープン,,,0,0,0,0,0,0,0,0,0,0,0,0,0,0,0,0,0,0,0,0,0,0,0,0,0,0,0
210,芝,2500,全,all,4.86,6.73,234,23,23,21,27,41,34,32,33,23,17,13,20,19,24,25,21,17,18,12,6,5,7,1,6,0,0
211,芝,2500,良,all,4.82,6.88,183,20,19,17,18,31,23,27,28,20,13,9,16,15,15,19,16,14,13,10,5,4,7,1,6,0,0
212,芝,2500,稍重,all,4.86,6.01,39,2,3,4,9,4,9,4,4,2,3,4,4,1,6,6,5,2,3,2,1,0,0,0,0,0,0
213,芝,2500,重,all,5.34,7.22,9,1,0,0,0,4,2,1,1,1,0,0,0,2,2,0,0,1,2,0,0,1,0,0,0,0,0
214,芝,2500,不良,all,4.0,4.33,3,0,1,0,0,2,0,0,0,0,1,0,0,1,1,0,0,0,0,0,0,0,0,0,0,0,0
215,芝,2500,全,未勝利,,,0,0,0,0,0,0,0,0,0,0,0,0,0,0,0,0,0,0,0,0,0,0,0,0,0,0,0
216,芝,2500,良,未勝利,,,0,0,0,0,0,0,0,0,0,0,0,0,0,0,0,0,0,0,0,0,0,0,0,0,0,0,0
217,芝,2500,稍重,未勝利,,,0,0,0,0,0,0,0,0,0,0,0,0,0,0,0,0,0,0,0,0,0,0,0,0,0,0,0
218,芝,2500,重,未勝利,,,0,0,0,0,0,0,0,0,0,0,0,0,0,0,0,0,0,0,0,0,0,0,0,0,0,0,0
219,芝,2500,不良,未勝利,,,0,0,0,0,0,0,0,0,0,0,0,0,0,0,0,0,0,0,0,0,0,0,0,0,0,0,0
220,芝,2500,全,新馬,,,0,0,0,0,0,0,0,0,0,0,0,0,0,0,0,0,0,0,0,0,0,0,0,0,0,0,0
221,芝,2500,良,新馬,,,0,0,0,0,0,0,0,0,0,0,0,0,0,0,0,0,0,0,0,0,0,0,0,0,0,0,0
222,芝,2500,稍重,新馬,,,0,0,0,0,0,0,0,0,0,0,0,0,0,0,0,0,0,0,0,0,0,0,0,0,0,0,0
223,芝,2500,重,新馬,,,0,0,0,0,0,0,0,0,0,0,0,0,0,0,0,0,0,0,0,0,0,0,0,0,0,0,0
224,芝,2500,不良,新馬,,,0,0,0,0,0,0,0,0,0,0,0,0,0,0,0,0,0,0,0,0,0,0,0,0,0,0,0
225,芝,2500,全,1勝クラス,4.39,5.56,33,5,2,4,2,8,6,5,1,5,2,3,2,3,5,3,1,4,2,3,0,0,0,0,0,0,0
226,芝,2500,良,1勝クラス,4.75,6.02,27,4,1,3,2,5,6,5,1,4,1,2,2,2,3,3,1,4,2,3,0,0,0,0,0,0,0
227,芝,2500,稍重,1勝クラス,3.33,3.67,3,0,1,1,0,1,0,0,0,0,1,1,0,0,1,0,0,0,0,0,0,0,0,0,0,0,0
228,芝,2500,重,1勝クラス,3.67,4.0,3,1,0,0,0,2,0,0,0,1,0,0,0,1,1,0,0,0,0,0,0,0,0,0,0,0,0
229,芝,2500,不良,1勝クラス,,,0,0,0,0,0,0,0,0,0,0,0,0,0,0,0,0,0,0,0,0,0,0,0,0,0,0,0
230,芝,2500,全,2勝クラス,5.13,6.47,105,9,9,8,13,15,16,17,18,9,8,6,10,9,11,10,15,8,5,6,4,0,2,0,2,0,0
231,芝,2500,良,2勝クラス,5.03,6.43,84,8,9,6,10,11,12,13,15,8,8,4,8,7,7,9,12,6,3,5,3,0,2,0,2,0,0
232,芝,2500,稍重,2勝クラス,5.5,6.73,18,1,0,2,3,2,4,3,3,1,0,2,2,1,3,1,3,2,1,1,1,0,0,0,0,0,0
233,芝,2500,重,2勝クラス,5.67,7.0,3,0,0,0,0,2,0,1,0,0,0,0,0,1,1,0,0,0,1,0,0,0,0,0,0,0,0
234,芝,2500,不良,2勝クラス,,,0,0,0,0,0,0,0,0,0,0,0,0,0,0,0,0,0,0,0,0,0,0,0,0,0,0,0
235,芝,2500,全,3勝クラス,4.56,7.17,42,5,6,4,3,5,8,4,7,5,4,3,4,0,2,5,2,1,5,2,1,4,2,0,2,0,0
236,芝,2500,良,3勝クラス,4.29,7.17,30,5,4,3,2,5,3,3,5,5,2,2,3,0,2,3,1,0,2,2,1,3,2,0,2,0,0
237,芝,2500,稍重,3勝クラス,4.66,5.5,9,0,2,1,1,0,3,1,1,0,2,1,1,0,0,2,1,0,2,0,0,0,0,0,0,0,0
238,芝,2500,重,3勝クラス,6.67,10.67,3,0,0,0,0,0,2,0,1,0,0,0,0,0,0,0,0,1,1,0,0,1,0,0,0,0,0
239,芝,2500,不良,3勝クラス,,,0,0,0,0,0,0,0,0,0,0,0,0,0,0,0,0,0,0,0,0,0,0,0,0,0,0,0
240,芝,2500,全,オープン,4.67,7.73,45,3,5,5,9,10,4,3,6,3,2,1,4,5,5,6,2,3,5,1,1,1,3,1,2,0,0
241,芝,2500,良,オープン,4.6,8.1,33,2,4,5,4,7,2,3,6,2,1,1,3,4,2,3,1,3,5,0,1,1,3,1,2,0,0
242,芝,2500,稍重,オープン,4.22,6.33,9,1,0,0,5,1,2,0,0,1,0,0,1,0,2,3,1,0,0,1,0,0,0,0,0,0,0
243,芝,2500,重,オープン,,,0,0,0,0,0,0,0,0,0,0,0,0,0,0,0,0,0,0,0,0,0,0,0,0,0,0,0
244,芝,2500,不良,オープン,4.0,4.33,3,0,1,0,0,2,0,0,0,0,1,0,0,1,1,0,0,0,0,0,0,0,0,0,0,0,0
245,芝,3600,全,all,5.09,7.91,21,1,1,4,3,2,3,4,3,1,0,2,3,2,0,3,0,1,0,4,2,3,0,0,0,0,0
246,芝,3600,良,all,5.11,7.72,18,1,0,4,3,2,2,3,3,1,0,1,3,2,0,3,0,1,0,3,2,2,0,0,0,0,0
247,芝,3600,稍重,all,5.0,9.0,3,0,1,0,0,0,1,1,0,0,0,1,0,0,0,0,0,0,0,1,0,1,0,0,0,0,0
248,芝,3600,重,all,,,0,0,0,0,0,0,0,0,0,0,0,0,0,0,0,0,0,0,0,0,0,0,0,0,0,0,0
249,芝,3600,不良,all,,,0,0,0,0,0,0,0,0,0,0,0,0,0,0,0,0,0,0,0,0,0,0,0,0,0,0,0
250,芝,3600,全,未勝利,,,0,0,0,0,0,0,0,0,0,0,0,0,0,0,0,0,0,0,0,0,0,0,0,0,0,0,0
251,芝,3600,良,未勝利,,,0,0,0,0,0,0,0,0,0,0,0,0,0,0,0,0,0,0,0,0,0,0,0,0,0,0,0
252,芝,3600,稍重,未勝利,,,0,0,0,0,0,0,0,0,0,0,0,0,0,0,0,0,0,0,0,0,0,0,0,0,0,0,0
253,芝,3600,重,未勝利,,,0,0,0,0,0,0,0,0,0,0,0,0,0,0,0,0,0,0,0,0,0,0,0,0,0,0,0
254,芝,3600,不良,未勝利,,,0,0,0,0,0,0,0,0,0,0,0,0,0,0,0,0,0,0,0,0,0,0,0,0,0,0,0
255,芝,3600,全,新馬,,,0,0,0,0,0,0,0,0,0,0,0,0,0,0,0,0,0,0,0,0,0,0,0,0,0,0,0
256,芝,3600,良,新馬,,,0,0,0,0,0,0,0,0,0,0,0,0,0,0,0,0,0,0,0,0,0,0,0,0,0,0,0
257,芝,3600,稍重,新馬,,,0,0,0,0,0,0,0,0,0,0,0,0,0,0,0,0,0,0,0,0,0,0,0,0,0,0,0
258,芝,3600,重,新馬,,,0,0,0,0,0,0,0,0,0,0,0,0,0,0,0,0,0,0,0,0,0,0,0,0,0,0,0
259,芝,3600,不良,新馬,,,0,0,0,0,0,0,0,0,0,0,0,0,0,0,0,0,0,0,0,0,0,0,0,0,0,0,0
260,芝,3600,全,1勝クラス,,,0,0,0,0,0,0,0,0,0,0,0,0,0,0,0,0,0,0,0,0,0,0,0,0,0,0,0
261,芝,3600,良,1勝クラス,,,0,0,0,0,0,0,0,0,0,0,0,0,0,0,0,0,0,0,0,0,0,0,0,0,0,0,0
262,芝,3600,稍重,1勝クラス,,,0,0,0,0,0,0,0,0,0,0,0,0,0,0,0,0,0,0,0,0,0,0,0,0,0,0,0
263,芝,3600,重,1勝クラス,,,0,0,0,0,0,0,0,0,0,0,0,0,0,0,0,0,0,0,0,0,0,0,0,0,0,0,0
264,芝,3600,不良,1勝クラス,,,0,0,0,0,0,0,0,0,0,0,0,0,0,0,0,0,0,0,0,0,0,0,0,0,0,0,0
265,芝,3600,全,2勝クラス,,,0,0,0,0,0,0,0,0,0,0,0,0,0,0,0,0,0,0,0,0,0,0,0,0,0,0,0
266,芝,3600,良,2勝クラス,,,0,0,0,0,0,0,0,0,0,0,0,0,0,0,0,0,0,0,0,0,0,0,0,0,0,0,0
267,芝,3600,稍重,2勝クラス,,,0,0,0,0,0,0,0,0,0,0,0,0,0,0,0,0,0,0,0,0,0,0,0,0,0,0,0
268,芝,3600,重,2勝クラス,,,0,0,0,0,0,0,0,0,0,0,0,0,0,0,0,0,0,0,0,0,0,0,0,0,0,0,0
269,芝,3600,不良,2勝クラス,,,0,0,0,0,0,0,0,0,0,0,0,0,0,0,0,0,0,0,0,0,0,0,0,0,0,0,0
270,芝,3600,全,3勝クラス,,,0,0,0,0,0,0,0,0,0,0,0,0,0,0,0,0,0,0,0,0,0,0,0,0,0,0,0
271,芝,3600,良,3勝クラス,,,0,0,0,0,0,0,0,0,0,0,0,0,0,0,0,0,0,0,0,0,0,0,0,0,0,0,0
272,芝,3600,稍重,3勝クラス,,,0,0,0,0,0,0,0,0,0,0,0,0,0,0,0,0,0,0,0,0,0,0,0,0,0,0,0
273,芝,3600,重,3勝クラス,,,0,0,0,0,0,0,0,0,0,0,0,0,0,0,0,0,0,0,0,0,0,0,0,0,0,0,0
274,芝,3600,不良,3勝クラス,,,0,0,0,0,0,0,0,0,0,0,0,0,0,0,0,0,0,0,0,0,0,0,0,0,0,0,0
275,芝,3600,全,オープン,5.09,7.91,21,1,1,4,3,2,3,4,3,1,0,2,3,2,0,3,0,1,0,4,2,3,0,0,0,0,0
276,芝,3600,良,オープン,5.11,7.72,18,1,0,4,3,2,2,3,3,1,0,1,3,2,0,3,0,1,0,3,2,2,0,0,0,0,0
277,芝,3600,稍重,オープン,5.0,9.0,3,0,1,0,0,0,1,1,0,0,0,1,0,0,0,0,0,0,0,1,0,1,0,0,0,0,0
278,芝,3600,重,オープン,,,0,0,0,0,0,0,0,0,0,0,0,0,0,0,0,0,0,0,0,0,0,0,0,0,0,0,0
279,芝,3600,不良,オープン,,,0,0,0,0,0,0,0,0,0,0,0,0,0,0,0,0,0,0,0,0,0,0,0,0,0,0,0
280,ダート,1200,全,all,4.75,8.72,2865,298,311,347,338,364,400,407,400,161,165,155,176,178,189,154,188,188,180,179,225,189,197,184,157,0,0
281,ダート,1200,良,all,4.72,8.65,1832,190,196,236,223,235,247,249,256,107,102,97,111,115,138,96,127,120,116,108,143,113,128,115,96,0,0
282,ダート,1200,稍重,all,4.74,8.82,628,72,78,67,64,80,79,101,87,33,46,42,34,37,33,29,38,35,44,38,44,51,44,35,45,0,0
283,ダート,1200,重,all,4.83,8.83,267,22,27,30,34,35,45,38,36,13,11,10,21,19,13,18,17,22,13,19,25,17,17,24,8,0,0
284,ダート,1200,不良,all,5.14,9.17,138,14,10,14,17,14,29,19,21,8,6,6,10,7,5,11,6,11,7,14,13,8,8,10,8,0,0
285,ダート,1200,全,未勝利,4.74,8.78,1182,121,126,154,144,142,154,179,162,58,70,64,68,77,81,65,86,70,71,72,82,81,97,76,64,0,0
286,ダート,1200,良,未勝利,4.73,8.74,708,72,74,95,91,80,89,111,96,35,42,35,43,46,54,38,56,37,41,43,44,51,63,45,35,0,0
287,ダート,1200,稍重,未勝利,4.73,8.83,285,32,35,33,28,38,36,40,43,14,19,22,12,18,17,11,19,17,22,16,21,19,20,16,22,0,0
288,ダート,1200,重,未勝利,4.78,8.94,117,9,12,19,16,13,16,18,14,5,5,4,8,12,6,9,8,7,5,7,10,8,9,10,4,0,0
289,ダート,1200,不良,未勝利,4.95,8.94,72,8,5,7,9,11,13,10,9,4,4,3,5,1,4,7,3,9,3,6,7,3,5,5,3,0,0
290,ダート,1200,全,新馬,4.99,9.26,232,20,24,31,23,27,36,38,33,10,13,12,12,15,16,16,7,18,9,18,20,22,13,18,13,0,0
291,ダート,1200,良,新馬,4.92,9.14,153,13,14,22,15,21,25,22,21,7,8,6,7,8,15,10,5,14,6,11,15,12,10,12,7,0,0
292,ダート,1200,稍重,新馬,5.12,9.43,64,5,9,8,6,5,7,14,10,3,3,6,4,6,1,5,1,3,2,5,3,9,3,4,6,0,0
293,ダート,1200,重,新馬,4.79,8.87,15,2,1,1,2,1,4,2,2,0,2,0,1,1,0,1,1,1,1,2,2,1,0,2,0,0,0
294,ダート,1200,不良,新馬,,,0,0,0,0,0,0,0,0,0,0,0,0,0,0,0,0,0,0,0,0,0,0,0,0,0,0,0
295,ダート,1200,全,1勝クラス,4.59,8.21,720,83,82,79,94,98,109,89,86,53,39,45,49,44,41,38,54,60,48,38,63,39,42,35,32,0,0
296,ダート,1200,良,1勝クラス,4.5,7.98,441,57,49,56,56,59,59,51,54,37,25,31,30,30,28,21,32,39,28,16,39,21,25,18,21,0,0
297,ダート,1200,稍重,1勝クラス,4.44,8.17,156,18,19,13,25,23,19,22,17,10,11,8,10,6,8,10,16,11,11,10,10,10,10,8,7,0,0
298,ダート,1200,重,1勝クラス,4.72,8.71,87,6,12,8,7,14,20,11,9,4,3,5,7,5,4,5,3,8,6,7,11,6,5,6,2,0,0
299,ダート,1200,不良,1勝クラス,5.33,8.81,36,2,2,2,6,2,11,5,6,2,0,1,2,3,1,2,3,2,3,5,3,2,2,3,2,0,0
300,ダート,1200,全,2勝クラス,4.9,9.07,360,34,34,46,35,47,56,51,57,19,18,15,22,22,29,18,13,20,25,26,34,21,28,26,24,0,0
301,ダート,1200,良,2勝クラス,4.9,9.06,255,20,25,34,30,36,38,32,40,11,11,10,16,18,23,14,12,15,19,18,23,13,18,19,15,0,0
302,ダート,1200,稍重,2勝クラス,4.89,9.26,69,9,7,7,1,8,13,13,11,4,6,3,3,2,5,1,1,3,5,4,9,5,7,4,7,0,0
303,ダート,1200,重,2勝クラス,5.42,10.09,15,2,0,1,2,3,2,3,2,2,0,0,1,0,1,1,0,2,1,1,1,1,2,2,0,0,0
304,ダート,1200,不良,2勝クラス,4.78,8.61,21,3,2,4,2,0,3,3,4,2,1,2,2,2,0,2,0,0,0,3,1,2,1,1,2,0,0
305,ダート,1200,全,3勝クラス,4.73,8.65,159,21,14,13,20,22,21,19,29,9,16,3,8,10,8,8,12,7,14,11,11,8,9,14,11,0,0
306,ダート,1200,良,3勝クラス,4.7,8.67,114,14,11,10,15,15,17,11,21,7,10,3,5,7,5,5,12,5,9,11,8,4,5,11,7,0,0
307,ダート,1200,稍重,3勝クラス,4.67,8.72,30,5,2,2,3,6,1,7,4,1,5,0,1,2,2,2,0,1,4,0,1,3,4,2,2,0,0
308,ダート,1200,重,3勝クラス,5.22,8.11,9,2,0,0,2,0,1,1,3,1,1,0,1,0,1,1,0,1,0,0,0,1,0,1,1,0,0
309,ダート,1200,不良,3勝クラス,5.0,9.84,6,0,1,1,0,1,2,0,1,0,0,0,1,1,0,0,0,0,1,0,2,0,0,0,1,0,0
310,ダート,1200,全,オープン,4.91,8.72,116,9,17,10,15,13,14,20,18,6,5,9,9,4,7,7,10,9,3,9,9,11,4,8,6,0,0
311,ダート,1200,良,オープン,4.67,8.43,77,5,11,8,10,10,11,12,10,4,3,6,4,2,6,6,5,7,3,6,8,6,3,4,4,0,0
312,ダート,1200,稍重,オープン,4.67,8.67,15,2,4,1,1,0,1,4,2,1,1,2,2,1,0,0,1,0,0,1,0,4,0,1,1,0,0
313,ダート,1200,重,オープン,5.5,8.67,21,1,2,1,4,3,2,3,5,1,0,1,3,1,1,1,4,2,0,2,1,0,1,2,1,0,0
314,ダート,1200,不良,オープン,5.33,10.0,3,1,0,0,0,0,0,1,1,0,1,0,0,0,0,0,0,0,0,0,0,1,0,1,0,0,0
315,ダート,1600,全,all,,,0,0,0,0,0,0,0,0,0,0,0,0,0,0,0,0,0,0,0,0,0,0,0,0,0,0,0
316,ダート,1600,良,all,,,0,0,0,0,0,0,0,0,0,0,0,0,0,0,0,0,0,0,0,0,0,0,0,0,0,0,0
317,ダート,1600,稍重,all,,,0,0,0,0,0,0,0,0,0,0,0,0,0,0,0,0,0,0,0,0,0,0,0,0,0,0,0
318,ダート,1600,重,all,,,0,0,0,0,0,0,0,0,0,0,0,0,0,0,0,0,0,0,0,0,0,0,0,0,0,0,0
319,ダート,1600,不良,all,,,0,0,0,0,0,0,0,0,0,0,0,0,0,0,0,0,0,0,0,0,0,0,0,0,0,0,0
320,ダート,1600,全,未勝利,,,0,0,0,0,0,0,0,0,0,0,0,0,0,0,0,0,0,0,0,0,0,0,0,0,0,0,0
321,ダート,1600,良,未勝利,,,0,0,0,0,0,0,0,0,0,0,0,0,0,0,0,0,0,0,0,0,0,0,0,0,0,0,0
322,ダート,1600,稍重,未勝利,,,0,0,0,0,0,0,0,0,0,0,0,0,0,0,0,0,0,0,0,0,0,0,0,0,0,0,0
323,ダート,1600,重,未勝利,,,0,0,0,0,0,0,0,0,0,0,0,0,0,0,0,0,0,0,0,0,0,0,0,0,0,0,0
324,ダート,1600,不良,未勝利,,,0,0,0,0,0,0,0,0,0,0,0,0,0,0,0,0,0,0,0,0,0,0,0,0,0,0,0
325,ダート,1600,全,新馬,,,0,0,0,0,0,0,0,0,0,0,0,0,0,0,0,0,0,0,0,0,0,0,0,0,0,0,0
326,ダート,1600,良,新馬,,,0,0,0,0,0,0,0,0,0,0,0,0,0,0,0,0,0,0,0,0,0,0,0,0,0,0,0
327,ダート,1600,稍重,新馬,,,0,0,0,0,0,0,0,0,0,0,0,0,0,0,0,0,0,0,0,0,0,0,0,0,0,0,0
328,ダート,1600,重,新馬,,,0,0,0,0,0,0,0,0,0,0,0,0,0,0,0,0,0,0,0,0,0,0,0,0,0,0,0
329,ダート,1600,不良,新馬,,,0,0,0,0,0,0,0,0,0,0,0,0,0,0,0,0,0,0,0,0,0,0,0,0,0,0,0
330,ダート,1600,全,1勝クラス,,,0,0,0,0,0,0,0,0,0,0,0,0,0,0,0,0,0,0,0,0,0,0,0,0,0,0,0
331,ダート,1600,良,1勝クラス,,,0,0,0,0,0,0,0,0,0,0,0,0,0,0,0,0,0,0,0,0,0,0,0,0,0,0,0
332,ダート,1600,稍重,1勝クラス,,,0,0,0,0,0,0,0,0,0,0,0,0,0,0,0,0,0,0,0,0,0,0,0,0,0,0,0
333,ダート,1600,重,1勝クラス,,,0,0,0,0,0,0,0,0,0,0,0,0,0,0,0,0,0,0,0,0,0,0,0,0,0,0,0
334,ダート,1600,不良,1勝クラス,,,0,0,0,0,0,0,0,0,0,0,0,0,0,0,0,0,0,0,0,0,0,0,0,0,0,0,0
335,ダート,1600,全,2勝クラス,,,0,0,0,0,0,0,0,0,0,0,0,0,0,0,0,0,0,0,0,0,0,0,0,0,0,0,0
336,ダート,1600,良,2勝クラス,,,0,0,0,0,0,0,0,0,0,0,0,0,0,0,0,0,0,0,0,0,0,0,0,0,0,0,0
337,ダート,1600,稍重,2勝クラス,,,0,0,0,0,0,0,0,0,0,0,0,0,0,0,0,0,0,0,0,0,0,0,0,0,0,0,0
338,ダート,1600,重,2勝クラス,,,0,0,0,0,0,0,0,0,0,0,0,0,0,0,0,0,0,0,0,0,0,0,0,0,0,0,0
339,ダート,1600,不良,2勝クラス,,,0,0,0,0,0,0,0,0,0,0,0,0,0,0,0,0,0,0,0,0,0,0,0,0,0,0,0
340,ダート,1600,全,3勝クラス,,,0,0,0,0,0,0,0,0,0,0,0,0,0,0,0,0,0,0,0,0,0,0,0,0,0,0,0
341,ダート,1600,良,3勝クラス,,,0,0,0,0,0,0,0,0,0,0,0,0,0,0,0,0,0,0,0,0,0,0,0,0,0,0,0
342,ダート,1600,稍重,3勝クラス,,,0,0,0,0,0,0,0,0,0,0,0,0,0,0,0,0,0,0,0,0,0,0,0,0,0,0,0
343,ダート,1600,重,3勝クラス,,,0,0,0,0,0,0,0,0,0,0,0,0,0,0,0,0,0,0,0,0,0,0,0,0,0,0,0
344,ダート,1600,不良,3勝クラス,,,0,0,0,0,0,0,0,0,0,0,0,0,0,0,0,0,0,0,0,0,0,0,0,0,0,0,0
345,ダート,1600,全,オープン,,,0,0,0,0,0,0,0,0,0,0,0,0,0,0,0,0,0,0,0,0,0,0,0,0,0,0,0
346,ダート,1600,良,オープン,,,0,0,0,0,0,0,0,0,0,0,0,0,0,0,0,0,0,0,0,0,0,0,0,0,0,0,0
347,ダート,1600,稍重,オープン,,,0,0,0,0,0,0,0,0,0,0,0,0,0,0,0,0,0,0,0,0,0,0,0,0,0,0,0
348,ダート,1600,重,オープン,,,0,0,0,0,0,0,0,0,0,0,0,0,0,0,0,0,0,0,0,0,0,0,0,0,0,0,0
349,ダート,1600,不良,オープン,,,0,0,0,0,0,0,0,0,0,0,0,0,0,0,0,0,0,0,0,0,0,0,0,0,0,0,0
350,ダート,1800,全,all,4.89,8.14,3181,283,326,338,406,419,448,484,477,189,187,217,225,212,215,211,238,190,240,206,219,175,176,152,129,0,0
351,ダート,1800,良,all,4.89,8.21,1998,178,199,216,254,271,273,310,297,111,122,138,142,127,120,126,157,120,149,138,139,120,110,95,84,0,0
352,ダート,1800,稍重,all,4.85,8.0,717,70,76,75,88,92,107,101,108,50,43,48,45,51,55,52,50,42,53,32,59,31,42,34,30,0,0
353,ダート,1800,重,all,5.15,8.19,295,19,28,27,37,35,46,57,46,17,12,15,26,22,23,21,15,21,26,24,15,19,15,15,9,0,0
354,ダート,1800,不良,all,4.49,7.29,171,16,23,20,27,21,22,16,26,11,10,16,12,12,17,12,16,7,12,12,6,5,9,8,6,0,0
355,ダート,1800,全,未勝利,4.84,8.3,1398,120,144,163,183,183,205,201,199,72,79,93,86,97,100,94,118,76,97,93,98,85,79,71,60,0,0
356,ダート,1800,良,未勝利,4.85,8.43,804,71,82,93,102,105,122,120,109,37,47,53,51,49,57,50,71,45,50,58,58,57,46,38,37,0,0
357,ダート,1800,稍重,未勝利,4.76,8.1,357,30,37,45,49,48,53,41,54,21,19,23,20,30,25,28,30,19,26,16,31,15,20,17,17,0,0
358,ダート,1800,重,未勝利,5.13,8.15,135,11,9,12,16,18,19,31,19,9,7,6,8,11,10,8,8,9,14,9,6,12,7,9,2,0,0
359,ダート,1800,不良,未勝利,4.44,7.76,102,8,16,13,16,12,11,9,17,5,6,11,7,7,8,8,9,3,7,10,3,1,6,7,4,0,0
360,ダート,1800,全,新馬,4.99,8.39,276,26,28,25,32,36,31,46,52,18,15,18,19,17,12,19,18,16,26,14,21,17,15,17,14,0,0
361,ダート,1800,良,新馬,5.02,8.3,207,18,17,20,28,30,22,33,39,10,12,13,13,14,8,18,15,11,24,11,16,14,8,11,9,0,0
362,ダート,1800,稍重,新馬,4.71,8.19,51,6,8,5,3,5,5,10,9,6,1,4,6,3,4,0,2,4,2,0,3,2,6,5,3,0,0
363,ダート,1800,重,新馬,5.55,9.78,9,0,2,0,1,0,2,2,2,0,1,1,0,0,0,1,0,0,0,3,1,0,0,1,1,0,0
364,ダート,1800,不良,新馬,4.89,8.45,9,2,1,0,0,1,2,1,2,2,1,0,0,0,0,0,1,1,0,0,1,1,1,0,1,0,0
365,ダート,1800,全,1勝クラス,4.94,7.65,765,73,75,73,91,108,109,127,109,58,46,51,68,52,63,51,51,52,62,46,44,32,36,29,24,0,0
366,ダート,1800,良,1勝クラス,4.95,7.78,507,45,51,50,62,75,66,86,72,35,32,35,44,35,35,32,39,32,40,36,27,20,27,22,16,0,0
367,ダート,1800,稍重,1勝クラス,5.05,7.86,150,18,13,11,13,21,26,25,23,14,10,9,9,7,15,11,7,13,12,7,13,7,6,4,6,0,0
368,ダート,1800,重,1勝クラス,4.79,7.26,84,6,11,8,11,8,14,15,11,6,3,5,12,6,10,7,3,6,9,3,3,4,2,3,2,0,0
369,ダート,1800,不良,1勝クラス,4.42,5.84,24,4,0,4,5,4,3,1,3,3,1,2,3,4,3,1,2,1,1,0,1,1,1,0,0,0,0
370,ダート,1800,全,2勝クラス,4.85,8.35,324,27,33,30,53,42,39,49,51,18,17,24,22,20,14,20,27,21,25,19,22,19,22,21,13,0,0
371,ダート,1800,良,2勝クラス,4.89,8.48,216,23,17,19,33,30,25,32,37,16,11,15,14,10,6,13,20,13,17,11,16,13,15,16,10,0,0
372,ダート,1800,稍重,2勝クラス,4.87,8.31,60,4,9,5,10,9,7,10,6,2,5,5,3,6,4,4,4,4,7,3,2,4,3,3,1,0,0
373,ダート,1800,重,2勝クラス,5.05,8.76,36,0,5,5,6,3,4,6,7,0,1,2,5,4,2,2,1,4,0,3,4,1,4,1,2,0,0
374,ダート,1800,不良,2勝クラス,4.66,8.41,12,0,2,1,4,0,3,1,1,0,0,2,0,0,2,1,2,0,1,2,0,1,0,1,0,0,0
375,ダート,1800,全,3勝クラス,4.94,8.26,177,17,18,19,23,22,27,22,29,9,12,14,10,14,10,12,9,11,16,15,16,7,6,6,10,0,0
376,ダート,1800,良,3勝クラス,4.85,8.2,108,11,11,12,14,13,18,14,15,5,8,9,7,9,3,5,6,9,9,12,12,3,2,3,6,0,0
377,ダート,1800,稍重,3勝クラス,4.73,7.6,42,5,4,6,6,4,7,4,6,3,4,3,2,4,4,4,0,0,4,2,4,2,2,2,2,0,0
378,ダート,1800,重,3勝クラス,5.56,9.39,12,1,1,0,2,2,0,1,5,1,0,1,0,0,0,2,2,0,0,1,0,2,1,1,1,0,0
379,ダート,1800,不良,3勝クラス,5.79,8.21,15,0,2,1,1,3,2,3,3,0,0,1,1,1,3,1,1,2,3,0,0,0,1,0,1,0,0
380,ダート,1800,全,オープン,4.79,8.07,142,14,21,14,14,16,21,19,23,9,13,10,11,5,8,8,9,9,9,12,10,8,12,5,4,0,0
381,ダート,1800,良,オープン,4.86,8.28,78,5,14,11,7,8,9,11,13,4,7,8,6,4,6,4,2,6,5,5,4,6,6,3,2,0,0
382,ダート,1800,稍重,オープン,4.72,8.0,36,6,5,0,5,3,4,5,8,3,4,2,3,0,0,2,5,1,1,2,4,1,5,2,1,0,0
383,ダート,1800,重,オープン,5.33,8.88,19,1,0,2,1,4,7,2,2,1,0,0,1,1,1,1,1,2,3,5,1,0,1,0,1,0,0
384,ダート,1800,不良,オープン,3.42,6.16,9,2,2,1,1,1,1,1,0,1,2,0,1,0,1,1,1,0,0,0,1,1,0,0,0,0,0
385,ダート,2000,全,all,,,0,0,0,0,0,0,0,0,0,0,0,0,0,0,0,0,0,0,0,0,0,0,0,0,0,0,0
386,ダート,2000,良,all,,,0,0,0,0,0,0,0,0,0,0,0,0,0,0,0,0,0,0,0,0,0,0,0,0,0,0,0
387,ダート,2000,稍重,all,,,0,0,0,0,0,0,0,0,0,0,0,0,0,0,0,0,0,0,0,0,0,0,0,0,0,0,0
388,ダート,2000,重,all,,,0,0,0,0,0,0,0,0,0,0,0,0,0,0,0,0,0,0,0,0,0,0,0,0,0,0,0
389,ダート,2000,不良,all,,,0,0,0,0,0,0,0,0,0,0,0,0,0,0,0,0,0,0,0,0,0,0,0,0,0,0,0
390,ダート,2000,全,未勝利,,,0,0,0,0,0,0,0,0,0,0,0,0,0,0,0,0,0,0,0,0,0,0,0,0,0,0,0
391,ダート,2000,良,未勝利,,,0,0,0,0,0,0,0,0,0,0,0,0,0,0,0,0,0,0,0,0,0,0,0,0,0,0,0
392,ダート,2000,稍重,未勝利,,,0,0,0,0,0,0,0,0,0,0,0,0,0,0,0,0,0,0,0,0,0,0,0,0,0,0,0
393,ダート,2000,重,未勝利,,,0,0,0,0,0,0,0,0,0,0,0,0,0,0,0,0,0,0,0,0,0,0,0,0,0,0,0
394,ダート,2000,不良,未勝利,,,0,0,0,0,0,0,0,0,0,0,0,0,0,0,0,0,0,0,0,0,0,0,0,0,0,0,0
395,ダート,2000,全,新馬,,,0,0,0,0,0,0,0,0,0,0,0,0,0,0,0,0,0,0,0,0,0,0,0,0,0,0,0
396,ダート,2000,良,新馬,,,0,0,0,0,0,0,0,0,0,0,0,0,0,0,0,0,0,0,0,0,0,0,0,0,0,0,0
397,ダート,2000,稍重,新馬,,,0,0,0,0,0,0,0,0,0,0,0,0,0,0,0,0,0,0,0,0,0,0,0,0,0,0,0
398,ダート,2000,重,新馬,,,0,0,0,0,0,0,0,0,0,0,0,0,0,0,0,0,0,0,0,0,0,0,0,0,0,0,0
399,ダート,2000,不良,新馬,,,0,0,0,0,0,0,0,0,0,0,0,0,0,0,0,0,0,0,0,0,0,0,0,0,0,0,0
400,ダート,2000,全,1勝クラス,,,0,0,0,0,0,0,0,0,0,0,0,0,0,0,0,0,0,0,0,0,0,0,0,0,0,0,0
401,ダート,2000,良,1勝クラス,,,0,0,0,0,0,0,0,0,0,0,0,0,0,0,0,0,0,0,0,0,0,0,0,0,0,0,0
402,ダート,2000,稍重,1勝クラス,,,0,0,0,0,0,0,0,0,0,0,0,0,0,0,0,0,0,0,0,0,0,0,0,0,0,0,0
403,ダート,2000,重,1勝クラス,,,0,0,0,0,0,0,0,0,0,0,0,0,0,0,0,0,0,0,0,0,0,0,0,0,0,0,0
404,ダート,2000,不良,1勝クラス,,,0,0,0,0,0,0,0,0,0,0,0,0,0,0,0,0,0,0,0,0,0,0,0,0,0,0,0
405,ダート,2000,全,2勝クラス,,,0,0,0,0,0,0,0,0,0,0,0,0,0,0,0,0,0,0,0,0,0,0,0,0,0,0,0
406,ダート,2000,良,2勝クラス,,,0,0,0,0,0,0,0,0,0,0,0,0,0,0,0,0,0,0,0,0,0,0,0,0,0,0,0
407,ダート,2000,稍重,2勝クラス,,,0,0,0,0,0,0,0,0,0,0,0,0,0,0,0,0,0,0,0,0,0,0,0,0,0,0,0
408,ダート,2000,重,2勝クラス,,,0,0,0,0,0,0,0,0,0,0,0,0,0,0,0,0,0,0,0,0,0,0,0,0,0,0,0
409,ダート,2000,不良,2勝クラス,,,0,0,0,0,0,0,0,0,0,0,0,0,0,0,0,0,0,0,0,0,0,0,0,0,0,0,0
410,ダート,2000,全,3勝クラス,,,0,0,0,0,0,0,0,0,0,0,0,0,0,0,0,0,0,0,0,0,0,0,0,0,0,0,0
411,ダート,2000,良,3勝クラス,,,0,0,0,0,0,0,0,0,0,0,0,0,0,0,0,0,0,0,0,0,0,0,0,0,0,0,0
412,ダート,2000,稍重,3勝クラス,,,0,0,0,0,0,0,0,0,0,0,0,0,0,0,0,0,0,0,0,0,0,0,0,0,0,0,0
413,ダート,2000,重,3勝クラス,,,0,0,0,0,0,0,0,0,0,0,0,0,0,0,0,0,0,0,0,0,0,0,0,0,0,0,0
414,ダート,2000,不良,3勝クラス,,,0,0,0,0,0,0,0,0,0,0,0,0,0,0,0,0,0,0,0,0,0,0,0,0,0,0,0
415,ダート,2000,全,オープン,,,0,0,0,0,0,0,0,0,0,0,0,0,0,0,0,0,0,0,0,0,0,0,0,0,0,0,0
416,ダート,2000,良,オープン,,,0,0,0,0,0,0,0,0,0,0,0,0,0,0,0,0,0,0,0,0,0,0,0,0,0,0,0
417,ダート,2000,稍重,オープン,,,0,0,0,0,0,0,0,0,0,0,0,0,0,0,0,0,0,0,0,0,0,0,0,0,0,0,0
418,ダート,2000,重,オープン,,,0,0,0,0,0,0,0,0,0,0,0,0,0,0,0,0,0,0,0,0,0,0,0,0,0,0,0
419,ダート,2000,不良,オープン,,,0,0,0,0,0,0,0,0,0,0,0,0,0,0,0,0,0,0,0,0,0,0,0,0,0,0,0
420,ダート,2200,全,all,,,0,0,0,0,0,0,0,0,0,0,0,0,0,0,0,0,0,0,0,0,0,0,0,0,0,0,0
421,ダート,2200,良,all,,,0,0,0,0,0,0,0,0,0,0,0,0,0,0,0,0,0,0,0,0,0,0,0,0,0,0,0
422,ダート,2200,稍重,all,,,0,0,0,0,0,0,0,0,0,0,0,0,0,0,0,0,0,0,0,0,0,0,0,0,0,0,0
423,ダート,2200,重,all,,,0,0,0,0,0,0,0,0,0,0,0,0,0,0,0,0,0,0,0,0,0,0,0,0,0,0,0
424,ダート,2200,不良,all,,,0,0,0,0,0,0,0,0,0,0,0,0,0,0,0,0,0,0,0,0,0,0,0,0,0,0,0
425,ダート,2200,全,未勝利,,,0,0,0,0,0,0,0,0,0,0,0,0,0,0,0,0,0,0,0,0,0,0,0,0,0,0,0
426,ダート,2200,良,未勝利,,,0,0,0,0,0,0,0,0,0,0,0,0,0,0,0,0,0,0,0,0,0,0,0,0,0,0,0
427,ダート,2200,稍重,未勝利,,,0,0,0,0,0,0,0,0,0,0,0,0,0,0,0,0,0,0,0,0,0,0,0,0,0,0,0
428,ダート,2200,重,未勝利,,,0,0,0,0,0,0,0,0,0,0,0,0,0,0,0,0,0,0,0,0,0,0,0,0,0,0,0
429,ダート,2200,不良,未勝利,,,0,0,0,0,0,0,0,0,0,0,0,0,0,0,0,0,0,0,0,0,0,0,0,0,0,0,0
430,ダート,2200,全,新馬,,,0,0,0,0,0,0,0,0,0,0,0,0,0,0,0,0,0,0,0,0,0,0,0,0,0,0,0
431,ダート,2200,良,新馬,,,0,0,0,0,0,0,0,0,0,0,0,0,0,0,0,0,0,0,0,0,0,0,0,0,0,0,0
432,ダート,2200,稍重,新馬,,,0,0,0,0,0,0,0,0,0,0,0,0,0,0,0,0,0,0,0,0,0,0,0,0,0,0,0
433,ダート,2200,重,新馬,,,0,0,0,0,0,0,0,0,0,0,0,0,0,0,0,0,0,0,0,0,0,0,0,0,0,0,0
434,ダート,2200,不良,新馬,,,0,0,0,0,0,0,0,0,0,0,0,0,0,0,0,0,0,0,0,0,0,0,0,0,0,0,0
435,ダート,2200,全,1勝クラス,,,0,0,0,0,0,0,0,0,0,0,0,0,0,0,0,0,0,0,0,0,0,0,0,0,0,0,0
436,ダート,2200,良,1勝クラス,,,0,0,0,0,0,0,0,0,0,0,0,0,0,0,0,0,0,0,0,0,0,0,0,0,0,0,0
437,ダート,2200,稍重,1勝クラス,,,0,0,0,0,0,0,0,0,0,0,0,0,0,0,0,0,0,0,0,0,0,0,0,0,0,0,0
438,ダート,2200,重,1勝クラス,,,0,0,0,0,0,0,0,0,0,0,0,0,0,0,0,0,0,0,0,0,0,0,0,0,0,0,0
439,ダート,2200,不良,1勝クラス,,,0,0,0,0,0,0,0,0,0,0,0,0,0,0,0,0,0,0,0,0,0,0,0,0,0,0,0
440,ダート,2200,全,2勝クラス,,,0,0,0,0,0,0,0,0,0,0,0,0,0,0,0,0,0,0,0,0,0,0,0,0,0,0,0
441,ダート,2200,良,2勝クラス,,,0,0,0,0,0,0,0,0,0,0,0,0,0,0,0,0,0,0,0,0,0,0,0,0,0,0,0
442,ダート,2200,稍重,2勝クラス,,,0,0,0,0,0,0,0,0,0,0,0,0,0,0,0,0,0,0,0,0,0,0,0,0,0,0,0
443,ダート,2200,重,2勝クラス,,,0,0,0,0,0,0,0,0,0,0,0,0,0,0,0,0,0,0,0,0,0,0,0,0,0,0,0
444,ダート,2200,不良,2勝クラス,,,0,0,0,0,0,0,0,0,0,0,0,0,0,0,0,0,0,0,0,0,0,0,0,0,0,0,0
445,ダート,2200,全,3勝クラス,,,0,0,0,0,0,0,0,0,0,0,0,0,0,0,0,0,0,0,0,0,0,0,0,0,0,0,0
446,ダート,2200,良,3勝クラス,,,0,0,0,0,0,0,0,0,0,0,0,0,0,0,0,0,0,0,0,0,0,0,0,0,0,0,0
447,ダート,2200,稍重,3勝クラス,,,0,0,0,0,0,0,0,0,0,0,0,0,0,0,0,0,0,0,0,0,0,0,0,0,0,0,0
448,ダート,2200,重,3勝クラス,,,0,0,0,0,0,0,0,0,0,0,0,0,0,0,0,0,0,0,0,0,0,0,0,0,0,0,0
449,ダート,2200,不良,3勝クラス,,,0,0,0,0,0,0,0,0,0,0,0,0,0,0,0,0,0,0,0,0,0,0,0,0,0,0,0
450,ダート,2200,全,オープン,,,0,0,0,0,0,0,0,0,0,0,0,0,0,0,0,0,0,0,0,0,0,0,0,0,0,0,0
451,ダート,2200,良,オープン,,,0,0,0,0,0,0,0,0,0,0,0,0,0,0,0,0,0,0,0,0,0,0,0,0,0,0,0
452,ダート,2200,稍重,オープン,,,0,0,0,0,0,0,0,0,0,0,0,0,0,0,0,0,0,0,0,0,0,0,0,0,0,0,0
453,ダート,2200,重,オープン,,,0,0,0,0,0,0,0,0,0,0,0,0,0,0,0,0,0,0,0,0,0,0,0,0,0,0,0
454,ダート,2200,不良,オープン,,,0,0,0,0,0,0,0,0,0,0,0,0,0,0,0,0,0,0,0,0,0,0,0,0,0,0,0
455,ダート,2400,全,all,4.84,7.32,213,24,16,27,26,24,32,32,32,16,13,22,13,16,14,19,21,15,15,14,9,6,4,7,9,0,0
456,ダート,2400,良,all,4.65,7.12,141,14,14,19,19,17,20,19,19,8,10,16,9,12,10,11,15,12,10,6,6,2,3,5,6,0,0
457,ダート,2400,稍重,all,5.29,7.67,30,3,1,3,4,2,5,7,5,3,1,1,2,2,2,5,1,1,2,3,2,2,1,1,1,0,0
458,ダート,2400,重,all,4.61,7.06,24,4,0,5,0,3,4,3,5,3,1,4,0,1,1,1,2,1,3,3,1,1,0,1,1,0,0
459,ダート,2400,不良,all,4.88,6.54,18,3,1,0,3,2,3,3,3,2,1,1,2,1,1,2,3,1,0,2,0,1,0,0,1,0,0
460,ダート,2400,全,未勝利,,,0,0,0,0,0,0,0,0,0,0,0,0,0,0,0,0,0,0,0,0,0,0,0,0,0,0,0
461,ダート,2400,良,未勝利,,,0,0,0,0,0,0,0,0,0,0,0,0,0,0,0,0,0,0,0,0,0,0,0,0,0,0,0
462,ダート,2400,稍重,未勝利,,,0,0,0,0,0,0,0,0,0,0,0,0,0,0,0,0,0,0,0,0,0,0,0,0,0,0,0
463,ダート,2400,重,未勝利,,,0,0,0,0,0,0,0,0,0,0,0,0,0,0,0,0,0,0,0,0,0,0,0,0,0,0,0
464,ダート,2400,不良,未勝利,,,0,0,0,0,0,0,0,0,0,0,0,0,0,0,0,0,0,0,0,0,0,0,0,0,0,0,0
465,ダート,2400,全,新馬,,,0,0,0,0,0,0,0,0,0,0,0,0,0,0,0,0,0,0,0,0,0,0,0,0,0,0,0
466,ダート,2400,良,新馬,,,0,0,0,0,0,0,0,0,0,0,0,0,0,0,0,0,0,0,0,0,0,0,0,0,0,0,0
467,ダート,2400,稍重,新馬,,,0,0,0,0,0,0,0,0,0,0,0,0,0,0,0,0,0,0,0,0,0,0,0,0,0,0,0
468,ダート,2400,重,新馬,,,0,0,0,0,0,0,0,0,0,0,0,0,0,0,0,0,0,0,0,0,0,0,0,0,0,0,0
469,ダート,2400,不良,新馬,,,0,0,0,0,0,0,0,0,0,0,0,0,0,0,0,0,0,0,0,0,0,0,0,0,0,0,0
470,ダート,2400,全,1勝クラス,4.92,6.96,93,8,7,14,10,9,17,17,11,7,4,10,9,6,9,8,9,7,5,8,3,3,3,1,1,0,0
471,ダート,2400,良,1勝クラス,4.72,6.69,57,3,6,11,7,6,8,9,7,2,3,8,6,6,6,4,5,6,3,2,1,1,2,1,1,0,0
472,ダート,2400,稍重,1勝クラス,5.25,7.46,15,2,1,1,1,1,3,4,2,2,1,0,2,0,1,2,0,0,0,3,2,1,1,0,0,0,0
473,ダート,2400,重,1勝クラス,5.17,7.06,12,1,0,2,0,2,4,2,1,1,0,2,0,0,1,1,2,1,2,2,0,0,0,0,0,0,0
474,ダート,2400,不良,1勝クラス,4.89,6.55,9,2,0,0,2,0,2,2,1,2,0,0,1,0,1,1,2,0,0,1,0,1,0,0,0,0,0
475,ダート,2400,全,2勝クラス,4.71,7.4,105,14,8,11,13,14,12,15,18,8,7,10,3,9,4,10,11,8,8,5,6,3,1,5,7,0,0
476,ダート,2400,良,2勝クラス,4.68,7.45,75,10,7,7,9,10,10,10,12,5,6,7,2,5,4,6,9,6,6,3,5,1,1,4,5,0,0
477,ダート,2400,稍重,2勝クラス,5.33,8.59,12,1,0,1,3,1,1,3,2,1,0,0,0,2,0,3,1,1,1,0,0,1,0,1,1,0,0
478,ダート,2400,重,2勝クラス,4.33,6.55,9,2,0,3,0,1,0,1,2,2,0,2,0,1,0,0,0,0,1,1,1,1,0,0,0,0,0
479,ダート,2400,不良,2勝クラス,5.11,7.22,9,1,1,0,1,2,1,1,2,0,1,1,1,1,0,1,1,1,0,1,0,0,0,0,1,0,0
480,ダート,2400,全,3勝クラス,,,0,0,0,0,0,0,0,0,0,0,0,0,0,0,0,0,0,0,0,0,0,0,0,0,0,0,0
481,ダート,2400,良,3勝クラス,,,0,0,0,0,0,0,0,0,0,0,0,0,0,0,0,0,0,0,0,0,0,0,0,0,0,0,0
482,ダート,2400,稍重,3勝クラス,,,0,0,0,0,0,0,0,0,0,0,0,0,0,0,0,0,0,0,0,0,0,0,0,0,0,0,0
483,ダート,2400,重,3勝クラス,,,0,0,0,0,0,0,0,0,0,0,0,0,0,0,0,0,0,0,0,0,0,0,0,0,0,0,0
484,ダート,2400,不良,3勝クラス,,,0,0,0,0,0,0,0,0,0,0,0,0,0,0,0,0,0,0,0,0,0,0,0,0,0,0,0
485,ダート,2400,全,オープン,,,0,0,0,0,0,0,0,0,0,0,0,0,0,0,0,0,0,0,0,0,0,0,0,0,0,0,0
486,ダート,2400,良,オープン,,,0,0,0,0,0,0,0,0,0,0,0,0,0,0,0,0,0,0,0,0,0,0,0,0,0,0,0
487,ダート,2400,稍重,オープン,,,0,0,0,0,0,0,0,0,0,0,0,0,0,0,0,0,0,0,0,0,0,0,0,0,0,0,0
488,ダート,2400,重,オープン,,,0,0,0,0,0,0,0,0,0,0,0,0,0,0,0,0,0,0,0,0,0,0,0,0,0,0,0
489,ダート,2400,不良,オープン,,,0,0,0,0,0,0,0,0,0,0,0,0,0,0,0,0,0,0,0,0,0,0,0,0,0,0,0
490,ダート,2500,全,all,5.72,8.05,21,1,2,1,0,4,3,6,4,1,1,2,0,0,1,5,2,1,2,2,2,1,0,1,0,0,0
491,ダート,2500,良,all,5.61,7.72,18,1,2,1,0,3,3,4,4,1,1,2,0,0,1,4,2,1,2,1,1,1,0,1,0,0,0
492,ダート,2500,稍重,all,6.33,10.0,3,0,0,0,0,1,0,2,0,0,0,0,0,0,0,1,0,0,0,1,1,0,0,0,0,0,0
493,ダート,2500,重,all,,,0,0,0,0,0,0,0,0,0,0,0,0,0,0,0,0,0,0,0,0,0,0,0,0,0,0,0
494,ダート,2500,不良,all,,,0,0,0,0,0,0,0,0,0,0,0,0,0,0,0,0,0,0,0,0,0,0,0,0,0,0,0
495,ダート,2500,全,未勝利,,,0,0,0,0,0,0,0,0,0,0,0,0,0,0,0,0,0,0,0,0,0,0,0,0,0,0,0
496,ダート,2500,良,未勝利,,,0,0,0,0,0,0,0,0,0,0,0,0,0,0,0,0,0,0,0,0,0,0,0,0,0,0,0
497,ダート,2500,稍重,未勝利,,,0,0,0,0,0,0,0,0,0,0,0,0,0,0,0,0,0,0,0,0,0,0,0,0,0,0,0
498,ダート,2500,重,未勝利,,,0,0,0,0,0,0,0,0,0,0,0,0,0,0,0,0,0,0,0,0,0,0,0,0,0,0,0
499,ダート,2500,不良,未勝利,,,0,0,0,0,0,0,0,0,0,0,0,0,0,0,0,0,0,0,0,0,0,0,0,0,0,0,0
500,ダート,2500,全,新馬,,,0,0,0,0,0,0,0,0,0,0,0,0,0,0,0,0,0,0,0,0,0,0,0,0,0,0,0
501,ダート,2500,良,新馬,,,0,0,0,0,0,0,0,0,0,0,0,0,0,0,0,0,0,0,0,0,0,0,0,0,0,0,0
502,ダート,2500,稍重,新馬,,,0,0,0,0,0,0,0,0,0,0,0,0,0,0,0,0,0,0,0,0,0,0,0,0,0,0,0
503,ダート,2500,重,新馬,,,0,0,0,0,0,0,0,0,0,0,0,0,0,0,0,0,0,0,0,0,0,0,0,0,0,0,0
504,ダート,2500,不良,新馬,,,0,0,0,0,0,0,0,0,0,0,0,0,0,0,0,0,0,0,0,0,0,0,0,0,0,0,0
505,ダート,2500,全,1勝クラス,5.72,8.05,21,1,2,1,0,4,3,6,4,1,1,2,0,0,1,5,2,1,2,2,2,1,0,1,0,0,0
506,ダート,2500,良,1勝クラス,5.61,7.72,18,1,2,1,0,3,3,4,4,1,1,2,0,0,1,4,2,1,2,1,1,1,0,1,0,0,0
507,ダート,2500,稍重,1勝クラス,6.33,10.0,3,0,0,0,0,1,0,2,0,0,0,0,0,0,0,1,0,0,0,1,1,0,0,0,0,0,0
508,ダート,2500,重,1勝クラス,,,0,0,0,0,0,0,0,0,0,0,0,0,0,0,0,0,0,0,0,0,0,0,0,0,0,0,0
509,ダート,2500,不良,1勝クラス,,,0,0,0,0,0,0,0,0,0,0,0,0,0,0,0,0,0,0,0,0,0,0,0,0,0,0,0
510,ダート,2500,全,2勝クラス,,,0,0,0,0,0,0,0,0,0,0,0,0,0,0,0,0,0,0,0,0,0,0,0,0,0,0,0
511,ダート,2500,良,2勝クラス,,,0,0,0,0,0,0,0,0,0,0,0,0,0,0,0,0,0,0,0,0,0,0,0,0,0,0,0
512,ダート,2500,稍重,2勝クラス,,,0,0,0,0,0,0,0,0,0,0,0,0,0,0,0,0,0,0,0,0,0,0,0,0,0,0,0
513,ダート,2500,重,2勝クラス,,,0,0,0,0,0,0,0,0,0,0,0,0,0,0,0,0,0,0,0,0,0,0,0,0,0,0,0
514,ダート,2500,不良,2勝クラス,,,0,0,0,0,0,0,0,0,0,0,0,0,0,0,0,0,0,0,0,0,0,0,0,0,0,0,0
515,ダート,2500,全,3勝クラス,,,0,0,0,0,0,0,0,0,0,0,0,0,0,0,0,0,0,0,0,0,0,0,0,0,0,0,0
516,ダート,2500,良,3勝クラス,,,0,0,0,0,0,0,0,0,0,0,0,0,0,0,0,0,0,0,0,0,0,0,0,0,0,0,0
517,ダート,2500,稍重,3勝クラス,,,0,0,0,0,0,0,0,0,0,0,0,0,0,0,0,0,0,0,0,0,0,0,0,0,0,0,0
518,ダート,2500,重,3勝クラス,,,0,0,0,0,0,0,0,0,0,0,0,0,0,0,0,0,0,0,0,0,0,0,0,0,0,0,0
519,ダート,2500,不良,3勝クラス,,,0,0,0,0,0,0,0,0,0,0,0,0,0,0,0,0,0,0,0,0,0,0,0,0,0,0,0
520,ダート,2500,全,オープン,,,0,0,0,0,0,0,0,0,0,0,0,0,0,0,0,0,0,0,0,0,0,0,0,0,0,0,0
521,ダート,2500,良,オープン,,,0,0,0,0,0,0,0,0,0,0,0,0,0,0,0,0,0,0,0,0,0,0,0,0,0,0,0
522,ダート,2500,稍重,オープン,,,0,0,0,0,0,0,0,0,0,0,0,0,0,0,0,0,0,0,0,0,0,0,0,0,0,0,0
523,ダート,2500,重,オープン,,,0,0,0,0,0,0,0,0,0,0,0,0,0,0,0,0,0,0,0,0,0,0,0,0,0,0,0
524,ダート,2500,不良,オープン,,,0,0,0,0,0,0,0,0,0,0,0,0,0,0,0,0,0,0,0,0,0,0,0,0,0,0,0
525,ダート,3600,全,all,,,0,0,0,0,0,0,0,0,0,0,0,0,0,0,0,0,0,0,0,0,0,0,0,0,0,0,0
526,ダート,3600,良,all,,,0,0,0,0,0,0,0,0,0,0,0,0,0,0,0,0,0,0,0,0,0,0,0,0,0,0,0
527,ダート,3600,稍重,all,,,0,0,0,0,0,0,0,0,0,0,0,0,0,0,0,0,0,0,0,0,0,0,0,0,0,0,0
528,ダート,3600,重,all,,,0,0,0,0,0,0,0,0,0,0,0,0,0,0,0,0,0,0,0,0,0,0,0,0,0,0,0
529,ダート,3600,不良,all,,,0,0,0,0,0,0,0,0,0,0,0,0,0,0,0,0,0,0,0,0,0,0,0,0,0,0,0
530,ダート,3600,全,未勝利,,,0,0,0,0,0,0,0,0,0,0,0,0,0,0,0,0,0,0,0,0,0,0,0,0,0,0,0
531,ダート,3600,良,未勝利,,,0,0,0,0,0,0,0,0,0,0,0,0,0,0,0,0,0,0,0,0,0,0,0,0,0,0,0
532,ダート,3600,稍重,未勝利,,,0,0,0,0,0,0,0,0,0,0,0,0,0,0,0,0,0,0,0,0,0,0,0,0,0,0,0
533,ダート,3600,重,未勝利,,,0,0,0,0,0,0,0,0,0,0,0,0,0,0,0,0,0,0,0,0,0,0,0,0,0,0,0
534,ダート,3600,不良,未勝利,,,0,0,0,0,0,0,0,0,0,0,0,0,0,0,0,0,0,0,0,0,0,0,0,0,0,0,0
535,ダート,3600,全,新馬,,,0,0,0,0,0,0,0,0,0,0,0,0,0,0,0,0,0,0,0,0,0,0,0,0,0,0,0
536,ダート,3600,良,新馬,,,0,0,0,0,0,0,0,0,0,0,0,0,0,0,0,0,0,0,0,0,0,0,0,0,0,0,0
537,ダート,3600,稍重,新馬,,,0,0,0,0,0,0,0,0,0,0,0,0,0,0,0,0,0,0,0,0,0,0,0,0,0,0,0
538,ダート,3600,重,新馬,,,0,0,0,0,0,0,0,0,0,0,0,0,0,0,0,0,0,0,0,0,0,0,0,0,0,0,0
539,ダート,3600,不良,新馬,,,0,0,0,0,0,0,0,0,0,0,0,0,0,0,0,0,0,0,0,0,0,0,0,0,0,0,0
540,ダート,3600,全,1勝クラス,,,0,0,0,0,0,0,0,0,0,0,0,0,0,0,0,0,0,0,0,0,0,0,0,0,0,0,0
541,ダート,3600,良,1勝クラス,,,0,0,0,0,0,0,0,0,0,0,0,0,0,0,0,0,0,0,0,0,0,0,0,0,0,0,0
542,ダート,3600,稍重,1勝クラス,,,0,0,0,0,0,0,0,0,0,0,0,0,0,0,0,0,0,0,0,0,0,0,0,0,0,0,0
543,ダート,3600,重,1勝クラス,,,0,0,0,0,0,0,0,0,0,0,0,0,0,0,0,0,0,0,0,0,0,0,0,0,0,0,0
544,ダート,3600,不良,1勝クラス,,,0,0,0,0,0,0,0,0,0,0,0,0,0,0,0,0,0,0,0,0,0,0,0,0,0,0,0
545,ダート,3600,全,2勝クラス,,,0,0,0,0,0,0,0,0,0,0,0,0,0,0,0,0,0,0,0,0,0,0,0,0,0,0,0
546,ダート,3600,良,2勝クラス,,,0,0,0,0,0,0,0,0,0,0,0,0,0,0,0,0,0,0,0,0,0,0,0,0,0,0,0
547,ダート,3600,稍重,2勝クラス,,,0,0,0,0,0,0,0,0,0,0,0,0,0,0,0,0,0,0,0,0,0,0,0,0,0,0,0
548,ダート,3600,重,2勝クラス,,,0,0,0,0,0,0,0,0,0,0,0,0,0,0,0,0,0,0,0,0,0,0,0,0,0,0,0
549,ダート,3600,不良,2勝クラス,,,0,0,0,0,0,0,0,0,0,0,0,0,0,0,0,0,0,0,0,0,0,0,0,0,0,0,0
550,ダート,3600,全,3勝クラス,,,0,0,0,0,0,0,0,0,0,0,0,0,0,0,0,0,0,0,0,0,0,0,0,0,0,0,0
551,ダート,3600,良,3勝クラス,,,0,0,0,0,0,0,0,0,0,0,0,0,0,0,0,0,0,0,0,0,0,0,0,0,0,0,0
552,ダート,3600,稍重,3勝クラス,,,0,0,0,0,0,0,0,0,0,0,0,0,0,0,0,0,0,0,0,0,0,0,0,0,0,0,0
553,ダート,3600,重,3勝クラス,,,0,0,0,0,0,0,0,0,0,0,0,0,0,0,0,0,0,0,0,0,0,0,0,0,0,0,0
554,ダート,3600,不良,3勝クラス,,,0,0,0,0,0,0,0,0,0,0,0,0,0,0,0,0,0,0,0,0,0,0,0,0,0,0,0
555,ダート,3600,全,オープン,,,0,0,0,0,0,0,0,0,0,0,0,0,0,0,0,0,0,0,0,0,0,0,0,0,0,0,0
556,ダート,3600,良,オープン,,,0,0,0,0,0,0,0,0,0,0,0,0,0,0,0,0,0,0,0,0,0,0,0,0,0,0,0
557,ダート,3600,稍重,オープン,,,0,0,0,0,0,0,0,0,0,0,0,0,0,0,0,0,0,0,0,0,0,0,0,0,0,0,0
558,ダート,3600,重,オープン,,,0,0,0,0,0,0,0,0,0,0,0,0,0,0,0,0,0,0,0,0,0,0,0,0,0,0,0
559,ダート,3600,不良,オープン,,,0,0,0,0,0,0,0,0,0,0,0,0,0,0,0,0,0,0,0,0,0,0,0,0,0,0,0
