クラス,血統,1着,2着,3着,着外
all,キズナ,13,6,6,26
all,ディープインパクト,12,15,10,67
all,エピファネイア,9,6,6,36
all,ハーツクライ,7,11,7,56
all,ルーラーシップ,7,6,8,50
all,オルフェーヴル,5,6,4,35
all,キングカメハメハ,4,6,4,25
all,ジャスタウェイ,4,5,2,21
all,キタサンブラック,4,2,5,17
all,サトノダイヤモンド,4,1,1,14
all,ノヴェリスト,4,0,1,5
all,サートゥルナーリア,3,2,0,7
all,スクリーンヒーロー,3,0,0,9
all,リオンディーズ,3,0,0,5
all,ハービンジャー,2,7,9,46
all,ドゥラメンテ,2,6,2,22
all,ゴールドシップ,2,3,5,29
all,ワークフォース,2,3,0,11
all,ブリックスアンドモルタル,2,1,0,7
all,モーリス,2,1,0,15
all,エイシンフラッシュ,2,0,3,18
all,コントレイル,2,0,3,6
all,ゴールドアクター,2,0,1,2
all,オーシャンブルー,2,0,0,3
all,ブラックタイド,1,3,7,19
all,ロードカナロア,1,3,2,12
all,サトノクラウン,1,3,1,4
all,シルバーステート,1,2,2,12
all,リアルスティール,1,2,1,9
all,サトノアラジン,1,2,0,8
all,レイデオロ,1,1,2,13
all,ステイゴールド,1,1,1,17
all,ドリームジャーニー,1,1,0,16
all,マンハッタンカフェ,1,1,0,8
all,タニノギムレット,1,0,1,3
all,ドレフォン,1,0,1,4
all,ベルシャザール,1,0,1,2
all,ヤマカツエース,1,0,1,0
all,ワールドエース,1,0,1,3
all,アイルハヴアナザー,1,0,0,4
all,シュヴァルグラン,1,0,0,3
all,マインドユアビスケッツ,1,0,0,7
all,ミッキーロケット,1,0,0,3
all,モンテロッソ,1,0,0,4
all,ダンカーク,0,2,0,5
all,メイショウサムソン,0,2,0,4
all,ジャングルポケット,0,1,1,8
all,フィエールマン,0,1,1,2
all,Constitution,0,1,0,0
all,キングヘイロー,0,1,0,1
all,グランプリボス,0,1,0,2
all,サマーバード,0,1,0,1
all,デクラレーションオブウォー,0,1,0,2
all,トゥザグローリー,0,1,0,3
all,ニホンピロアワーズ,0,1,0,0
all,ワールドプレミア,0,1,0,0
all,ディープブリランテ,0,0,4,10
all,スワーヴリチャード,0,0,2,6
all,トーセンラー,0,0,2,0
all,バゴ,0,0,2,6
all,Study of Man,0,0,1,1
all,ウィルテイクチャージ,0,0,1,1
all,キセキ,0,0,1,0
all,ストロングリターン,0,0,1,2
all,ゼンノロブロイ,0,0,1,11
all,ダイワメジャー,0,0,1,4
all,トランセンド,0,0,1,0
all,フェノーメノ,0,0,1,3
all,ベーカバド,0,0,1,2
all,ラブリーデイ,0,0,1,5
all,ヴィクトワールピサ,0,0,1,6
all,American Pharoah,0,0,0,2
all,Frankel,0,0,0,1
all,Giant's Causeway,0,0,0,1
all,Golden Horn,0,0,0,1
all,Haynesfield,0,0,0,1
all,Kingman,0,0,0,1
all,Medaglia d'Oro,0,0,0,1
all,New Approach,0,0,0,1
all,No Nay Never,0,0,0,2
all,Oscar Performance,0,0,0,1
all,Saxon Warrior,0,0,0,1
all,Sea The Moon,0,0,0,1
all,Shamardal,0,0,0,1
all,Sottsass,0,0,0,1
all,アドマイヤオーラ,0,0,0,1
all,アドマイヤマックス,0,0,0,1
all,アドマイヤムーン,0,0,0,4
all,アメリカンボス,0,0,0,2
all,アルデバラン,0,0,0,2
all,アンライバルド,0,0,0,2
all,イスラボニータ,0,0,0,4
all,ウインバリアシオン,0,0,0,2
all,ウインブライト,0,0,0,2
all,エイシンアポロン,0,0,0,1
all,エイシンヒカリ,0,0,0,3
all,エポカドーロ,0,0,0,1
all,エンパイアメーカー,0,0,0,1
all,キングズベスト,0,0,0,1
all,キンシャサノキセキ,0,0,0,6
all,クリエイター,0,0,0,1
all,クリソベリル,0,0,0,1
all,クロフネ,0,0,0,1
all,グァンチャーレ,0,0,0,1
all,グレーターロンドン,0,0,0,1
all,ケープブランコ,0,0,0,1
all,ザサンデーフサイチ,0,0,0,1
all,シスキン,0,0,0,1
all,シビルウォー,0,0,0,1
all,シンボリクリスエス,0,0,0,1
all,ジョーカプチーノ,0,0,0,1
all,スズカコーズウェイ,0,0,0,1
all,スズカマンボ,0,0,0,3
all,ストーミングホーム,0,0,0,1
all,スピルバーグ,0,0,0,2
all,スマートロビン,0,0,0,1
all,タイキシャトル,0,0,0,2
all,タリスマニック,0,0,0,1
all,タートルボウル,0,0,0,1
all,ダノンシャンティ,0,0,0,1
all,ダノンバラード,0,0,0,3
all,ディーマジェスティ,0,0,0,4
all,トゥザワールド,0,0,0,1
all,トーセンジョーダン,0,0,0,2
all,ナカヤマフェスタ,0,0,0,4
all,ネオユニヴァース,0,0,0,1
all,ノーブルミッション,0,0,0,1
all,バトルプラン,0,0,0,1
all,パイロ,0,0,0,2
all,ビッグアーサー,0,0,0,1
all,ビーチパトロール,0,0,0,3
all,ファインニードル,0,0,0,2
all,ブレイクランアウト,0,0,0,1
all,ヘニーヒューズ,0,0,0,2
all,ベンバトル,0,0,0,1
all,ホッコータルマエ,0,0,0,2
all,マクフィ,0,0,0,1
all,マジェスティックウォリアー,0,0,0,1
all,マヤノトップガン,0,0,0,1
all,マーベラスサンデー,0,0,0,1
all,ミッキーアイル,0,0,0,5
all,メイショウオウドウ,0,0,0,1
all,メイショウボーラー,0,0,0,1
all,モズアスコット,0,0,0,2
all,ラニ,0,0,0,1
all,リアルインパクト,0,0,0,4
all,レーヴミストラル,0,0,0,2
all,ロゴタイプ,0,0,0,3
all,ロジャーバローズ,0,0,0,1
all,ロジユニヴァース,0,0,0,1
all,ロンギングダンサー,0,0,0,1
all,ローエングリン,0,0,0,1
all,ロージズインメイ,0,0,0,2
all,ローズキングダム,0,0,0,7
all,ワイルドラッシュ,0,0,0,1
all,ワンアンドオンリー,0,0,0,1
未勝利,エピファネイア,6,3,2,15
未勝利,サートゥルナーリア,3,1,0,1
未勝利,オルフェーヴル,2,3,1,14
未勝利,コントレイル,2,0,1,5
未勝利,ディープインパクト,1,3,2,11
未勝利,ハーツクライ,1,2,1,17
未勝利,キングカメハメハ,1,2,0,1
未勝利,ゴールドシップ,1,1,2,13
未勝利,ハービンジャー,1,1,2,17
未勝利,ジャスタウェイ,1,1,1,5
未勝利,キズナ,1,1,0,10
未勝利,ワークフォース,1,1,0,5
未勝利,サトノダイヤモンド,1,0,1,6
未勝利,リアルスティール,1,0,1,4
未勝利,レイデオロ,1,0,1,2
未勝利,エイシンフラッシュ,1,0,0,3
未勝利,オーシャンブルー,1,0,0,1
未勝利,ゴールドアクター,1,0,0,1
未勝利,スクリーンヒーロー,1,0,0,5
未勝利,ミッキーロケット,1,0,0,2
未勝利,モーリス,1,0,0,6
未勝利,リオンディーズ,1,0,0,1
未勝利,ワールドエース,1,0,0,3
未勝利,キタサンブラック,0,2,1,8
未勝利,サトノクラウン,0,2,1,1
未勝利,ルーラーシップ,0,2,1,18
未勝利,ブラックタイド,0,1,1,8
未勝利,ロードカナロア,0,1,1,5
未勝利,サトノアラジン,0,1,0,4
未勝利,マンハッタンカフェ,0,1,0,1
未勝利,ワールドプレミア,0,1,0,0
未勝利,スワーヴリチャード,0,0,2,2
未勝利,キセキ,0,0,1,0
未勝利,シルバーステート,0,0,1,7
未勝利,ジャングルポケット,0,0,1,1
未勝利,ストロングリターン,0,0,1,1
未勝利,ディープブリランテ,0,0,1,5
未勝利,トランセンド,0,0,1,0
未勝利,バゴ,0,0,1,2
未勝利,フェノーメノ,0,0,1,3
未勝利,ラブリーデイ,0,0,1,3
未勝利,American Pharoah,0,0,0,1
未勝利,Giant's Causeway,0,0,0,1
未勝利,Kingman,0,0,0,1
未勝利,Medaglia d'Oro,0,0,0,1
未勝利,Saxon Warrior,0,0,0,1
未勝利,Sea The Moon,0,0,0,1
未勝利,Sottsass,0,0,0,1
未勝利,アドマイヤムーン,0,0,0,1
未勝利,アメリカンボス,0,0,0,2
未勝利,アルデバラン,0,0,0,1
未勝利,アンライバルド,0,0,0,1
未勝利,イスラボニータ,0,0,0,3
未勝利,エイシンアポロン,0,0,0,1
未勝利,エイシンヒカリ,0,0,0,1
未勝利,エポカドーロ,0,0,0,1
未勝利,キンシャサノキセキ,0,0,0,3
未勝利,グァンチャーレ,0,0,0,1
未勝利,シビルウォー,0,0,0,1
未勝利,シュヴァルグラン,0,0,0,3
未勝利,スピルバーグ,0,0,0,1
未勝利,ゼンノロブロイ,0,0,0,1
未勝利,タリスマニック,0,0,0,1
未勝利,ダイワメジャー,0,0,0,2
未勝利,ダンカーク,0,0,0,3
未勝利,ディーマジェスティ,0,0,0,2
未勝利,デクラレーションオブウォー,0,0,0,1
未勝利,トゥザグローリー,0,0,0,2
未勝利,トーセンジョーダン,0,0,0,2
未勝利,ドゥラメンテ,0,0,0,10
未勝利,ドレフォン,0,0,0,3
未勝利,ノーブルミッション,0,0,0,1
未勝利,ファインニードル,0,0,0,2
未勝利,フィエールマン,0,0,0,2
未勝利,ブリックスアンドモルタル,0,0,0,5
未勝利,ヘニーヒューズ,0,0,0,1
未勝利,ベルシャザール,0,0,0,1
未勝利,ベンバトル,0,0,0,1
未勝利,ホッコータルマエ,0,0,0,1
未勝利,マインドユアビスケッツ,0,0,0,3
未勝利,マクフィ,0,0,0,1
未勝利,マジェスティックウォリアー,0,0,0,1
未勝利,ミッキーアイル,0,0,0,4
未勝利,メイショウサムソン,0,0,0,3
未勝利,モズアスコット,0,0,0,2
未勝利,モンテロッソ,0,0,0,1
未勝利,ラニ,0,0,0,1
未勝利,リアルインパクト,0,0,0,4
未勝利,レーヴミストラル,0,0,0,2
未勝利,ロゴタイプ,0,0,0,1
未勝利,ロジャーバローズ,0,0,0,1
未勝利,ロジユニヴァース,0,0,0,1
未勝利,ロンギングダンサー,0,0,0,1
未勝利,ローズキングダム,0,0,0,1
未勝利,ワンアンドオンリー,0,0,0,1
未勝利,ヴィクトワールピサ,0,0,0,2
1勝クラス,キズナ,6,3,4,9
1勝クラス,ディープインパクト,6,2,3,20
1勝クラス,キングカメハメハ,3,2,3,3
1勝クラス,ルーラーシップ,3,1,2,4
1勝クラス,キタサンブラック,3,0,1,5
1勝クラス,ハーツクライ,2,4,2,8
1勝クラス,サトノダイヤモンド,2,1,0,7
1勝クラス,スクリーンヒーロー,2,0,0,2
1勝クラス,ノヴェリスト,2,0,0,1
1勝クラス,エピファネイア,1,1,2,15
1勝クラス,サトノクラウン,1,1,0,2
1勝クラス,ワークフォース,1,1,0,3
1勝クラス,ベルシャザール,1,0,1,1
1勝クラス,オーシャンブルー,1,0,0,2
1勝クラス,ゴールドアクター,1,0,0,1
1勝クラス,サトノアラジン,1,0,0,3
1勝クラス,シュヴァルグラン,1,0,0,0
1勝クラス,ドリームジャーニー,1,0,0,6
1勝クラス,ドレフォン,1,0,0,0
1勝クラス,ブリックスアンドモルタル,1,0,0,2
1勝クラス,ヤマカツエース,1,0,0,0
1勝クラス,ハービンジャー,0,6,3,12
1勝クラス,ドゥラメンテ,0,4,2,7
1勝クラス,オルフェーヴル,0,2,1,5
1勝クラス,シルバーステート,0,2,1,4
1勝クラス,ジャスタウェイ,0,2,0,4
1勝クラス,ブラックタイド,0,1,2,6
1勝クラス,ゴールドシップ,0,1,1,8
1勝クラス,フィエールマン,0,1,1,0
1勝クラス,ダンカーク,0,1,0,1
1勝クラス,デクラレーションオブウォー,0,1,0,1
1勝クラス,トゥザグローリー,0,1,0,0
1勝クラス,メイショウサムソン,0,1,0,0
1勝クラス,リアルスティール,0,1,0,4
1勝クラス,レイデオロ,0,1,0,8
1勝クラス,ディープブリランテ,0,0,3,3
1勝クラス,エイシンフラッシュ,0,0,2,7
1勝クラス,コントレイル,0,0,2,1
1勝クラス,Study of Man,0,0,1,1
1勝クラス,ダイワメジャー,0,0,1,1
1勝クラス,トーセンラー,0,0,1,0
1勝クラス,バゴ,0,0,1,3
1勝クラス,ロードカナロア,0,0,1,2
1勝クラス,American Pharoah,0,0,0,1
1勝クラス,Golden Horn,0,0,0,1
1勝クラス,New Approach,0,0,0,1
1勝クラス,Oscar Performance,0,0,0,1
1勝クラス,アイルハヴアナザー,0,0,0,1
1勝クラス,アドマイヤオーラ,0,0,0,1
1勝クラス,アドマイヤムーン,0,0,0,1
1勝クラス,アルデバラン,0,0,0,1
1勝クラス,イスラボニータ,0,0,0,1
1勝クラス,ウインバリアシオン,0,0,0,2
1勝クラス,ウインブライト,0,0,0,1
1勝クラス,エイシンヒカリ,0,0,0,1
1勝クラス,エンパイアメーカー,0,0,0,1
1勝クラス,キンシャサノキセキ,0,0,0,2
1勝クラス,クリエイター,0,0,0,1
1勝クラス,クリソベリル,0,0,0,1
1勝クラス,クロフネ,0,0,0,1
1勝クラス,グランプリボス,0,0,0,2
1勝クラス,サートゥルナーリア,0,0,0,5
1勝クラス,シスキン,0,0,0,1
1勝クラス,シンボリクリスエス,0,0,0,1
1勝クラス,ジャングルポケット,0,0,0,7
1勝クラス,スズカコーズウェイ,0,0,0,1
1勝クラス,スワーヴリチャード,0,0,0,3
1勝クラス,ゼンノロブロイ,0,0,0,7
1勝クラス,タニノギムレット,0,0,0,1
1勝クラス,ダノンバラード,0,0,0,3
1勝クラス,ディーマジェスティ,0,0,0,1
1勝クラス,トゥザワールド,0,0,0,1
1勝クラス,ナカヤマフェスタ,0,0,0,2
1勝クラス,ネオユニヴァース,0,0,0,1
1勝クラス,パイロ,0,0,0,2
1勝クラス,ホッコータルマエ,0,0,0,1
1勝クラス,マインドユアビスケッツ,0,0,0,3
1勝クラス,マンハッタンカフェ,0,0,0,2
1勝クラス,モーリス,0,0,0,4
1勝クラス,ラブリーデイ,0,0,0,1
1勝クラス,リオンディーズ,0,0,0,1
1勝クラス,ロゴタイプ,0,0,0,2
1勝クラス,ロージズインメイ,0,0,0,2
1勝クラス,ワイルドラッシュ,0,0,0,1
1勝クラス,ヴィクトワールピサ,0,0,0,2
2勝クラス,キズナ,3,1,1,2
2勝クラス,ルーラーシップ,2,3,1,12
2勝クラス,エピファネイア,2,1,1,4
2勝クラス,オルフェーヴル,2,1,1,5
2勝クラス,ドゥラメンテ,2,1,0,1
2勝クラス,ジャスタウェイ,2,0,1,8
2勝クラス,ディープインパクト,1,4,3,17
2勝クラス,ハーツクライ,1,3,3,15
2勝クラス,ブラックタイド,1,1,3,3
2勝クラス,ゴールドシップ,1,1,0,4
2勝クラス,キタサンブラック,1,0,3,3
2勝クラス,ノヴェリスト,1,0,1,3
2勝クラス,アイルハヴアナザー,1,0,0,2
2勝クラス,シルバーステート,1,0,0,0
2勝クラス,ブリックスアンドモルタル,1,0,0,0
2勝クラス,マインドユアビスケッツ,1,0,0,0
2勝クラス,モンテロッソ,1,0,0,1
2勝クラス,モーリス,1,0,0,4
2勝クラス,リオンディーズ,1,0,0,2
2勝クラス,ロードカナロア,0,2,0,0
2勝クラス,Constitution,0,1,0,0
2勝クラス,キングカメハメハ,0,1,0,10
2勝クラス,キングヘイロー,0,1,0,0
2勝クラス,サトノアラジン,0,1,0,1
2勝クラス,ダンカーク,0,1,0,0
2勝クラス,ドリームジャーニー,0,1,0,9
2勝クラス,リアルスティール,0,1,0,0
2勝クラス,ワークフォース,0,1,0,1
2勝クラス,ウィルテイクチャージ,0,0,1,1
2勝クラス,エイシンフラッシュ,0,0,1,4
2勝クラス,ゴールドアクター,0,0,1,0
2勝クラス,タニノギムレット,0,0,1,1
2勝クラス,ドレフォン,0,0,1,1
2勝クラス,ハービンジャー,0,0,1,6
2勝クラス,レイデオロ,0,0,1,1
2勝クラス,ヴィクトワールピサ,0,0,1,1
2勝クラス,Shamardal,0,0,0,1
2勝クラス,アドマイヤムーン,0,0,0,1
2勝クラス,アンライバルド,0,0,0,1
2勝クラス,ウインブライト,0,0,0,1
2勝クラス,エイシンヒカリ,0,0,0,1
2勝クラス,キングズベスト,0,0,0,1
2勝クラス,ザサンデーフサイチ,0,0,0,1
2勝クラス,ジョーカプチーノ,0,0,0,1
2勝クラス,スクリーンヒーロー,0,0,0,2
2勝クラス,スズカマンボ,0,0,0,3
2勝クラス,ステイゴールド,0,0,0,3
2勝クラス,ストーミングホーム,0,0,0,1
2勝クラス,スピルバーグ,0,0,0,1
2勝クラス,スマートロビン,0,0,0,1
2勝クラス,ゼンノロブロイ,0,0,0,2
2勝クラス,ダイワメジャー,0,0,0,1
2勝クラス,ディーマジェスティ,0,0,0,1
2勝クラス,トゥザグローリー,0,0,0,1
2勝クラス,バゴ,0,0,0,1
2勝クラス,バトルプラン,0,0,0,1
2勝クラス,ビッグアーサー,0,0,0,1
2勝クラス,ビーチパトロール,0,0,0,2
2勝クラス,ブレイクランアウト,0,0,0,1
2勝クラス,ヘニーヒューズ,0,0,0,1
2勝クラス,ベーカバド,0,0,0,1
2勝クラス,マンハッタンカフェ,0,0,0,3
2勝クラス,ラブリーデイ,0,0,0,1
2勝クラス,ローズキングダム,0,0,0,4
3勝クラス,ハーツクライ,2,1,0,11
3勝クラス,キズナ,2,0,1,5
3勝クラス,ディープインパクト,1,2,1,16
3勝クラス,ステイゴールド,1,1,1,8
3勝クラス,ジャスタウェイ,1,1,0,3
3勝クラス,オルフェーヴル,1,0,1,3
3勝クラス,ノヴェリスト,1,0,0,0
3勝クラス,ハービンジャー,1,0,0,6
3勝クラス,マンハッタンカフェ,1,0,0,0
3勝クラス,リオンディーズ,1,0,0,1
3勝クラス,グランプリボス,0,1,0,0
3勝クラス,サマーバード,0,1,0,0
3勝クラス,ドゥラメンテ,0,1,0,2
3勝クラス,ニホンピロアワーズ,0,1,0,0
3勝クラス,ブリックスアンドモルタル,0,1,0,0
3勝クラス,メイショウサムソン,0,1,0,1
3勝クラス,モーリス,0,1,0,1
3勝クラス,ルーラーシップ,0,0,2,13
3勝クラス,キングカメハメハ,0,0,1,7
3勝クラス,ゴールドシップ,0,0,1,2
3勝クラス,トーセンラー,0,0,1,0
3勝クラス,ブラックタイド,0,0,1,0
3勝クラス,ヤマカツエース,0,0,1,0
3勝クラス,ワールドエース,0,0,1,0
3勝クラス,アドマイヤマックス,0,0,0,1
3勝クラス,エイシンフラッシュ,0,0,0,1
3勝クラス,エピファネイア,0,0,0,1
3勝クラス,キングヘイロー,0,0,0,1
3勝クラス,ケープブランコ,0,0,0,1
3勝クラス,サトノクラウン,0,0,0,1
3勝クラス,サトノダイヤモンド,0,0,0,1
3勝クラス,ストロングリターン,0,0,0,1
3勝クラス,スワーヴリチャード,0,0,0,1
3勝クラス,ゼンノロブロイ,0,0,0,1
3勝クラス,タイキシャトル,0,0,0,2
3勝クラス,ダンカーク,0,0,0,1
3勝クラス,ドリームジャーニー,0,0,0,1
3勝クラス,ナカヤマフェスタ,0,0,0,2
3勝クラス,マインドユアビスケッツ,0,0,0,1
3勝クラス,マヤノトップガン,0,0,0,1
3勝クラス,マーベラスサンデー,0,0,0,1
3勝クラス,ミッキーロケット,0,0,0,1
3勝クラス,モンテロッソ,0,0,0,1
3勝クラス,リアルスティール,0,0,0,1
3勝クラス,ローエングリン,0,0,0,1
3勝クラス,ローズキングダム,0,0,0,1
3勝クラス,ロードカナロア,0,0,0,2
オープン,キズナ,1,1,0,0
オープン,ディープインパクト,1,0,1,1
オープン,エイシンフラッシュ,1,0,0,0
オープン,サトノダイヤモンド,1,0,0,0
オープン,ロードカナロア,1,0,0,2
オープン,エピファネイア,0,1,1,1
オープン,キングカメハメハ,0,1,0,2
オープン,サートゥルナーリア,0,1,0,1
オープン,ジャスタウェイ,0,1,0,1
オープン,ゴールドシップ,0,0,1,2
オープン,ハービンジャー,0,0,1,3
オープン,ルーラーシップ,0,0,1,2
オープン,Frankel,0,0,0,1
オープン,No Nay Never,0,0,0,2
オープン,オルフェーヴル,0,0,0,6
オープン,キタサンブラック,0,0,0,1
オープン,グレーターロンドン,0,0,0,1
オープン,シルバーステート,0,0,0,1
オープン,ステイゴールド,0,0,0,3
オープン,タートルボウル,0,0,0,1
オープン,ディープブリランテ,0,0,0,1
オープン,ドゥラメンテ,0,0,0,2
オープン,ハーツクライ,0,0,0,3
オープン,ビーチパトロール,0,0,0,1
オープン,ミッキーアイル,0,0,0,1
オープン,モンテロッソ,0,0,0,1
オープン,レイデオロ,0,0,0,2
オープン,ローズキングダム,0,0,0,1
オープン,ワークフォース,0,0,0,1
