,race_type,course_len,ground_state,class,avg_pop,pop_1_count,pop_2_count,pop_3_count,pop_4_count,pop_5_count,pop_6_count,pop_7_count,pop_8_count,pop_9_count,pop_10_count,pop_11_count,pop_12_count,pop_13_count,pop_14_count,pop_15_count,pop_16_count,pop_17_count,pop_18_count
0,芝,1200,全,all,5.51,44,34,24,16,16,4,8,10,3,1,3,1,3,1,1,0,0,0
1,芝,1200,良,all,5.69,33,28,18,10,13,4,5,8,2,1,3,1,2,1,1,0,0,0
2,芝,1200,稍重,all,4.88,8,2,5,3,2,0,2,2,0,0,0,0,1,0,0,0,0,0
3,芝,1200,重,all,4.46,3,4,1,3,1,0,1,0,1,0,0,0,0,0,0,0,0,0
4,芝,1200,不良,all,,0,0,0,0,0,0,0,0,0,0,0,0,0,0,0,0,0,0
5,芝,1200,全,未勝利,3.08,14,4,1,2,1,0,2,2,0,0,0,0,0,0,0,0,0,0
6,芝,1200,良,未勝利,3.29,11,4,1,2,1,0,2,2,0,0,0,0,0,0,0,0,0,0
7,芝,1200,稍重,未勝利,1.54,2,0,0,0,0,0,0,0,0,0,0,0,0,0,0,0,0,0
8,芝,1200,重,未勝利,1.12,1,0,0,0,0,0,0,0,0,0,0,0,0,0,0,0,0,0
9,芝,1200,不良,未勝利,,0,0,0,0,0,0,0,0,0,0,0,0,0,0,0,0,0,0
10,芝,1200,全,新馬,4.9,7,5,3,7,0,0,0,2,0,0,0,0,0,0,0,0,0,0
11,芝,1200,良,新馬,5.01,5,3,2,5,0,0,0,2,0,0,0,0,0,0,0,0,0,0
12,芝,1200,稍重,新馬,5.75,1,2,1,1,0,0,0,0,0,0,0,0,0,0,0,0,0,0
13,芝,1200,重,新馬,5.32,1,0,0,1,0,0,0,0,0,0,0,0,0,0,0,0,0,0
14,芝,1200,不良,新馬,,0,0,0,0,0,0,0,0,0,0,0,0,0,0,0,0,0,0
15,芝,1200,全,1勝クラス,6.01,7,3,11,2,5,1,0,1,0,0,1,0,1,0,0,0,0,0
16,芝,1200,良,1勝クラス,6.32,4,2,9,0,4,1,0,0,0,0,1,0,1,0,0,0,0,0
17,芝,1200,稍重,1勝クラス,6.27,2,0,1,1,0,0,0,1,0,0,0,0,0,0,0,0,0,0
18,芝,1200,重,1勝クラス,3.93,1,1,1,1,1,0,0,0,0,0,0,0,0,0,0,0,0,0
19,芝,1200,不良,1勝クラス,,0,0,0,0,0,0,0,0,0,0,0,0,0,0,0,0,0,0
20,芝,1200,全,2勝クラス,5.52,7,13,3,1,4,2,2,1,1,0,0,1,1,0,0,0,0,0
21,芝,1200,良,2勝クラス,5.61,5,11,3,1,4,2,1,1,1,0,0,1,1,0,0,0,0,0
22,芝,1200,稍重,2勝クラス,1.6,2,0,0,0,0,0,0,0,0,0,0,0,0,0,0,0,0,0
23,芝,1200,重,2勝クラス,4.97,0,2,0,0,0,0,1,0,0,0,0,0,0,0,0,0,0,0
24,芝,1200,不良,2勝クラス,,0,0,0,0,0,0,0,0,0,0,0,0,0,0,0,0,0,0
25,芝,1200,全,3勝クラス,6.66,1,5,1,4,2,1,2,2,1,0,1,0,0,0,1,0,0,0
26,芝,1200,良,3勝クラス,6.7,1,5,0,2,1,1,1,2,1,0,1,0,0,0,1,0,0,0
27,芝,1200,稍重,3勝クラス,5.54,0,0,1,1,1,0,1,0,0,0,0,0,0,0,0,0,0,0
28,芝,1200,重,3勝クラス,4.5,0,0,0,1,0,0,0,0,0,0,0,0,0,0,0,0,0,0
29,芝,1200,不良,3勝クラス,,0,0,0,0,0,0,0,0,0,0,0,0,0,0,0,0,0,0
30,芝,1200,全,オープン,5.89,5,4,5,0,2,0,2,1,1,1,1,0,1,1,0,0,0,0
31,芝,1200,良,オープン,5.79,5,3,3,0,2,0,1,1,0,1,1,0,0,1,0,0,0,0
32,芝,1200,稍重,オープン,7.87,0,0,2,0,0,0,1,0,0,0,0,0,1,0,0,0,0,0
33,芝,1200,重,オープン,6.69,0,1,0,0,0,0,0,0,1,0,0,0,0,0,0,0,0,0
34,芝,1200,不良,オープン,,0,0,0,0,0,0,0,0,0,0,0,0,0,0,0,0,0,0
35,芝,1400,全,all,4.46,85,44,35,26,23,10,7,10,2,5,2,1,0,2,0,0,0,0
36,芝,1400,良,all,4.29,69,40,30,19,18,10,5,8,1,5,2,0,0,1,0,0,0,0
37,芝,1400,稍重,all,4.98,12,3,4,6,4,0,2,1,1,0,0,1,0,0,0,0,0,0
38,芝,1400,重,all,5.16,4,1,1,1,1,0,0,1,0,0,0,0,0,1,0,0,0,0
39,芝,1400,不良,all,,0,0,0,0,0,0,0,0,0,0,0,0,0,0,0,0,0,0
40,芝,1400,全,未勝利,3.16,21,7,11,2,6,2,1,1,1,0,0,0,0,1,0,0,0,0
41,芝,1400,良,未勝利,3.25,16,6,10,1,5,2,0,1,1,0,0,0,0,0,0,0,0,0
42,芝,1400,稍重,未勝利,3.61,4,1,0,1,1,0,1,0,0,0,0,0,0,0,0,0,0,0
43,芝,1400,重,未勝利,6.64,1,0,1,0,0,0,0,0,0,0,0,0,0,1,0,0,0,0
44,芝,1400,不良,未勝利,,0,0,0,0,0,0,0,0,0,0,0,0,0,0,0,0,0,0
45,芝,1400,全,新馬,4.83,16,5,4,1,4,2,3,1,0,0,0,0,0,1,0,0,0,0
46,芝,1400,良,新馬,3.96,14,5,3,0,3,2,2,1,0,0,0,0,0,1,0,0,0,0
47,芝,1400,稍重,新馬,5.39,1,0,1,1,0,0,1,0,0,0,0,0,0,0,0,0,0,0
48,芝,1400,重,新馬,4.02,1,0,0,0,1,0,0,0,0,0,0,0,0,0,0,0,0,0
49,芝,1400,不良,新馬,,0,0,0,0,0,0,0,0,0,0,0,0,0,0,0,0,0,0
50,芝,1400,全,1勝クラス,4.95,16,7,5,6,8,1,2,3,0,1,0,0,0,0,0,0,0,0
51,芝,1400,良,1勝クラス,4.94,12,4,3,5,6,1,2,1,0,1,0,0,0,0,0,0,0,0
52,芝,1400,稍重,1勝クラス,3.53,4,2,2,1,2,0,0,1,0,0,0,0,0,0,0,0,0,0
53,芝,1400,重,1勝クラス,6.94,0,1,0,0,0,0,0,1,0,0,0,0,0,0,0,0,0,0
54,芝,1400,不良,1勝クラス,,0,0,0,0,0,0,0,0,0,0,0,0,0,0,0,0,0,0
55,芝,1400,全,2勝クラス,3.96,19,12,7,3,1,3,1,0,1,1,0,0,0,0,0,0,0,0
56,芝,1400,良,2勝クラス,3.66,16,12,7,2,1,3,1,0,0,1,0,0,0,0,0,0,0,0
57,芝,1400,稍重,2勝クラス,3.72,3,0,0,0,0,0,0,0,1,0,0,0,0,0,0,0,0,0
58,芝,1400,重,2勝クラス,5.54,0,0,0,1,0,0,0,0,0,0,0,0,0,0,0,0,0,0
59,芝,1400,不良,2勝クラス,,0,0,0,0,0,0,0,0,0,0,0,0,0,0,0,0,0,0
60,芝,1400,全,3勝クラス,6.15,3,6,2,7,2,1,0,4,0,1,0,0,0,0,0,0,0,0
61,芝,1400,良,3勝クラス,6.32,2,6,2,5,2,1,0,4,0,1,0,0,0,0,0,0,0,0
62,芝,1400,稍重,3勝クラス,5.68,0,0,0,2,0,0,0,0,0,0,0,0,0,0,0,0,0,0
63,芝,1400,重,3勝クラス,1.29,1,0,0,0,0,0,0,0,0,0,0,0,0,0,0,0,0,0
64,芝,1400,不良,3勝クラス,,0,0,0,0,0,0,0,0,0,0,0,0,0,0,0,0,0,0
65,芝,1400,全,オープン,4.92,9,7,5,4,2,1,0,1,0,2,2,1,0,0,0,0,0,0
66,芝,1400,良,オープン,5.67,8,7,4,4,1,1,0,1,0,2,2,0,0,0,0,0,0,0
67,芝,1400,稍重,オープン,6.25,0,0,1,0,1,0,0,0,0,0,0,1,0,0,0,0,0,0
68,芝,1400,重,オープン,1.0,1,0,0,0,0,0,0,0,0,0,0,0,0,0,0,0,0,0
69,芝,1400,不良,オープン,,0,0,0,0,0,0,0,0,0,0,0,0,0,0,0,0,0,0
70,芝,1600,全,all,4.45,150,77,45,36,30,23,16,13,9,4,3,3,1,1,0,0,0,1
71,芝,1600,良,all,4.41,122,55,32,25,22,20,12,10,8,4,3,2,1,0,0,0,0,1
72,芝,1600,稍重,all,4.2,24,16,11,10,6,3,3,2,0,0,0,1,0,0,0,0,0,0
73,芝,1600,重,all,6.85,4,6,2,1,2,0,1,1,1,0,0,0,0,1,0,0,0,0
74,芝,1600,不良,all,,0,0,0,0,0,0,0,0,0,0,0,0,0,0,0,0,0,0
75,芝,1600,全,未勝利,4.11,40,19,16,12,9,8,3,5,1,0,1,2,1,0,0,0,0,0
76,芝,1600,良,未勝利,4.2,31,14,12,10,7,7,2,2,1,0,1,1,1,0,0,0,0,0
77,芝,1600,稍重,未勝利,3.82,8,4,3,2,2,1,1,2,0,0,0,1,0,0,0,0,0,0
78,芝,1600,重,未勝利,5.67,1,1,1,0,0,0,0,1,0,0,0,0,0,0,0,0,0,0
79,芝,1600,不良,未勝利,,0,0,0,0,0,0,0,0,0,0,0,0,0,0,0,0,0,0
80,芝,1600,全,新馬,4.89,20,11,1,4,6,3,3,5,2,0,1,0,0,0,0,0,0,0
81,芝,1600,良,新馬,5.22,17,8,1,3,6,3,2,5,2,0,1,0,0,0,0,0,0,0
82,芝,1600,稍重,新馬,4.96,2,3,0,1,0,0,1,0,0,0,0,0,0,0,0,0,0,0
83,芝,1600,重,新馬,1.38,1,0,0,0,0,0,0,0,0,0,0,0,0,0,0,0,0,0
84,芝,1600,不良,新馬,,0,0,0,0,0,0,0,0,0,0,0,0,0,0,0,0,0,0
85,芝,1600,全,1勝クラス,4.5,27,13,8,6,5,5,2,2,0,1,1,0,0,1,0,0,0,0
86,芝,1600,良,1勝クラス,4.45,22,9,6,2,4,5,2,2,0,1,1,0,0,0,0,0,0,0
87,芝,1600,稍重,1勝クラス,4.23,4,2,2,4,1,0,0,0,0,0,0,0,0,0,0,0,0,0
88,芝,1600,重,1勝クラス,5.24,1,2,0,0,0,0,0,0,0,0,0,0,0,1,0,0,0,0
89,芝,1600,不良,1勝クラス,,0,0,0,0,0,0,0,0,0,0,0,0,0,0,0,0,0,0
90,芝,1600,全,2勝クラス,4.58,22,11,6,6,2,3,1,0,0,0,0,0,0,0,0,0,0,0
91,芝,1600,良,2勝クラス,4.46,17,7,3,5,0,3,1,0,0,0,0,0,0,0,0,0,0,0
92,芝,1600,稍重,2勝クラス,4.22,5,4,2,0,1,0,0,0,0,0,0,0,0,0,0,0,0,0
93,芝,1600,重,2勝クラス,8.9,0,0,1,1,1,0,0,0,0,0,0,0,0,0,0,0,0,0
94,芝,1600,不良,2勝クラス,,0,0,0,0,0,0,0,0,0,0,0,0,0,0,0,0,0,0
95,芝,1600,全,3勝クラス,3.51,6,9,4,3,2,0,0,0,1,0,0,0,0,0,0,0,0,0
96,芝,1600,良,3勝クラス,3.36,5,7,2,2,2,0,0,0,1,0,0,0,0,0,0,0,0,0
97,芝,1600,稍重,3勝クラス,3.95,1,2,2,1,0,0,0,0,0,0,0,0,0,0,0,0,0,0
98,芝,1600,重,3勝クラス,,0,0,0,0,0,0,0,0,0,0,0,0,0,0,0,0,0,0
99,芝,1600,不良,3勝クラス,,0,0,0,0,0,0,0,0,0,0,0,0,0,0,0,0,0,0
100,芝,1600,全,オープン,4.42,31,14,8,5,4,4,6,1,5,2,0,1,0,0,0,0,0,1
101,芝,1600,良,オープン,4.0,26,10,6,3,1,2,4,1,4,2,0,1,0,0,0,0,0,1
102,芝,1600,稍重,オープン,4.3,4,1,2,2,2,2,1,0,0,0,0,0,0,0,0,0,0,0
103,芝,1600,重,オープン,4.74,1,3,0,0,1,0,1,0,1,0,0,0,0,0,0,0,0,0
104,芝,1600,不良,オープン,,0,0,0,0,0,0,0,0,0,0,0,0,0,0,0,0,0,0
105,芝,1800,全,all,4.87,106,59,32,27,28,14,9,6,3,3,2,2,1,0,0,0,0,0
106,芝,1800,良,all,4.62,89,50,26,20,20,11,7,3,2,3,1,1,1,0,0,0,0,0
107,芝,1800,稍重,all,5.23,15,9,6,5,4,3,2,3,1,0,0,0,0,0,0,0,0,0
108,芝,1800,重,all,8.02,2,0,0,1,4,0,0,0,0,0,1,1,0,0,0,0,0,0
109,芝,1800,不良,all,4.0,0,0,0,1,0,0,0,0,0,0,0,0,0,0,0,0,0,0
110,芝,1800,全,未勝利,3.97,42,17,6,8,10,5,4,2,0,2,2,1,0,0,0,0,0,0
111,芝,1800,良,未勝利,3.96,31,15,5,5,8,5,3,0,0,2,1,1,0,0,0,0,0,0
112,芝,1800,稍重,未勝利,3.39,10,2,1,2,2,0,1,2,0,0,0,0,0,0,0,0,0,0
113,芝,1800,重,未勝利,7.1,1,0,0,0,0,0,0,0,0,0,1,0,0,0,0,0,0,0
114,芝,1800,不良,未勝利,4.0,0,0,0,1,0,0,0,0,0,0,0,0,0,0,0,0,0,0
115,芝,1800,全,新馬,6.03,12,7,6,4,4,3,1,1,1,0,0,0,0,0,0,0,0,0
116,芝,1800,良,新馬,6.13,10,6,5,4,2,2,1,1,1,0,0,0,0,0,0,0,0,0
117,芝,1800,稍重,新馬,7.6,1,1,1,0,1,1,0,0,0,0,0,0,0,0,0,0,0,0
118,芝,1800,重,新馬,4.88,1,0,0,0,1,0,0,0,0,0,0,0,0,0,0,0,0,0
119,芝,1800,不良,新馬,,0,0,0,0,0,0,0,0,0,0,0,0,0,0,0,0,0,0
120,芝,1800,全,1勝クラス,4.59,27,9,8,7,5,2,1,0,1,0,0,0,0,0,0,0,0,0
121,芝,1800,良,1勝クラス,4.08,24,8,5,5,4,1,0,0,0,0,0,0,0,0,0,0,0,0
122,芝,1800,稍重,1勝クラス,5.08,3,1,3,1,0,1,1,0,1,0,0,0,0,0,0,0,0,0
123,芝,1800,重,1勝クラス,8.25,0,0,0,1,1,0,0,0,0,0,0,0,0,0,0,0,0,0
124,芝,1800,不良,1勝クラス,,0,0,0,0,0,0,0,0,0,0,0,0,0,0,0,0,0,0
125,芝,1800,全,2勝クラス,6.06,13,9,4,3,2,3,1,1,0,1,0,1,0,0,0,0,0,0
126,芝,1800,良,2勝クラス,5.34,12,7,3,2,2,2,1,0,0,1,0,0,0,0,0,0,0,0
127,芝,1800,稍重,2勝クラス,6.01,1,2,1,1,0,1,0,1,0,0,0,0,0,0,0,0,0,0
128,芝,1800,重,2勝クラス,16.62,0,0,0,0,0,0,0,0,0,0,0,1,0,0,0,0,0,0
129,芝,1800,不良,2勝クラス,,0,0,0,0,0,0,0,0,0,0,0,0,0,0,0,0,0,0
130,芝,1800,全,3勝クラス,4.93,7,5,5,4,2,0,0,1,1,0,0,0,0,0,0,0,0,0
131,芝,1800,良,3勝クラス,4.89,7,5,5,4,1,0,0,1,1,0,0,0,0,0,0,0,0,0
132,芝,1800,稍重,3勝クラス,,0,0,0,0,0,0,0,0,0,0,0,0,0,0,0,0,0,0
133,芝,1800,重,3勝クラス,6.0,0,0,0,0,1,0,0,0,0,0,0,0,0,0,0,0,0,0
134,芝,1800,不良,3勝クラス,,0,0,0,0,0,0,0,0,0,0,0,0,0,0,0,0,0,0
135,芝,1800,全,オープン,5.52,5,9,2,1,4,1,2,1,0,0,0,0,1,0,0,0,0,0
136,芝,1800,良,オープン,5.72,5,7,2,0,3,1,2,1,0,0,0,0,1,0,0,0,0,0
137,芝,1800,稍重,オープン,5.06,0,2,0,1,0,0,0,0,0,0,0,0,0,0,0,0,0,0
138,芝,1800,重,オープン,9.0,0,0,0,0,1,0,0,0,0,0,0,0,0,0,0,0,0,0
139,芝,1800,不良,オープン,,0,0,0,0,0,0,0,0,0,0,0,0,0,0,0,0,0,0
140,芝,2000,全,all,5.04,99,68,46,32,25,10,13,7,6,5,1,0,0,0,1,0,0,0
141,芝,2000,良,all,4.89,82,58,37,27,19,9,9,7,3,5,1,0,0,0,0,0,0,0
142,芝,2000,稍重,all,5.54,15,7,8,4,5,0,3,0,2,0,0,0,0,0,1,0,0,0
143,芝,2000,重,all,4.98,2,3,1,1,1,1,1,0,1,0,0,0,0,0,0,0,0,0
144,芝,2000,不良,all,,0,0,0,0,0,0,0,0,0,0,0,0,0,0,0,0,0,0
145,芝,2000,全,未勝利,4.44,31,20,13,9,8,4,3,4,2,1,0,0,0,0,1,0,0,0
146,芝,2000,良,未勝利,4.38,24,16,11,7,7,3,2,4,0,1,0,0,0,0,0,0,0,0
147,芝,2000,稍重,未勝利,5.04,7,2,2,2,0,0,1,0,1,0,0,0,0,0,1,0,0,0
148,芝,2000,重,未勝利,5.8,0,2,0,0,1,1,0,0,1,0,0,0,0,0,0,0,0,0
149,芝,2000,不良,未勝利,,0,0,0,0,0,0,0,0,0,0,0,0,0,0,0,0,0,0
150,芝,2000,全,新馬,4.46,14,12,5,3,4,0,1,0,0,0,0,0,0,0,0,0,0,0
151,芝,2000,良,新馬,4.53,12,12,4,3,3,0,1,0,0,0,0,0,0,0,0,0,0,0
152,芝,2000,稍重,新馬,4.54,2,0,1,0,1,0,0,0,0,0,0,0,0,0,0,0,0,0
153,芝,2000,重,新馬,,0,0,0,0,0,0,0,0,0,0,0,0,0,0,0,0,0,0
154,芝,2000,不良,新馬,,0,0,0,0,0,0,0,0,0,0,0,0,0,0,0,0,0,0
155,芝,2000,全,1勝クラス,5.74,16,12,12,6,2,1,2,0,0,0,1,0,0,0,0,0,0,0
156,芝,2000,良,1勝クラス,5.59,12,10,10,6,0,1,2,0,0,0,1,0,0,0,0,0,0,0
157,芝,2000,稍重,1勝クラス,6.91,2,2,1,0,2,0,0,0,0,0,0,0,0,0,0,0,0,0
158,芝,2000,重,1勝クラス,3.52,2,0,1,0,0,0,0,0,0,0,0,0,0,0,0,0,0,0
159,芝,2000,不良,1勝クラス,,0,0,0,0,0,0,0,0,0,0,0,0,0,0,0,0,0,0
160,芝,2000,全,2勝クラス,6.24,13,8,7,7,3,2,3,1,2,0,0,0,0,0,0,0,0,0
161,芝,2000,良,2勝クラス,5.46,11,7,5,6,2,2,1,1,1,0,0,0,0,0,0,0,0,0
162,芝,2000,稍重,2勝クラス,7.25,2,0,2,1,1,0,1,0,1,0,0,0,0,0,0,0,0,0
163,芝,2000,重,2勝クラス,8.1,0,1,0,0,0,0,1,0,0,0,0,0,0,0,0,0,0,0
164,芝,2000,不良,2勝クラス,,0,0,0,0,0,0,0,0,0,0,0,0,0,0,0,0,0,0
165,芝,2000,全,3勝クラス,5.08,9,3,3,3,3,2,1,0,1,1,0,0,0,0,0,0,0,0
166,芝,2000,良,3勝クラス,5.06,8,3,3,3,2,2,1,0,1,1,0,0,0,0,0,0,0,0
167,芝,2000,稍重,3勝クラス,4.36,1,0,0,0,1,0,0,0,0,0,0,0,0,0,0,0,0,0
168,芝,2000,重,3勝クラス,,0,0,0,0,0,0,0,0,0,0,0,0,0,0,0,0,0,0
169,芝,2000,不良,3勝クラス,,0,0,0,0,0,0,0,0,0,0,0,0,0,0,0,0,0,0
170,芝,2000,全,オープン,4.18,15,12,5,3,4,0,3,1,1,3,0,0,0,0,0,0,0,0
171,芝,2000,良,オープン,4.04,14,10,3,2,4,0,2,1,1,3,0,0,0,0,0,0,0,0
172,芝,2000,稍重,オープン,4.66,1,2,2,0,0,0,1,0,0,0,0,0,0,0,0,0,0,0
173,芝,2000,重,オープン,5.54,0,0,0,1,0,0,0,0,0,0,0,0,0,0,0,0,0,0
174,芝,2000,不良,オープン,,0,0,0,0,0,0,0,0,0,0,0,0,0,0,0,0,0,0
175,芝,2200,全,all,5.4,24,20,11,5,3,3,4,2,0,3,3,1,0,0,0,0,0,0
176,芝,2200,良,all,5.82,21,14,10,3,3,2,3,1,0,3,2,0,0,0,0,0,0,0
177,芝,2200,稍重,all,6.12,2,2,0,1,0,0,1,1,0,0,1,1,0,0,0,0,0,0
178,芝,2200,重,all,3.2,1,4,1,1,0,1,0,0,0,0,0,0,0,0,0,0,0,0
179,芝,2200,不良,all,,0,0,0,0,0,0,0,0,0,0,0,0,0,0,0,0,0,0
180,芝,2200,全,未勝利,3.55,10,2,2,2,0,1,0,1,0,1,1,0,0,0,0,0,0,0
181,芝,2200,良,未勝利,3.07,9,1,1,1,0,0,0,0,0,1,1,0,0,0,0,0,0,0
182,芝,2200,稍重,未勝利,3.75,1,0,0,1,0,0,0,1,0,0,0,0,0,0,0,0,0,0
183,芝,2200,重,未勝利,3.86,0,1,1,0,0,1,0,0,0,0,0,0,0,0,0,0,0,0
184,芝,2200,不良,未勝利,,0,0,0,0,0,0,0,0,0,0,0,0,0,0,0,0,0,0
185,芝,2200,全,新馬,,0,0,0,0,0,0,0,0,0,0,0,0,0,0,0,0,0,0
186,芝,2200,良,新馬,,0,0,0,0,0,0,0,0,0,0,0,0,0,0,0,0,0,0
187,芝,2200,稍重,新馬,,0,0,0,0,0,0,0,0,0,0,0,0,0,0,0,0,0,0
188,芝,2200,重,新馬,,0,0,0,0,0,0,0,0,0,0,0,0,0,0,0,0,0,0
189,芝,2200,不良,新馬,,0,0,0,0,0,0,0,0,0,0,0,0,0,0,0,0,0,0
190,芝,2200,全,1勝クラス,7.23,2,4,4,0,1,0,0,1,0,1,0,0,0,0,0,0,0,0
191,芝,2200,良,1勝クラス,7.26,2,3,4,0,1,0,0,1,0,1,0,0,0,0,0,0,0,0
192,芝,2200,稍重,1勝クラス,,0,0,0,0,0,0,0,0,0,0,0,0,0,0,0,0,0,0
193,芝,2200,重,1勝クラス,2.0,0,1,0,0,0,0,0,0,0,0,0,0,0,0,0,0,0,0
194,芝,2200,不良,1勝クラス,,0,0,0,0,0,0,0,0,0,0,0,0,0,0,0,0,0,0
195,芝,2200,全,2勝クラス,7.61,3,5,1,1,0,0,1,0,0,0,2,0,0,0,0,0,0,0
196,芝,2200,良,2勝クラス,7.66,1,5,1,1,0,0,1,0,0,0,1,0,0,0,0,0,0,0
197,芝,2200,稍重,2勝クラス,9.54,1,0,0,0,0,0,0,0,0,0,1,0,0,0,0,0,0,0
198,芝,2200,重,2勝クラス,1.29,1,0,0,0,0,0,0,0,0,0,0,0,0,0,0,0,0,0
199,芝,2200,不良,2勝クラス,,0,0,0,0,0,0,0,0,0,0,0,0,0,0,0,0,0,0
200,芝,2200,全,3勝クラス,4.96,1,4,1,1,1,1,1,0,0,0,0,0,0,0,0,0,0,0
201,芝,2200,良,3勝クラス,5.55,1,3,1,1,1,1,1,0,0,0,0,0,0,0,0,0,0,0
202,芝,2200,稍重,3勝クラス,,0,0,0,0,0,0,0,0,0,0,0,0,0,0,0,0,0,0
203,芝,2200,重,3勝クラス,2.0,0,1,0,0,0,0,0,0,0,0,0,0,0,0,0,0,0,0
204,芝,2200,不良,3勝クラス,,0,0,0,0,0,0,0,0,0,0,0,0,0,0,0,0,0,0
205,芝,2200,全,オープン,6.24,8,4,2,1,1,1,2,0,0,1,0,1,0,0,0,0,0,0
206,芝,2200,良,オープン,6.8,8,2,2,0,1,1,1,0,0,1,0,0,0,0,0,0,0,0
207,芝,2200,稍重,オープン,8.68,0,1,0,0,0,0,1,0,0,0,0,1,0,0,0,0,0,0
208,芝,2200,重,オープン,3.0,0,1,0,1,0,0,0,0,0,0,0,0,0,0,0,0,0,0
209,芝,2200,不良,オープン,,0,0,0,0,0,0,0,0,0,0,0,0,0,0,0,0,0,0
210,芝,2400,全,all,4.65,47,28,18,6,11,6,2,4,1,0,1,0,0,0,0,0,0,0
211,芝,2400,良,all,4.72,37,15,14,4,10,4,0,3,1,0,1,0,0,0,0,0,0,0
212,芝,2400,稍重,all,4.88,5,12,1,1,1,2,2,1,0,0,0,0,0,0,0,0,0,0
213,芝,2400,重,all,3.47,5,1,3,1,0,0,0,0,0,0,0,0,0,0,0,0,0,0
214,芝,2400,不良,all,,0,0,0,0,0,0,0,0,0,0,0,0,0,0,0,0,0,0
215,芝,2400,全,未勝利,4.07,9,10,6,0,5,1,1,0,0,0,1,0,0,0,0,0,0,0
216,芝,2400,良,未勝利,3.87,8,5,3,0,4,1,0,0,0,0,1,0,0,0,0,0,0,0
217,芝,2400,稍重,未勝利,3.99,0,4,0,0,1,0,1,0,0,0,0,0,0,0,0,0,0,0
218,芝,2400,重,未勝利,3.78,1,1,3,0,0,0,0,0,0,0,0,0,0,0,0,0,0,0
219,芝,2400,不良,未勝利,,0,0,0,0,0,0,0,0,0,0,0,0,0,0,0,0,0,0
220,芝,2400,全,新馬,,0,0,0,0,0,0,0,0,0,0,0,0,0,0,0,0,0,0
221,芝,2400,良,新馬,,0,0,0,0,0,0,0,0,0,0,0,0,0,0,0,0,0,0
222,芝,2400,稍重,新馬,,0,0,0,0,0,0,0,0,0,0,0,0,0,0,0,0,0,0
223,芝,2400,重,新馬,,0,0,0,0,0,0,0,0,0,0,0,0,0,0,0,0,0,0
224,芝,2400,不良,新馬,,0,0,0,0,0,0,0,0,0,0,0,0,0,0,0,0,0,0
225,芝,2400,全,1勝クラス,4.84,19,10,6,3,1,1,0,2,0,0,0,0,0,0,0,0,0,0
226,芝,2400,良,1勝クラス,4.25,15,6,5,2,1,1,0,1,0,0,0,0,0,0,0,0,0,0
227,芝,2400,稍重,1勝クラス,5.03,4,4,1,0,0,0,0,1,0,0,0,0,0,0,0,0,0,0
228,芝,2400,重,1勝クラス,12.0,0,0,0,1,0,0,0,0,0,0,0,0,0,0,0,0,0,0
229,芝,2400,不良,1勝クラス,,0,0,0,0,0,0,0,0,0,0,0,0,0,0,0,0,0,0
230,芝,2400,全,2勝クラス,4.42,13,4,4,2,2,0,0,1,0,0,0,0,0,0,0,0,0,0
231,芝,2400,良,2勝クラス,4.49,10,2,4,1,2,0,0,1,0,0,0,0,0,0,0,0,0,0
232,芝,2400,稍重,2勝クラス,3.55,1,2,0,1,0,0,0,0,0,0,0,0,0,0,0,0,0,0
233,芝,2400,重,2勝クラス,2.78,2,0,0,0,0,0,0,0,0,0,0,0,0,0,0,0,0,0
234,芝,2400,不良,2勝クラス,,0,0,0,0,0,0,0,0,0,0,0,0,0,0,0,0,0,0
235,芝,2400,全,3勝クラス,5.6,4,1,1,1,1,2,1,1,0,0,0,0,0,0,0,0,0,0
236,芝,2400,良,3勝クラス,5.72,2,1,1,1,1,1,0,1,0,0,0,0,0,0,0,0,0,0
237,芝,2400,稍重,3勝クラス,9.58,0,0,0,0,0,1,1,0,0,0,0,0,0,0,0,0,0,0
238,芝,2400,重,3勝クラス,1.62,2,0,0,0,0,0,0,0,0,0,0,0,0,0,0,0,0,0
239,芝,2400,不良,3勝クラス,,0,0,0,0,0,0,0,0,0,0,0,0,0,0,0,0,0,0
240,芝,2400,全,オープン,4.83,1,2,1,0,0,0,0,0,1,0,0,0,0,0,0,0,0,0
241,芝,2400,良,オープン,5.39,1,1,1,0,0,0,0,0,1,0,0,0,0,0,0,0,0,0
242,芝,2400,稍重,オープン,2.57,0,1,0,0,0,0,0,0,0,0,0,0,0,0,0,0,0,0
243,芝,2400,重,オープン,,0,0,0,0,0,0,0,0,0,0,0,0,0,0,0,0,0,0
244,芝,2400,不良,オープン,,0,0,0,0,0,0,0,0,0,0,0,0,0,0,0,0,0,0
245,芝,2600,全,all,3.8,12,2,3,2,1,0,0,0,1,0,0,0,0,0,0,0,0,0
246,芝,2600,良,all,3.6,9,2,2,1,1,0,0,0,0,0,0,0,0,0,0,0,0,0
247,芝,2600,稍重,all,5.09,3,0,1,1,0,0,0,0,1,0,0,0,0,0,0,0,0,0
248,芝,2600,重,all,,0,0,0,0,0,0,0,0,0,0,0,0,0,0,0,0,0,0
249,芝,2600,不良,all,,0,0,0,0,0,0,0,0,0,0,0,0,0,0,0,0,0,0
250,芝,2600,全,未勝利,1.22,2,0,0,0,0,0,0,0,0,0,0,0,0,0,0,0,0,0
251,芝,2600,良,未勝利,1.38,1,0,0,0,0,0,0,0,0,0,0,0,0,0,0,0,0,0
252,芝,2600,稍重,未勝利,1.06,1,0,0,0,0,0,0,0,0,0,0,0,0,0,0,0,0,0
253,芝,2600,重,未勝利,,0,0,0,0,0,0,0,0,0,0,0,0,0,0,0,0,0,0
254,芝,2600,不良,未勝利,,0,0,0,0,0,0,0,0,0,0,0,0,0,0,0,0,0,0
255,芝,2600,全,新馬,,0,0,0,0,0,0,0,0,0,0,0,0,0,0,0,0,0,0
256,芝,2600,良,新馬,,0,0,0,0,0,0,0,0,0,0,0,0,0,0,0,0,0,0
257,芝,2600,稍重,新馬,,0,0,0,0,0,0,0,0,0,0,0,0,0,0,0,0,0,0
258,芝,2600,重,新馬,,0,0,0,0,0,0,0,0,0,0,0,0,0,0,0,0,0,0
259,芝,2600,不良,新馬,,0,0,0,0,0,0,0,0,0,0,0,0,0,0,0,0,0,0
260,芝,2600,全,1勝クラス,2.3,2,1,0,0,0,0,0,0,0,0,0,0,0,0,0,0,0,0
261,芝,2600,良,1勝クラス,2.3,2,1,0,0,0,0,0,0,0,0,0,0,0,0,0,0,0,0
262,芝,2600,稍重,1勝クラス,,0,0,0,0,0,0,0,0,0,0,0,0,0,0,0,0,0,0
263,芝,2600,重,1勝クラス,,0,0,0,0,0,0,0,0,0,0,0,0,0,0,0,0,0,0
264,芝,2600,不良,1勝クラス,,0,0,0,0,0,0,0,0,0,0,0,0,0,0,0,0,0,0
265,芝,2600,全,2勝クラス,5.07,5,1,0,2,1,0,0,0,1,0,0,0,0,0,0,0,0,0
266,芝,2600,良,2勝クラス,4.58,4,1,0,1,1,0,0,0,0,0,0,0,0,0,0,0,0,0
267,芝,2600,稍重,2勝クラス,8.08,1,0,0,1,0,0,0,0,1,0,0,0,0,0,0,0,0,0
268,芝,2600,重,2勝クラス,,0,0,0,0,0,0,0,0,0,0,0,0,0,0,0,0,0,0
269,芝,2600,不良,2勝クラス,,0,0,0,0,0,0,0,0,0,0,0,0,0,0,0,0,0,0
270,芝,2600,全,3勝クラス,,0,0,0,0,0,0,0,0,0,0,0,0,0,0,0,0,0,0
271,芝,2600,良,3勝クラス,,0,0,0,0,0,0,0,0,0,0,0,0,0,0,0,0,0,0
272,芝,2600,稍重,3勝クラス,,0,0,0,0,0,0,0,0,0,0,0,0,0,0,0,0,0,0
273,芝,2600,重,3勝クラス,,0,0,0,0,0,0,0,0,0,0,0,0,0,0,0,0,0,0
274,芝,2600,不良,3勝クラス,,0,0,0,0,0,0,0,0,0,0,0,0,0,0,0,0,0,0
275,芝,2600,全,オープン,2.95,3,0,3,0,0,0,0,0,0,0,0,0,0,0,0,0,0,0
276,芝,2600,良,オープン,2.98,2,0,2,0,0,0,0,0,0,0,0,0,0,0,0,0,0,0
277,芝,2600,稍重,オープン,2.9,1,0,1,0,0,0,0,0,0,0,0,0,0,0,0,0,0,0
278,芝,2600,重,オープン,,0,0,0,0,0,0,0,0,0,0,0,0,0,0,0,0,0,0
279,芝,2600,不良,オープン,,0,0,0,0,0,0,0,0,0,0,0,0,0,0,0,0,0,0
280,芝,3000,全,all,3.81,5,6,1,3,0,0,0,0,0,0,0,1,0,0,0,0,0,0
281,芝,3000,良,all,4.42,4,4,0,3,0,0,0,0,0,0,0,1,0,0,0,0,0,0
282,芝,3000,稍重,all,2.02,1,1,0,0,0,0,0,0,0,0,0,0,0,0,0,0,0,0
283,芝,3000,重,all,3.58,0,1,1,0,0,0,0,0,0,0,0,0,0,0,0,0,0,0
284,芝,3000,不良,all,,0,0,0,0,0,0,0,0,0,0,0,0,0,0,0,0,0,0
285,芝,3000,全,未勝利,,0,0,0,0,0,0,0,0,0,0,0,0,0,0,0,0,0,0
286,芝,3000,良,未勝利,,0,0,0,0,0,0,0,0,0,0,0,0,0,0,0,0,0,0
287,芝,3000,稍重,未勝利,,0,0,0,0,0,0,0,0,0,0,0,0,0,0,0,0,0,0
288,芝,3000,重,未勝利,,0,0,0,0,0,0,0,0,0,0,0,0,0,0,0,0,0,0
289,芝,3000,不良,未勝利,,0,0,0,0,0,0,0,0,0,0,0,0,0,0,0,0,0,0
290,芝,3000,全,新馬,,0,0,0,0,0,0,0,0,0,0,0,0,0,0,0,0,0,0
291,芝,3000,良,新馬,,0,0,0,0,0,0,0,0,0,0,0,0,0,0,0,0,0,0
292,芝,3000,稍重,新馬,,0,0,0,0,0,0,0,0,0,0,0,0,0,0,0,0,0,0
293,芝,3000,重,新馬,,0,0,0,0,0,0,0,0,0,0,0,0,0,0,0,0,0,0
294,芝,3000,不良,新馬,,0,0,0,0,0,0,0,0,0,0,0,0,0,0,0,0,0,0
295,芝,3000,全,1勝クラス,,0,0,0,0,0,0,0,0,0,0,0,0,0,0,0,0,0,0
296,芝,3000,良,1勝クラス,,0,0,0,0,0,0,0,0,0,0,0,0,0,0,0,0,0,0
297,芝,3000,稍重,1勝クラス,,0,0,0,0,0,0,0,0,0,0,0,0,0,0,0,0,0,0
298,芝,3000,重,1勝クラス,,0,0,0,0,0,0,0,0,0,0,0,0,0,0,0,0,0,0
299,芝,3000,不良,1勝クラス,,0,0,0,0,0,0,0,0,0,0,0,0,0,0,0,0,0,0
300,芝,3000,全,2勝クラス,,0,0,0,0,0,0,0,0,0,0,0,0,0,0,0,0,0,0
301,芝,3000,良,2勝クラス,,0,0,0,0,0,0,0,0,0,0,0,0,0,0,0,0,0,0
302,芝,3000,稍重,2勝クラス,,0,0,0,0,0,0,0,0,0,0,0,0,0,0,0,0,0,0
303,芝,3000,重,2勝クラス,,0,0,0,0,0,0,0,0,0,0,0,0,0,0,0,0,0,0
304,芝,3000,不良,2勝クラス,,0,0,0,0,0,0,0,0,0,0,0,0,0,0,0,0,0,0
305,芝,3000,全,3勝クラス,5.42,2,2,0,1,0,0,0,0,0,0,0,1,0,0,0,0,0,0
306,芝,3000,良,3勝クラス,5.91,2,1,0,1,0,0,0,0,0,0,0,1,0,0,0,0,0,0
307,芝,3000,稍重,3勝クラス,,0,0,0,0,0,0,0,0,0,0,0,0,0,0,0,0,0,0
308,芝,3000,重,3勝クラス,3.0,0,1,0,0,0,0,0,0,0,0,0,0,0,0,0,0,0,0
309,芝,3000,不良,3勝クラス,,0,0,0,0,0,0,0,0,0,0,0,0,0,0,0,0,0,0
310,芝,3000,全,オープン,3.04,3,4,1,2,0,0,0,0,0,0,0,0,0,0,0,0,0,0
311,芝,3000,良,オープン,3.37,2,3,0,2,0,0,0,0,0,0,0,0,0,0,0,0,0,0
312,芝,3000,稍重,オープン,2.02,1,1,0,0,0,0,0,0,0,0,0,0,0,0,0,0,0,0
313,芝,3000,重,オープン,4.15,0,0,1,0,0,0,0,0,0,0,0,0,0,0,0,0,0,0
314,芝,3000,不良,オープン,,0,0,0,0,0,0,0,0,0,0,0,0,0,0,0,0,0,0
315,ダート,1200,全,all,3.93,152,101,58,40,35,31,11,14,9,4,1,4,0,1,0,0,0,0
316,ダート,1200,良,all,3.81,97,59,35,24,26,16,4,5,7,2,1,1,0,1,0,0,0,0
317,ダート,1200,稍重,all,3.52,37,26,9,10,4,7,3,3,1,1,0,2,0,0,0,0,0,0
318,ダート,1200,重,all,5.43,8,10,9,3,3,7,2,3,1,0,0,1,0,0,0,0,0,0
319,ダート,1200,不良,all,4.34,10,6,5,3,2,1,2,3,0,1,0,0,0,0,0,0,0,0
320,ダート,1200,全,未勝利,3.62,62,44,19,20,15,7,6,5,3,0,0,2,0,0,0,0,0,0
321,ダート,1200,良,未勝利,3.52,37,28,12,11,12,3,2,1,3,0,0,1,0,0,0,0,0,0
322,ダート,1200,稍重,未勝利,2.86,18,10,3,5,1,2,1,1,0,0,0,0,0,0,0,0,0,0
323,ダート,1200,重,未勝利,6.33,3,3,2,3,1,1,1,2,0,0,0,1,0,0,0,0,0,0
324,ダート,1200,不良,未勝利,4.61,4,3,2,1,1,1,2,1,0,0,0,0,0,0,0,0,0,0
325,ダート,1200,全,新馬,3.88,11,8,1,1,4,1,0,1,0,0,0,1,0,0,0,0,0,0
326,ダート,1200,良,新馬,4.0,8,4,1,1,4,0,0,0,0,0,0,0,0,0,0,0,0,0
327,ダート,1200,稍重,新馬,8.06,0,1,0,0,0,1,0,1,0,0,0,1,0,0,0,0,0,0
328,ダート,1200,重,新馬,2.59,1,2,0,0,0,0,0,0,0,0,0,0,0,0,0,0,0,0
329,ダート,1200,不良,新馬,1.96,2,1,0,0,0,0,0,0,0,0,0,0,0,0,0,0,0,0
330,ダート,1200,全,1勝クラス,4.42,38,21,21,9,9,12,0,5,2,3,0,0,0,0,0,0,0,0
331,ダート,1200,良,1勝クラス,4.53,22,14,9,4,6,8,0,3,1,2,0,0,0,0,0,0,0,0
332,ダート,1200,稍重,1勝クラス,4.82,11,5,4,3,1,2,0,1,1,1,0,0,0,0,0,0,0,0
333,ダート,1200,重,1勝クラス,5.06,3,1,5,0,1,2,0,0,0,0,0,0,0,0,0,0,0,0
334,ダート,1200,不良,1勝クラス,4.27,2,1,3,2,1,0,0,1,0,0,0,0,0,0,0,0,0,0
335,ダート,1200,全,2勝クラス,4.33,22,13,8,4,3,7,4,2,2,1,1,1,0,0,0,0,0,0
336,ダート,1200,良,2勝クラス,3.55,17,9,6,3,1,3,2,1,2,0,1,0,0,0,0,0,0,0
337,ダート,1200,稍重,2勝クラス,4.39,4,2,1,1,2,1,1,0,0,0,0,1,0,0,0,0,0,0
338,ダート,1200,重,2勝クラス,6.03,0,2,1,0,0,3,1,1,0,0,0,0,0,0,0,0,0,0
339,ダート,1200,不良,2勝クラス,6.18,1,0,0,0,0,0,0,0,0,1,0,0,0,0,0,0,0,0
340,ダート,1200,全,3勝クラス,4.91,11,6,5,3,3,2,0,1,1,0,0,0,0,1,0,0,0,0
341,ダート,1200,良,3勝クラス,4.82,8,2,3,3,2,1,0,0,1,0,0,0,0,1,0,0,0,0
342,ダート,1200,稍重,3勝クラス,3.82,1,1,1,0,0,1,0,0,0,0,0,0,0,0,0,0,0,0
343,ダート,1200,重,3勝クラス,3.18,1,2,1,0,1,0,0,0,0,0,0,0,0,0,0,0,0,0
344,ダート,1200,不良,3勝クラス,3.37,1,1,0,0,0,0,0,1,0,0,0,0,0,0,0,0,0,0
345,ダート,1200,全,オープン,3.04,4,5,2,3,1,2,0,0,1,0,0,0,0,0,0,0,0,0
346,ダート,1200,良,オープン,2.79,3,2,2,2,1,1,0,0,0,0,0,0,0,0,0,0,0,0
347,ダート,1200,稍重,オープン,2.12,1,3,0,1,0,0,0,0,0,0,0,0,0,0,0,0,0,0
348,ダート,1200,重,オープン,8.66,0,0,0,0,0,1,0,0,1,0,0,0,0,0,0,0,0,0
349,ダート,1200,不良,オープン,,0,0,0,0,0,0,0,0,0,0,0,0,0,0,0,0,0,0
350,ダート,1400,全,all,3.98,197,108,64,69,44,17,23,12,16,7,4,3,5,4,0,0,0,0
351,ダート,1400,良,all,4.15,118,65,41,50,28,11,14,9,10,3,3,2,2,2,0,0,0,0
352,ダート,1400,稍重,all,3.34,48,27,15,7,11,3,6,2,3,2,1,0,1,1,0,0,0,0
353,ダート,1400,重,all,4.78,18,8,6,11,2,3,3,1,1,1,0,1,2,1,0,0,0,0
354,ダート,1400,不良,all,2.59,13,8,2,1,3,0,0,0,2,1,0,0,0,0,0,0,0,0
355,ダート,1400,全,未勝利,3.39,86,45,24,28,13,9,5,3,5,1,1,0,2,1,0,0,0,0
356,ダート,1400,良,未勝利,3.47,53,26,14,20,9,5,4,1,4,0,1,0,0,1,0,0,0,0
357,ダート,1400,稍重,未勝利,3.18,13,10,8,3,3,2,1,1,0,1,0,0,1,0,0,0,0,0
358,ダート,1400,重,未勝利,3.9,11,3,1,4,0,2,0,1,0,0,0,0,1,0,0,0,0,0
359,ダート,1400,不良,未勝利,2.3,9,6,1,1,1,0,0,0,1,0,0,0,0,0,0,0,0,0
360,ダート,1400,全,新馬,4.99,8,9,6,2,3,3,2,2,1,0,1,0,0,1,0,0,0,0
361,ダート,1400,良,新馬,5.32,4,5,6,2,2,3,1,2,1,0,1,0,0,0,0,0,0,0
362,ダート,1400,稍重,新馬,4.38,4,3,0,0,1,0,1,0,0,0,0,0,0,1,0,0,0,0
363,ダート,1400,重,新馬,2.25,0,1,0,0,0,0,0,0,0,0,0,0,0,0,0,0,0,0
364,ダート,1400,不良,新馬,,0,0,0,0,0,0,0,0,0,0,0,0,0,0,0,0,0,0
365,ダート,1400,全,1勝クラス,4.02,54,27,14,14,11,3,5,3,4,2,0,2,2,0,0,0,0,0
366,ダート,1400,良,1勝クラス,4.23,32,19,10,13,8,2,3,2,1,1,0,2,1,0,0,0,0,0
367,ダート,1400,稍重,1勝クラス,3.2,16,5,3,0,0,1,0,1,1,0,0,0,0,0,0,0,0,0
368,ダート,1400,重,1勝クラス,5.91,3,2,0,1,2,0,2,0,1,1,0,0,1,0,0,0,0,0
369,ダート,1400,不良,1勝クラス,3.59,3,1,1,0,1,0,0,0,1,0,0,0,0,0,0,0,0,0
370,ダート,1400,全,2勝クラス,4.5,27,12,9,10,5,1,3,3,3,2,0,1,0,2,0,0,0,0
371,ダート,1400,良,2勝クラス,4.09,20,8,5,6,2,1,1,3,2,1,0,0,0,1,0,0,0,0
372,ダート,1400,稍重,2勝クラス,3.45,7,2,2,1,3,0,2,0,1,0,0,0,0,0,0,0,0,0
373,ダート,1400,重,2勝クラス,7.22,0,2,2,3,0,0,0,0,0,0,0,1,0,1,0,0,0,0
374,ダート,1400,不良,2勝クラス,11.25,0,0,0,0,0,0,0,0,0,1,0,0,0,0,0,0,0,0
375,ダート,1400,全,3勝クラス,4.76,10,5,5,5,4,1,2,0,0,1,2,0,1,0,0,0,0,0
376,ダート,1400,良,3勝クラス,6.1,4,1,5,2,3,0,1,0,0,1,1,0,1,0,0,0,0,0
377,ダート,1400,稍重,3勝クラス,3.71,3,3,0,1,1,0,0,0,0,0,1,0,0,0,0,0,0,0
378,ダート,1400,重,3勝クラス,4.31,2,0,0,2,0,1,1,0,0,0,0,0,0,0,0,0,0,0
379,ダート,1400,不良,3勝クラス,1.68,1,1,0,0,0,0,0,0,0,0,0,0,0,0,0,0,0,0
380,ダート,1400,全,オープン,4.65,9,6,5,8,6,0,4,1,1,1,0,0,0,0,0,0,0,0
381,ダート,1400,良,オープン,4.58,5,4,1,6,3,0,3,1,1,0,0,0,0,0,0,0,0,0
382,ダート,1400,稍重,オープン,5.1,2,2,1,1,2,0,1,0,0,1,0,0,0,0,0,0,0,0
383,ダート,1400,重,オープン,3.19,2,0,3,1,0,0,0,0,0,0,0,0,0,0,0,0,0,0
384,ダート,1400,不良,オープン,5.62,0,0,0,0,1,0,0,0,0,0,0,0,0,0,0,0,0,0
385,ダート,1600,全,all,,0,0,0,0,0,0,0,0,0,0,0,0,0,0,0,0,0,0
386,ダート,1600,良,all,,0,0,0,0,0,0,0,0,0,0,0,0,0,0,0,0,0,0
387,ダート,1600,稍重,all,,0,0,0,0,0,0,0,0,0,0,0,0,0,0,0,0,0,0
388,ダート,1600,重,all,,0,0,0,0,0,0,0,0,0,0,0,0,0,0,0,0,0,0
389,ダート,1600,不良,all,,0,0,0,0,0,0,0,0,0,0,0,0,0,0,0,0,0,0
390,ダート,1600,全,未勝利,,0,0,0,0,0,0,0,0,0,0,0,0,0,0,0,0,0,0
391,ダート,1600,良,未勝利,,0,0,0,0,0,0,0,0,0,0,0,0,0,0,0,0,0,0
392,ダート,1600,稍重,未勝利,,0,0,0,0,0,0,0,0,0,0,0,0,0,0,0,0,0,0
393,ダート,1600,重,未勝利,,0,0,0,0,0,0,0,0,0,0,0,0,0,0,0,0,0,0
394,ダート,1600,不良,未勝利,,0,0,0,0,0,0,0,0,0,0,0,0,0,0,0,0,0,0
395,ダート,1600,全,新馬,,0,0,0,0,0,0,0,0,0,0,0,0,0,0,0,0,0,0
396,ダート,1600,良,新馬,,0,0,0,0,0,0,0,0,0,0,0,0,0,0,0,0,0,0
397,ダート,1600,稍重,新馬,,0,0,0,0,0,0,0,0,0,0,0,0,0,0,0,0,0,0
398,ダート,1600,重,新馬,,0,0,0,0,0,0,0,0,0,0,0,0,0,0,0,0,0,0
399,ダート,1600,不良,新馬,,0,0,0,0,0,0,0,0,0,0,0,0,0,0,0,0,0,0
400,ダート,1600,全,1勝クラス,,0,0,0,0,0,0,0,0,0,0,0,0,0,0,0,0,0,0
401,ダート,1600,良,1勝クラス,,0,0,0,0,0,0,0,0,0,0,0,0,0,0,0,0,0,0
402,ダート,1600,稍重,1勝クラス,,0,0,0,0,0,0,0,0,0,0,0,0,0,0,0,0,0,0
403,ダート,1600,重,1勝クラス,,0,0,0,0,0,0,0,0,0,0,0,0,0,0,0,0,0,0
404,ダート,1600,不良,1勝クラス,,0,0,0,0,0,0,0,0,0,0,0,0,0,0,0,0,0,0
405,ダート,1600,全,2勝クラス,,0,0,0,0,0,0,0,0,0,0,0,0,0,0,0,0,0,0
406,ダート,1600,良,2勝クラス,,0,0,0,0,0,0,0,0,0,0,0,0,0,0,0,0,0,0
407,ダート,1600,稍重,2勝クラス,,0,0,0,0,0,0,0,0,0,0,0,0,0,0,0,0,0,0
408,ダート,1600,重,2勝クラス,,0,0,0,0,0,0,0,0,0,0,0,0,0,0,0,0,0,0
409,ダート,1600,不良,2勝クラス,,0,0,0,0,0,0,0,0,0,0,0,0,0,0,0,0,0,0
410,ダート,1600,全,3勝クラス,,0,0,0,0,0,0,0,0,0,0,0,0,0,0,0,0,0,0
411,ダート,1600,良,3勝クラス,,0,0,0,0,0,0,0,0,0,0,0,0,0,0,0,0,0,0
412,ダート,1600,稍重,3勝クラス,,0,0,0,0,0,0,0,0,0,0,0,0,0,0,0,0,0,0
413,ダート,1600,重,3勝クラス,,0,0,0,0,0,0,0,0,0,0,0,0,0,0,0,0,0,0
414,ダート,1600,不良,3勝クラス,,0,0,0,0,0,0,0,0,0,0,0,0,0,0,0,0,0,0
415,ダート,1600,全,オープン,,0,0,0,0,0,0,0,0,0,0,0,0,0,0,0,0,0,0
416,ダート,1600,良,オープン,,0,0,0,0,0,0,0,0,0,0,0,0,0,0,0,0,0,0
417,ダート,1600,稍重,オープン,,0,0,0,0,0,0,0,0,0,0,0,0,0,0,0,0,0,0
418,ダート,1600,重,オープン,,0,0,0,0,0,0,0,0,0,0,0,0,0,0,0,0,0,0
419,ダート,1600,不良,オープン,,0,0,0,0,0,0,0,0,0,0,0,0,0,0,0,0,0,0
420,ダート,1800,全,all,4.37,311,180,128,81,59,51,28,21,17,2,11,0,3,2,1,0,0,0
421,ダート,1800,良,all,4.59,197,112,80,62,40,35,20,18,12,2,6,0,1,1,1,0,0,0
422,ダート,1800,稍重,all,4.2,63,39,22,14,12,13,4,2,2,0,2,0,1,1,0,0,0,0
423,ダート,1800,重,all,3.91,32,16,15,2,5,2,2,1,2,0,2,0,1,0,0,0,0,0
424,ダート,1800,不良,all,3.59,19,13,11,3,2,1,2,0,1,0,1,0,0,0,0,0,0,0
425,ダート,1800,全,未勝利,4.01,129,84,65,37,20,16,11,9,7,1,3,0,0,0,0,0,0,0
426,ダート,1800,良,未勝利,4.22,78,49,40,27,13,11,6,8,3,1,2,0,0,0,0,0,0,0
427,ダート,1800,稍重,未勝利,4.14,26,18,10,7,6,4,3,1,2,0,1,0,0,0,0,0,0,0
428,ダート,1800,重,未勝利,3.68,13,9,6,1,0,1,1,0,1,0,0,0,0,0,0,0,0,0
429,ダート,1800,不良,未勝利,3.41,12,8,9,2,1,0,1,0,1,0,0,0,0,0,0,0,0,0
430,ダート,1800,全,新馬,4.94,16,12,9,4,3,4,3,1,2,0,1,0,1,1,0,0,0,0
431,ダート,1800,良,新馬,5.02,11,8,7,4,3,3,3,1,2,0,0,0,1,0,0,0,0,0
432,ダート,1800,稍重,新馬,5.36,4,3,1,0,0,1,0,0,0,0,1,0,0,1,0,0,0,0
433,ダート,1800,重,新馬,2.41,1,1,1,0,0,0,0,0,0,0,0,0,0,0,0,0,0,0
434,ダート,1800,不良,新馬,,0,0,0,0,0,0,0,0,0,0,0,0,0,0,0,0,0,0
435,ダート,1800,全,1勝クラス,4.74,86,41,34,20,18,18,7,7,4,0,2,0,0,0,0,0,0,0
436,ダート,1800,良,1勝クラス,5.15,58,25,18,15,13,13,6,6,3,0,2,0,0,0,0,0,0,0
437,ダート,1800,稍重,1勝クラス,5.2,15,8,8,3,3,4,0,1,0,0,0,0,0,0,0,0,0,0
438,ダート,1800,重,1勝クラス,4.13,7,3,7,1,1,0,1,0,1,0,0,0,0,0,0,0,0,0
439,ダート,1800,不良,1勝クラス,3.52,6,5,1,1,1,1,0,0,0,0,0,0,0,0,0,0,0,0
440,ダート,1800,全,2勝クラス,4.17,43,25,12,12,11,5,4,3,1,1,3,0,0,0,0,0,0,0
441,ダート,1800,良,2勝クラス,4.21,30,19,10,10,6,3,3,3,1,1,1,0,0,0,0,0,0,0
442,ダート,1800,稍重,2勝クラス,4.16,7,3,1,2,2,2,0,0,0,0,0,0,0,0,0,0,0,0
443,ダート,1800,重,2勝クラス,4.01,5,3,0,0,3,0,0,0,0,0,2,0,0,0,0,0,0,0
444,ダート,1800,不良,2勝クラス,4.73,1,0,1,0,0,0,1,0,0,0,0,0,0,0,0,0,0,0
445,ダート,1800,全,3勝クラス,4.8,17,10,4,5,2,3,2,0,2,0,1,0,2,0,1,0,0,0
446,ダート,1800,良,3勝クラス,5.02,10,6,3,4,1,2,1,0,2,0,0,0,0,0,1,0,0,0
447,ダート,1800,稍重,3勝クラス,3.57,5,4,0,1,0,0,1,0,0,0,0,0,1,0,0,0,0,0
448,ダート,1800,重,3勝クラス,7.02,2,0,1,0,1,1,0,0,0,0,0,0,1,0,0,0,0,0
449,ダート,1800,不良,3勝クラス,12.38,0,0,0,0,0,0,0,0,0,0,1,0,0,0,0,0,0,0
450,ダート,1800,全,オープン,4.28,10,4,2,1,3,4,0,1,1,0,1,0,0,0,0,0,0,0
451,ダート,1800,良,オープン,4.8,5,3,1,1,3,3,0,0,1,0,1,0,0,0,0,0,0,0
452,ダート,1800,稍重,オープン,3.38,1,1,1,0,0,1,0,0,0,0,0,0,0,0,0,0,0,0
453,ダート,1800,重,オープン,2.5,4,0,0,0,0,0,0,1,0,0,0,0,0,0,0,0,0,0
454,ダート,1800,不良,オープン,,0,0,0,0,0,0,0,0,0,0,0,0,0,0,0,0,0,0
455,ダート,2000,全,all,4.82,54,27,21,11,7,8,10,3,4,2,3,0,1,0,0,0,0,0
456,ダート,2000,良,all,5.29,34,11,13,6,5,5,9,3,2,2,3,0,1,0,0,0,0,0
457,ダート,2000,稍重,all,3.81,8,14,5,2,2,3,0,0,0,0,0,0,0,0,0,0,0,0
458,ダート,2000,重,all,3.45,7,1,3,2,0,0,0,0,2,0,0,0,0,0,0,0,0,0
459,ダート,2000,不良,all,4.01,5,1,0,1,0,0,1,0,0,0,0,0,0,0,0,0,0,0
460,ダート,2000,全,未勝利,5.05,14,12,6,5,2,2,5,0,1,1,2,0,0,0,0,0,0,0
461,ダート,2000,良,未勝利,5.6,9,4,4,4,2,2,4,0,0,1,2,0,0,0,0,0,0,0
462,ダート,2000,稍重,未勝利,2.8,3,8,1,0,0,0,0,0,0,0,0,0,0,0,0,0,0,0
463,ダート,2000,重,未勝利,5.57,1,0,1,1,0,0,0,0,1,0,0,0,0,0,0,0,0,0
464,ダート,2000,不良,未勝利,6.37,1,0,0,0,0,0,1,0,0,0,0,0,0,0,0,0,0,0
465,ダート,2000,全,新馬,,0,0,0,0,0,0,0,0,0,0,0,0,0,0,0,0,0,0
466,ダート,2000,良,新馬,,0,0,0,0,0,0,0,0,0,0,0,0,0,0,0,0,0,0
467,ダート,2000,稍重,新馬,,0,0,0,0,0,0,0,0,0,0,0,0,0,0,0,0,0,0
468,ダート,2000,重,新馬,,0,0,0,0,0,0,0,0,0,0,0,0,0,0,0,0,0,0
469,ダート,2000,不良,新馬,,0,0,0,0,0,0,0,0,0,0,0,0,0,0,0,0,0,0
470,ダート,2000,全,1勝クラス,6.36,13,4,7,2,1,1,1,0,2,1,1,0,0,0,0,0,0,0
471,ダート,2000,良,1勝クラス,6.6,8,2,5,1,1,0,1,0,1,1,1,0,0,0,0,0,0,0
472,ダート,2000,稍重,1勝クラス,6.19,1,1,2,1,0,1,0,0,0,0,0,0,0,0,0,0,0,0
473,ダート,2000,重,1勝クラス,5.45,2,1,0,0,0,0,0,0,1,0,0,0,0,0,0,0,0,0
474,ダート,2000,不良,1勝クラス,1.9,2,0,0,0,0,0,0,0,0,0,0,0,0,0,0,0,0,0
475,ダート,2000,全,2勝クラス,2.9,16,6,3,4,2,1,1,0,0,0,0,0,0,0,0,0,0,0
476,ダート,2000,良,2勝クラス,3.11,10,2,1,1,2,1,1,0,0,0,0,0,0,0,0,0,0,0
477,ダート,2000,稍重,2勝クラス,3.32,1,3,2,1,0,0,0,0,0,0,0,0,0,0,0,0,0,0
478,ダート,2000,重,2勝クラス,2.29,3,0,0,1,0,0,0,0,0,0,0,0,0,0,0,0,0,0
479,ダート,2000,不良,2勝クラス,3.39,2,1,0,1,0,0,0,0,0,0,0,0,0,0,0,0,0,0
480,ダート,2000,全,3勝クラス,4.43,6,2,3,0,0,2,1,1,0,0,0,0,1,0,0,0,0,0
481,ダート,2000,良,3勝クラス,5.6,5,2,1,0,0,1,1,1,0,0,0,0,1,0,0,0,0,0
482,ダート,2000,稍重,3勝クラス,7.2,0,0,0,0,0,1,0,0,0,0,0,0,0,0,0,0,0,0
483,ダート,2000,重,3勝クラス,2.48,1,0,2,0,0,0,0,0,0,0,0,0,0,0,0,0,0,0
484,ダート,2000,不良,3勝クラス,,0,0,0,0,0,0,0,0,0,0,0,0,0,0,0,0,0,0
485,ダート,2000,全,オープン,5.6,3,2,2,0,0,2,2,2,1,0,0,0,0,0,0,0,0,0
486,ダート,2000,良,オープン,6.05,1,1,2,0,0,1,2,2,1,0,0,0,0,0,0,0,0,0
487,ダート,2000,稍重,オープン,2.81,2,1,0,0,0,1,0,0,0,0,0,0,0,0,0,0,0,0
488,ダート,2000,重,オープン,,0,0,0,0,0,0,0,0,0,0,0,0,0,0,0,0,0,0
489,ダート,2000,不良,オープン,,0,0,0,0,0,0,0,0,0,0,0,0,0,0,0,0,0,0
490,ダート,2200,全,all,,0,0,0,0,0,0,0,0,0,0,0,0,0,0,0,0,0,0
491,ダート,2200,良,all,,0,0,0,0,0,0,0,0,0,0,0,0,0,0,0,0,0,0
492,ダート,2200,稍重,all,,0,0,0,0,0,0,0,0,0,0,0,0,0,0,0,0,0,0
493,ダート,2200,重,all,,0,0,0,0,0,0,0,0,0,0,0,0,0,0,0,0,0,0
494,ダート,2200,不良,all,,0,0,0,0,0,0,0,0,0,0,0,0,0,0,0,0,0,0
495,ダート,2200,全,未勝利,,0,0,0,0,0,0,0,0,0,0,0,0,0,0,0,0,0,0
496,ダート,2200,良,未勝利,,0,0,0,0,0,0,0,0,0,0,0,0,0,0,0,0,0,0
497,ダート,2200,稍重,未勝利,,0,0,0,0,0,0,0,0,0,0,0,0,0,0,0,0,0,0
498,ダート,2200,重,未勝利,,0,0,0,0,0,0,0,0,0,0,0,0,0,0,0,0,0,0
499,ダート,2200,不良,未勝利,,0,0,0,0,0,0,0,0,0,0,0,0,0,0,0,0,0,0
500,ダート,2200,全,新馬,,0,0,0,0,0,0,0,0,0,0,0,0,0,0,0,0,0,0
501,ダート,2200,良,新馬,,0,0,0,0,0,0,0,0,0,0,0,0,0,0,0,0,0,0
502,ダート,2200,稍重,新馬,,0,0,0,0,0,0,0,0,0,0,0,0,0,0,0,0,0,0
503,ダート,2200,重,新馬,,0,0,0,0,0,0,0,0,0,0,0,0,0,0,0,0,0,0
504,ダート,2200,不良,新馬,,0,0,0,0,0,0,0,0,0,0,0,0,0,0,0,0,0,0
505,ダート,2200,全,1勝クラス,,0,0,0,0,0,0,0,0,0,0,0,0,0,0,0,0,0,0
506,ダート,2200,良,1勝クラス,,0,0,0,0,0,0,0,0,0,0,0,0,0,0,0,0,0,0
507,ダート,2200,稍重,1勝クラス,,0,0,0,0,0,0,0,0,0,0,0,0,0,0,0,0,0,0
508,ダート,2200,重,1勝クラス,,0,0,0,0,0,0,0,0,0,0,0,0,0,0,0,0,0,0
509,ダート,2200,不良,1勝クラス,,0,0,0,0,0,0,0,0,0,0,0,0,0,0,0,0,0,0
510,ダート,2200,全,2勝クラス,,0,0,0,0,0,0,0,0,0,0,0,0,0,0,0,0,0,0
511,ダート,2200,良,2勝クラス,,0,0,0,0,0,0,0,0,0,0,0,0,0,0,0,0,0,0
512,ダート,2200,稍重,2勝クラス,,0,0,0,0,0,0,0,0,0,0,0,0,0,0,0,0,0,0
513,ダート,2200,重,2勝クラス,,0,0,0,0,0,0,0,0,0,0,0,0,0,0,0,0,0,0
514,ダート,2200,不良,2勝クラス,,0,0,0,0,0,0,0,0,0,0,0,0,0,0,0,0,0,0
515,ダート,2200,全,3勝クラス,,0,0,0,0,0,0,0,0,0,0,0,0,0,0,0,0,0,0
516,ダート,2200,良,3勝クラス,,0,0,0,0,0,0,0,0,0,0,0,0,0,0,0,0,0,0
517,ダート,2200,稍重,3勝クラス,,0,0,0,0,0,0,0,0,0,0,0,0,0,0,0,0,0,0
518,ダート,2200,重,3勝クラス,,0,0,0,0,0,0,0,0,0,0,0,0,0,0,0,0,0,0
519,ダート,2200,不良,3勝クラス,,0,0,0,0,0,0,0,0,0,0,0,0,0,0,0,0,0,0
520,ダート,2200,全,オープン,,0,0,0,0,0,0,0,0,0,0,0,0,0,0,0,0,0,0
521,ダート,2200,良,オープン,,0,0,0,0,0,0,0,0,0,0,0,0,0,0,0,0,0,0
522,ダート,2200,稍重,オープン,,0,0,0,0,0,0,0,0,0,0,0,0,0,0,0,0,0,0
523,ダート,2200,重,オープン,,0,0,0,0,0,0,0,0,0,0,0,0,0,0,0,0,0,0
524,ダート,2200,不良,オープン,,0,0,0,0,0,0,0,0,0,0,0,0,0,0,0,0,0,0
525,ダート,2400,全,all,,0,0,0,0,0,0,0,0,0,0,0,0,0,0,0,0,0,0
526,ダート,2400,良,all,,0,0,0,0,0,0,0,0,0,0,0,0,0,0,0,0,0,0
527,ダート,2400,稍重,all,,0,0,0,0,0,0,0,0,0,0,0,0,0,0,0,0,0,0
528,ダート,2400,重,all,,0,0,0,0,0,0,0,0,0,0,0,0,0,0,0,0,0,0
529,ダート,2400,不良,all,,0,0,0,0,0,0,0,0,0,0,0,0,0,0,0,0,0,0
530,ダート,2400,全,未勝利,,0,0,0,0,0,0,0,0,0,0,0,0,0,0,0,0,0,0
531,ダート,2400,良,未勝利,,0,0,0,0,0,0,0,0,0,0,0,0,0,0,0,0,0,0
532,ダート,2400,稍重,未勝利,,0,0,0,0,0,0,0,0,0,0,0,0,0,0,0,0,0,0
533,ダート,2400,重,未勝利,,0,0,0,0,0,0,0,0,0,0,0,0,0,0,0,0,0,0
534,ダート,2400,不良,未勝利,,0,0,0,0,0,0,0,0,0,0,0,0,0,0,0,0,0,0
535,ダート,2400,全,新馬,,0,0,0,0,0,0,0,0,0,0,0,0,0,0,0,0,0,0
536,ダート,2400,良,新馬,,0,0,0,0,0,0,0,0,0,0,0,0,0,0,0,0,0,0
537,ダート,2400,稍重,新馬,,0,0,0,0,0,0,0,0,0,0,0,0,0,0,0,0,0,0
538,ダート,2400,重,新馬,,0,0,0,0,0,0,0,0,0,0,0,0,0,0,0,0,0,0
539,ダート,2400,不良,新馬,,0,0,0,0,0,0,0,0,0,0,0,0,0,0,0,0,0,0
540,ダート,2400,全,1勝クラス,,0,0,0,0,0,0,0,0,0,0,0,0,0,0,0,0,0,0
541,ダート,2400,良,1勝クラス,,0,0,0,0,0,0,0,0,0,0,0,0,0,0,0,0,0,0
542,ダート,2400,稍重,1勝クラス,,0,0,0,0,0,0,0,0,0,0,0,0,0,0,0,0,0,0
543,ダート,2400,重,1勝クラス,,0,0,0,0,0,0,0,0,0,0,0,0,0,0,0,0,0,0
544,ダート,2400,不良,1勝クラス,,0,0,0,0,0,0,0,0,0,0,0,0,0,0,0,0,0,0
545,ダート,2400,全,2勝クラス,,0,0,0,0,0,0,0,0,0,0,0,0,0,0,0,0,0,0
546,ダート,2400,良,2勝クラス,,0,0,0,0,0,0,0,0,0,0,0,0,0,0,0,0,0,0
547,ダート,2400,稍重,2勝クラス,,0,0,0,0,0,0,0,0,0,0,0,0,0,0,0,0,0,0
548,ダート,2400,重,2勝クラス,,0,0,0,0,0,0,0,0,0,0,0,0,0,0,0,0,0,0
549,ダート,2400,不良,2勝クラス,,0,0,0,0,0,0,0,0,0,0,0,0,0,0,0,0,0,0
550,ダート,2400,全,3勝クラス,,0,0,0,0,0,0,0,0,0,0,0,0,0,0,0,0,0,0
551,ダート,2400,良,3勝クラス,,0,0,0,0,0,0,0,0,0,0,0,0,0,0,0,0,0,0
552,ダート,2400,稍重,3勝クラス,,0,0,0,0,0,0,0,0,0,0,0,0,0,0,0,0,0,0
553,ダート,2400,重,3勝クラス,,0,0,0,0,0,0,0,0,0,0,0,0,0,0,0,0,0,0
554,ダート,2400,不良,3勝クラス,,0,0,0,0,0,0,0,0,0,0,0,0,0,0,0,0,0,0
555,ダート,2400,全,オープン,,0,0,0,0,0,0,0,0,0,0,0,0,0,0,0,0,0,0
556,ダート,2400,良,オープン,,0,0,0,0,0,0,0,0,0,0,0,0,0,0,0,0,0,0
557,ダート,2400,稍重,オープン,,0,0,0,0,0,0,0,0,0,0,0,0,0,0,0,0,0,0
558,ダート,2400,重,オープン,,0,0,0,0,0,0,0,0,0,0,0,0,0,0,0,0,0,0
559,ダート,2400,不良,オープン,,0,0,0,0,0,0,0,0,0,0,0,0,0,0,0,0,0,0
560,ダート,2600,全,all,,0,0,0,0,0,0,0,0,0,0,0,0,0,0,0,0,0,0
561,ダート,2600,良,all,,0,0,0,0,0,0,0,0,0,0,0,0,0,0,0,0,0,0
562,ダート,2600,稍重,all,,0,0,0,0,0,0,0,0,0,0,0,0,0,0,0,0,0,0
563,ダート,2600,重,all,,0,0,0,0,0,0,0,0,0,0,0,0,0,0,0,0,0,0
564,ダート,2600,不良,all,,0,0,0,0,0,0,0,0,0,0,0,0,0,0,0,0,0,0
565,ダート,2600,全,未勝利,,0,0,0,0,0,0,0,0,0,0,0,0,0,0,0,0,0,0
566,ダート,2600,良,未勝利,,0,0,0,0,0,0,0,0,0,0,0,0,0,0,0,0,0,0
567,ダート,2600,稍重,未勝利,,0,0,0,0,0,0,0,0,0,0,0,0,0,0,0,0,0,0
568,ダート,2600,重,未勝利,,0,0,0,0,0,0,0,0,0,0,0,0,0,0,0,0,0,0
569,ダート,2600,不良,未勝利,,0,0,0,0,0,0,0,0,0,0,0,0,0,0,0,0,0,0
570,ダート,2600,全,新馬,,0,0,0,0,0,0,0,0,0,0,0,0,0,0,0,0,0,0
571,ダート,2600,良,新馬,,0,0,0,0,0,0,0,0,0,0,0,0,0,0,0,0,0,0
572,ダート,2600,稍重,新馬,,0,0,0,0,0,0,0,0,0,0,0,0,0,0,0,0,0,0
573,ダート,2600,重,新馬,,0,0,0,0,0,0,0,0,0,0,0,0,0,0,0,0,0,0
574,ダート,2600,不良,新馬,,0,0,0,0,0,0,0,0,0,0,0,0,0,0,0,0,0,0
575,ダート,2600,全,1勝クラス,,0,0,0,0,0,0,0,0,0,0,0,0,0,0,0,0,0,0
576,ダート,2600,良,1勝クラス,,0,0,0,0,0,0,0,0,0,0,0,0,0,0,0,0,0,0
577,ダート,2600,稍重,1勝クラス,,0,0,0,0,0,0,0,0,0,0,0,0,0,0,0,0,0,0
578,ダート,2600,重,1勝クラス,,0,0,0,0,0,0,0,0,0,0,0,0,0,0,0,0,0,0
579,ダート,2600,不良,1勝クラス,,0,0,0,0,0,0,0,0,0,0,0,0,0,0,0,0,0,0
580,ダート,2600,全,2勝クラス,,0,0,0,0,0,0,0,0,0,0,0,0,0,0,0,0,0,0
581,ダート,2600,良,2勝クラス,,0,0,0,0,0,0,0,0,0,0,0,0,0,0,0,0,0,0
582,ダート,2600,稍重,2勝クラス,,0,0,0,0,0,0,0,0,0,0,0,0,0,0,0,0,0,0
583,ダート,2600,重,2勝クラス,,0,0,0,0,0,0,0,0,0,0,0,0,0,0,0,0,0,0
584,ダート,2600,不良,2勝クラス,,0,0,0,0,0,0,0,0,0,0,0,0,0,0,0,0,0,0
585,ダート,2600,全,3勝クラス,,0,0,0,0,0,0,0,0,0,0,0,0,0,0,0,0,0,0
586,ダート,2600,良,3勝クラス,,0,0,0,0,0,0,0,0,0,0,0,0,0,0,0,0,0,0
587,ダート,2600,稍重,3勝クラス,,0,0,0,0,0,0,0,0,0,0,0,0,0,0,0,0,0,0
588,ダート,2600,重,3勝クラス,,0,0,0,0,0,0,0,0,0,0,0,0,0,0,0,0,0,0
589,ダート,2600,不良,3勝クラス,,0,0,0,0,0,0,0,0,0,0,0,0,0,0,0,0,0,0
590,ダート,2600,全,オープン,,0,0,0,0,0,0,0,0,0,0,0,0,0,0,0,0,0,0
591,ダート,2600,良,オープン,,0,0,0,0,0,0,0,0,0,0,0,0,0,0,0,0,0,0
592,ダート,2600,稍重,オープン,,0,0,0,0,0,0,0,0,0,0,0,0,0,0,0,0,0,0
593,ダート,2600,重,オープン,,0,0,0,0,0,0,0,0,0,0,0,0,0,0,0,0,0,0
594,ダート,2600,不良,オープン,,0,0,0,0,0,0,0,0,0,0,0,0,0,0,0,0,0,0
595,ダート,3000,全,all,,0,0,0,0,0,0,0,0,0,0,0,0,0,0,0,0,0,0
596,ダート,3000,良,all,,0,0,0,0,0,0,0,0,0,0,0,0,0,0,0,0,0,0
597,ダート,3000,稍重,all,,0,0,0,0,0,0,0,0,0,0,0,0,0,0,0,0,0,0
598,ダート,3000,重,all,,0,0,0,0,0,0,0,0,0,0,0,0,0,0,0,0,0,0
599,ダート,3000,不良,all,,0,0,0,0,0,0,0,0,0,0,0,0,0,0,0,0,0,0
600,ダート,3000,全,未勝利,,0,0,0,0,0,0,0,0,0,0,0,0,0,0,0,0,0,0
601,ダート,3000,良,未勝利,,0,0,0,0,0,0,0,0,0,0,0,0,0,0,0,0,0,0
602,ダート,3000,稍重,未勝利,,0,0,0,0,0,0,0,0,0,0,0,0,0,0,0,0,0,0
603,ダート,3000,重,未勝利,,0,0,0,0,0,0,0,0,0,0,0,0,0,0,0,0,0,0
604,ダート,3000,不良,未勝利,,0,0,0,0,0,0,0,0,0,0,0,0,0,0,0,0,0,0
605,ダート,3000,全,新馬,,0,0,0,0,0,0,0,0,0,0,0,0,0,0,0,0,0,0
606,ダート,3000,良,新馬,,0,0,0,0,0,0,0,0,0,0,0,0,0,0,0,0,0,0
607,ダート,3000,稍重,新馬,,0,0,0,0,0,0,0,0,0,0,0,0,0,0,0,0,0,0
608,ダート,3000,重,新馬,,0,0,0,0,0,0,0,0,0,0,0,0,0,0,0,0,0,0
609,ダート,3000,不良,新馬,,0,0,0,0,0,0,0,0,0,0,0,0,0,0,0,0,0,0
610,ダート,3000,全,1勝クラス,,0,0,0,0,0,0,0,0,0,0,0,0,0,0,0,0,0,0
611,ダート,3000,良,1勝クラス,,0,0,0,0,0,0,0,0,0,0,0,0,0,0,0,0,0,0
612,ダート,3000,稍重,1勝クラス,,0,0,0,0,0,0,0,0,0,0,0,0,0,0,0,0,0,0
613,ダート,3000,重,1勝クラス,,0,0,0,0,0,0,0,0,0,0,0,0,0,0,0,0,0,0
614,ダート,3000,不良,1勝クラス,,0,0,0,0,0,0,0,0,0,0,0,0,0,0,0,0,0,0
615,ダート,3000,全,2勝クラス,,0,0,0,0,0,0,0,0,0,0,0,0,0,0,0,0,0,0
616,ダート,3000,良,2勝クラス,,0,0,0,0,0,0,0,0,0,0,0,0,0,0,0,0,0,0
617,ダート,3000,稍重,2勝クラス,,0,0,0,0,0,0,0,0,0,0,0,0,0,0,0,0,0,0
618,ダート,3000,重,2勝クラス,,0,0,0,0,0,0,0,0,0,0,0,0,0,0,0,0,0,0
619,ダート,3000,不良,2勝クラス,,0,0,0,0,0,0,0,0,0,0,0,0,0,0,0,0,0,0
620,ダート,3000,全,3勝クラス,,0,0,0,0,0,0,0,0,0,0,0,0,0,0,0,0,0,0
621,ダート,3000,良,3勝クラス,,0,0,0,0,0,0,0,0,0,0,0,0,0,0,0,0,0,0
622,ダート,3000,稍重,3勝クラス,,0,0,0,0,0,0,0,0,0,0,0,0,0,0,0,0,0,0
623,ダート,3000,重,3勝クラス,,0,0,0,0,0,0,0,0,0,0,0,0,0,0,0,0,0,0
624,ダート,3000,不良,3勝クラス,,0,0,0,0,0,0,0,0,0,0,0,0,0,0,0,0,0,0
625,ダート,3000,全,オープン,,0,0,0,0,0,0,0,0,0,0,0,0,0,0,0,0,0,0
626,ダート,3000,良,オープン,,0,0,0,0,0,0,0,0,0,0,0,0,0,0,0,0,0,0
627,ダート,3000,稍重,オープン,,0,0,0,0,0,0,0,0,0,0,0,0,0,0,0,0,0,0
628,ダート,3000,重,オープン,,0,0,0,0,0,0,0,0,0,0,0,0,0,0,0,0,0,0
629,ダート,3000,不良,オープン,,0,0,0,0,0,0,0,0,0,0,0,0,0,0,0,0,0,0
